INSERT INTO `user` VALUES (1, "Ομάδα 78", "123@gmail.com", 1234); 

INSERT INTO `Category` VALUES (1, "Φρέσκα προϊόντα");
INSERT INTO `Category` VALUES (2, "Είδη κάβας");
INSERT INTO `Category` VALUES (3, "Είδη σπιτίου");
INSERT INTO `Category` VALUES (4, "Είδη προσωπικής περιποίησης");
INSERT INTO `Category` VALUES (5, "Είδη ψυγείου");
INSERT INTO `Category` VALUES (6, "Προϊόντα για κατοικίδια");

INSERT INTO `STORE` VALUES (1, "400 τ.μ", "08:00-21:00", "ΑΘΉΝΑ", "15340", "Ερμού", 12);
INSERT INTO `STORE_has_Category` VALUES (1, 1);
INSERT INTO `STORE_has_Category` VALUES (1, 2);
INSERT INTO `STORE_has_Category` VALUES (1, 3);
INSERT INTO `STORE_has_Category` VALUES (1, 4);
INSERT INTO `STORE_has_Category` VALUES (1, 5);
INSERT INTO `STORE_has_Category` VALUES (1, 6);

INSERT INTO `STORE` VALUES (2, "450 τ.μ", "08:00-21:00", "ΠΆΤΡΑ", 13432, "Κορίνθου", 127);
INSERT INTO `STORE_has_Category` VALUES (2, 1);
INSERT INTO `STORE_has_Category` VALUES (2, 2);
INSERT INTO `STORE_has_Category` VALUES (2, 3);
INSERT INTO `STORE_has_Category` VALUES (2, 4);
INSERT INTO `STORE_has_Category` VALUES (2, 5);
INSERT INTO `STORE_has_Category` VALUES (2, 6);

INSERT INTO `STORE` VALUES (3, "300 τ.μ", "08:00-21:00", "ΠΆΤΡΑ", 13430, "Αγίου Νικολάου", 67);
INSERT INTO `STORE_has_Category` VALUES (3, 1);
INSERT INTO `STORE_has_Category` VALUES (3, 2);
INSERT INTO `STORE_has_Category` VALUES (3, 3);
INSERT INTO `STORE_has_Category` VALUES (3, 4);
INSERT INTO `STORE_has_Category` VALUES (3, 5);
INSERT INTO `STORE_has_Category` VALUES (3, 6);

INSERT INTO `STORE` VALUES (4, "375 τ.μ", "08:00-21:00", "ΑΘΉΝΑ", 15344, "Κλεισθένους", 100);
INSERT INTO `STORE_has_Category` VALUES (4, 1);
INSERT INTO `STORE_has_Category` VALUES (4, 2);
INSERT INTO `STORE_has_Category` VALUES (4, 3);
INSERT INTO `STORE_has_Category` VALUES (4, 4);
INSERT INTO `STORE_has_Category` VALUES (4, 5);
INSERT INTO `STORE_has_Category` VALUES (4, 6);

INSERT INTO `STORE` VALUES (5, "400 τ.μ", "08:00-21:00", "ΘΕΣΣΑΛΟΝΊΚΗ", 17897, "Κασσάνδρου", 55);
INSERT INTO `STORE_has_Category` VALUES (5, 1);
INSERT INTO `STORE_has_Category` VALUES (5, 2);
INSERT INTO `STORE_has_Category` VALUES (5, 3);
INSERT INTO `STORE_has_Category` VALUES (5, 4);
INSERT INTO `STORE_has_Category` VALUES (5, 5);
INSERT INTO `STORE_has_Category` VALUES (5, 6);

INSERT INTO `STORE` VALUES (6, "400 τ.μ", "08:00-21:00", "ΗΡΆΚΛΕΙΟ", 10923, "Αιόλου", 47);
INSERT INTO `STORE_has_Category` VALUES (6, 1);
INSERT INTO `STORE_has_Category` VALUES (6, 2);
INSERT INTO `STORE_has_Category` VALUES (6, 3);
INSERT INTO `STORE_has_Category` VALUES (6, 4);
INSERT INTO `STORE_has_Category` VALUES (6, 5);
INSERT INTO `STORE_has_Category` VALUES (6, 6);

INSERT INTO `STORE` VALUES (7, "500 τ.μ", "08:00-21:00", "ΚΑΒΆΛΑ", 19456, "Λυκούργου", 7);
INSERT INTO `STORE_has_Category` VALUES (7, 1);
INSERT INTO `STORE_has_Category` VALUES (7, 2);
INSERT INTO `STORE_has_Category` VALUES (7, 3);
INSERT INTO `STORE_has_Category` VALUES (7, 4);
INSERT INTO `STORE_has_Category` VALUES (7, 5);
INSERT INTO `STORE_has_Category` VALUES (7, 6);

INSERT INTO `STORE` VALUES (8, "500 τ.μ", "08:00-21:00", "ΑΘΉΝΑ", 15267, "Σταδίου", 95);
INSERT INTO `STORE_has_Category` VALUES (8, 1);
INSERT INTO `STORE_has_Category` VALUES (8, 2);
INSERT INTO `STORE_has_Category` VALUES (8, 3);
INSERT INTO `STORE_has_Category` VALUES (8, 4);
INSERT INTO `STORE_has_Category` VALUES (8, 5);
INSERT INTO `STORE_has_Category` VALUES (8, 6);

INSERT INTO `STORE` VALUES (9, "450 τ.μ", "08:00-21:00", "ΑΛΕΞΑΝΔΡΟΎΠΟΛΗ", 17634, "Λεωνίδα", 80);
INSERT INTO `STORE_has_Category` VALUES (9, 1);
INSERT INTO `STORE_has_Category` VALUES (9, 2);
INSERT INTO `STORE_has_Category` VALUES (9, 3);
INSERT INTO `STORE_has_Category` VALUES (9, 4);
INSERT INTO `STORE_has_Category` VALUES (9, 5);
INSERT INTO `STORE_has_Category` VALUES (9, 6);

INSERT INTO `STORE` VALUES (10, "400 τ.μ", "08:00-21:00", "ΘΕΣΣΑΛΟΝΊΚΗ", 17890, "Τσιμισκή", 10);
INSERT INTO `STORE_has_Category` VALUES (10, 1);
INSERT INTO `STORE_has_Category` VALUES (10, 2);
INSERT INTO `STORE_has_Category` VALUES (10, 3);
INSERT INTO `STORE_has_Category` VALUES (10, 4);
INSERT INTO `STORE_has_Category` VALUES (10, 5);
INSERT INTO `STORE_has_Category` VALUES (10, 6);

INSERT INTO `Store_Phone#` VALUES
('6976534111', 1),
('6976534112', 1),
('6976534113', 1),
('6976534114', 2),
('6976534115', 2),
('6976534116', 3),
('6976534117', 4),
('6976534118', 4),
('6976534119', 5),
('6976534121', 6),
('6976534122', 7),
('6976534123', 7),
('6976534124', 8),
('6976534125', 8),
('6976534126', 9),
('6976534127', 9),
('6976534128', 10);

INSERT INTO `PRODUCT` VALUES (10001, "Ντομάτες", 1, 1.80, 1, "2018-01-01");
INSERT INTO `STORE_has_PRODUCT` VALUES (1, 10001, 1, 1, 1);
INSERT INTO `STORE_has_PRODUCT` VALUES (2, 10001, 1, 1, 1);
INSERT INTO `STORE_has_PRODUCT` VALUES (3, 10001, 1, 1, 1);
INSERT INTO `STORE_has_PRODUCT` VALUES (4, 10001, 1, 1, 1);
INSERT INTO `STORE_has_PRODUCT` VALUES (5, 10001, 1, 1, 1);
INSERT INTO `STORE_has_PRODUCT` VALUES (6, 10001, 1, 1, 1);
INSERT INTO `STORE_has_PRODUCT` VALUES (7, 10001, 1, 1, 1);
INSERT INTO `STORE_has_PRODUCT` VALUES (8, 10001, 1, 1, 1);
INSERT INTO `STORE_has_PRODUCT` VALUES (9, 10001, 1, 1, 1);
INSERT INTO `STORE_has_PRODUCT` VALUES (10, 10001, 1, 1, 1);

INSERT INTO `PRODUCT` VALUES (10002, "Αγγούρια", 1, 1.00, 1, "2018-01-01");
INSERT INTO `STORE_has_PRODUCT` VALUES (1, 10002, 1, 1, 2);
INSERT INTO `STORE_has_PRODUCT` VALUES (2, 10002, 1, 1, 2);
INSERT INTO `STORE_has_PRODUCT` VALUES (3, 10002, 1, 1, 2);
INSERT INTO `STORE_has_PRODUCT` VALUES (4, 10002, 1, 1, 2);
INSERT INTO `STORE_has_PRODUCT` VALUES (5, 10002, 1, 1, 2);
INSERT INTO `STORE_has_PRODUCT` VALUES (6, 10002, 1, 1, 2);
INSERT INTO `STORE_has_PRODUCT` VALUES (7, 10002, 1, 1, 2);
INSERT INTO `STORE_has_PRODUCT` VALUES (8, 10002, 1, 1, 2);
INSERT INTO `STORE_has_PRODUCT` VALUES (9, 10002, 1, 1, 2);
INSERT INTO `STORE_has_PRODUCT` VALUES (10, 10002, 1, 1, 2);

INSERT INTO `PRODUCT` VALUES (10003, "Πιπερίες", 0, 2.00, 1, "2018-01-01");
INSERT INTO `STORE_has_PRODUCT` VALUES (1, 10003, 1, 1, 3);
INSERT INTO `STORE_has_PRODUCT` VALUES (2, 10003, 1, 1, 3);
INSERT INTO `STORE_has_PRODUCT` VALUES (3, 10003, 1, 1, 3);
INSERT INTO `STORE_has_PRODUCT` VALUES (4, 10003, 1, 1, 3);
INSERT INTO `STORE_has_PRODUCT` VALUES (5, 10003, 1, 1, 3);
INSERT INTO `STORE_has_PRODUCT` VALUES (6, 10003, 1, 1, 3);
INSERT INTO `STORE_has_PRODUCT` VALUES (7, 10003, 1, 1, 3);
INSERT INTO `STORE_has_PRODUCT` VALUES (8, 10003, 1, 1, 3);
INSERT INTO `STORE_has_PRODUCT` VALUES (9, 10003, 1, 1, 3);
INSERT INTO `STORE_has_PRODUCT` VALUES (10, 10003, 1, 1, 3);

INSERT INTO `PRODUCT` VALUES (10004, "Ντοματίνια", 0, 3.00, 1, "2018-01-01");
INSERT INTO `STORE_has_PRODUCT` VALUES (1, 10004, 1, 1, 4);
INSERT INTO `STORE_has_PRODUCT` VALUES (2, 10004, 1, 1, 4);
INSERT INTO `STORE_has_PRODUCT` VALUES (3, 10004, 1, 1, 4);
INSERT INTO `STORE_has_PRODUCT` VALUES (4, 10004, 1, 1, 4);
INSERT INTO `STORE_has_PRODUCT` VALUES (5, 10004, 1, 1, 4);
INSERT INTO `STORE_has_PRODUCT` VALUES (6, 10004, 1, 1, 4);
INSERT INTO `STORE_has_PRODUCT` VALUES (7, 10004, 1, 1, 4);
INSERT INTO `STORE_has_PRODUCT` VALUES (8, 10004, 1, 1, 4);
INSERT INTO `STORE_has_PRODUCT` VALUES (9, 10004, 1, 1, 4);
INSERT INTO `STORE_has_PRODUCT` VALUES (10, 10004, 1, 1, 4);

INSERT INTO `PRODUCT` VALUES (10005, "Καρότα", 0, 0.70, 1, "2018-01-01");
INSERT INTO `STORE_has_PRODUCT` VALUES (1, 10005, 1, 1, 5);
INSERT INTO `STORE_has_PRODUCT` VALUES (2, 10005, 1, 1, 5);
INSERT INTO `STORE_has_PRODUCT` VALUES (3, 10005, 1, 1, 5);
INSERT INTO `STORE_has_PRODUCT` VALUES (4, 10005, 1, 1, 5);
INSERT INTO `STORE_has_PRODUCT` VALUES (5, 10005, 1, 1, 5);
INSERT INTO `STORE_has_PRODUCT` VALUES (6, 10005, 1, 1, 5);
INSERT INTO `STORE_has_PRODUCT` VALUES (7, 10005, 1, 1, 5);
INSERT INTO `STORE_has_PRODUCT` VALUES (8, 10005, 1, 1, 5);
INSERT INTO `STORE_has_PRODUCT` VALUES (9, 10005, 1, 1, 5);
INSERT INTO `STORE_has_PRODUCT` VALUES (10, 10005, 1, 1, 5);

INSERT INTO `PRODUCT` VALUES (10006, "Μαρούλια", 1, 1.10, 1, "2018-01-01");
INSERT INTO `STORE_has_PRODUCT` VALUES (1, 10006, 1, 1, 6);
INSERT INTO `STORE_has_PRODUCT` VALUES (2, 10006, 1, 1, 6);
INSERT INTO `STORE_has_PRODUCT` VALUES (3, 10006, 1, 1, 6);
INSERT INTO `STORE_has_PRODUCT` VALUES (4, 10006, 1, 1, 6);
INSERT INTO `STORE_has_PRODUCT` VALUES (5, 10006, 1, 1, 6);
INSERT INTO `STORE_has_PRODUCT` VALUES (6, 10006, 1, 1, 6);
INSERT INTO `STORE_has_PRODUCT` VALUES (7, 10006, 1, 1, 6);
INSERT INTO `STORE_has_PRODUCT` VALUES (8, 10006, 1, 1, 6);
INSERT INTO `STORE_has_PRODUCT` VALUES (9, 10006, 1, 1, 6);
INSERT INTO `STORE_has_PRODUCT` VALUES (10, 10006, 1, 1, 6);

INSERT INTO `PRODUCT` VALUES (10007, "Λάχανο", 0, 0.95, 1, "2018-01-01");
INSERT INTO `STORE_has_PRODUCT` VALUES (1, 10007, 1, 1, 7);
INSERT INTO `STORE_has_PRODUCT` VALUES (2, 10007, 1, 1, 7);
INSERT INTO `STORE_has_PRODUCT` VALUES (3, 10007, 1, 1, 7);
INSERT INTO `STORE_has_PRODUCT` VALUES (4, 10007, 1, 1, 7);
INSERT INTO `STORE_has_PRODUCT` VALUES (5, 10007, 1, 1, 7);
INSERT INTO `STORE_has_PRODUCT` VALUES (6, 10007, 1, 1, 7);
INSERT INTO `STORE_has_PRODUCT` VALUES (7, 10007, 1, 1, 7);
INSERT INTO `STORE_has_PRODUCT` VALUES (8, 10007, 1, 1, 7);
INSERT INTO `STORE_has_PRODUCT` VALUES (9, 10007, 1, 1, 7);
INSERT INTO `STORE_has_PRODUCT` VALUES (10, 10007, 1, 1, 7);

INSERT INTO `PRODUCT` VALUES (10008, "Ρόκα", 0, 3.50, 1, "2018-01-01");
INSERT INTO `STORE_has_PRODUCT` VALUES (1, 10008, 1, 1, 8);
INSERT INTO `STORE_has_PRODUCT` VALUES (2, 10008, 1, 1, 8);
INSERT INTO `STORE_has_PRODUCT` VALUES (3, 10008, 1, 1, 8);
INSERT INTO `STORE_has_PRODUCT` VALUES (4, 10008, 1, 1, 8);
INSERT INTO `STORE_has_PRODUCT` VALUES (5, 10008, 1, 1, 8);
INSERT INTO `STORE_has_PRODUCT` VALUES (6, 10008, 1, 1, 8);
INSERT INTO `STORE_has_PRODUCT` VALUES (7, 10008, 1, 1, 8);
INSERT INTO `STORE_has_PRODUCT` VALUES (8, 10008, 1, 1, 8);
INSERT INTO `STORE_has_PRODUCT` VALUES (9, 10008, 1, 1, 8);
INSERT INTO `STORE_has_PRODUCT` VALUES (10, 10008, 1, 1, 8);

INSERT INTO `PRODUCT` VALUES (10009, "Πατάτες", 0, 0.45, 1, "2018-01-01");
INSERT INTO `STORE_has_PRODUCT` VALUES (1, 10009, 1, 1, 9);
INSERT INTO `STORE_has_PRODUCT` VALUES (2, 10009, 1, 1, 9);
INSERT INTO `STORE_has_PRODUCT` VALUES (3, 10009, 1, 1, 9);
INSERT INTO `STORE_has_PRODUCT` VALUES (4, 10009, 1, 1, 9);
INSERT INTO `STORE_has_PRODUCT` VALUES (5, 10009, 1, 1, 9);
INSERT INTO `STORE_has_PRODUCT` VALUES (6, 10009, 1, 1, 9);
INSERT INTO `STORE_has_PRODUCT` VALUES (7, 10009, 1, 1, 9);
INSERT INTO `STORE_has_PRODUCT` VALUES (8, 10009, 1, 1, 9);
INSERT INTO `STORE_has_PRODUCT` VALUES (9, 10009, 1, 1, 9);
INSERT INTO `STORE_has_PRODUCT` VALUES (10, 10009, 1, 1, 9);

INSERT INTO `PRODUCT` VALUES (10010, "Μελιτζάνες", 0, 1.40, 1, "2018-01-01");
INSERT INTO `STORE_has_PRODUCT` VALUES (1, 10010, 1, 1, 10);
INSERT INTO `STORE_has_PRODUCT` VALUES (2, 10010, 1, 1, 10);
INSERT INTO `STORE_has_PRODUCT` VALUES (3, 10010, 1, 1, 10);
INSERT INTO `STORE_has_PRODUCT` VALUES (4, 10010, 1, 1, 10);
INSERT INTO `STORE_has_PRODUCT` VALUES (5, 10010, 1, 1, 10);
INSERT INTO `STORE_has_PRODUCT` VALUES (6, 10010, 1, 1, 10);
INSERT INTO `STORE_has_PRODUCT` VALUES (7, 10010, 1, 1, 10);
INSERT INTO `STORE_has_PRODUCT` VALUES (8, 10010, 1, 1, 10);
INSERT INTO `STORE_has_PRODUCT` VALUES (9, 10010, 1, 1, 10);
INSERT INTO `STORE_has_PRODUCT` VALUES (10, 10010, 1, 1, 10);

INSERT INTO `PRODUCT` VALUES (10011, "Κολοκυθάκια", 0, 1.70, 1, "2018-01-01");
INSERT INTO `STORE_has_PRODUCT` VALUES (1, 10011, 1, 1, 11);
INSERT INTO `STORE_has_PRODUCT` VALUES (2, 10011, 1, 1, 11);
INSERT INTO `STORE_has_PRODUCT` VALUES (3, 10011, 1, 1, 11);
INSERT INTO `STORE_has_PRODUCT` VALUES (4, 10011, 1, 1, 11);
INSERT INTO `STORE_has_PRODUCT` VALUES (5, 10011, 1, 1, 11);
INSERT INTO `STORE_has_PRODUCT` VALUES (6, 10011, 1, 1, 11);
INSERT INTO `STORE_has_PRODUCT` VALUES (7, 10011, 1, 1, 11);
INSERT INTO `STORE_has_PRODUCT` VALUES (8, 10011, 1, 1, 11);
INSERT INTO `STORE_has_PRODUCT` VALUES (9, 10011, 1, 1, 11);
INSERT INTO `STORE_has_PRODUCT` VALUES (10, 10011, 1, 1, 11);

INSERT INTO `PRODUCT` VALUES (10012, "Κουνουπίδι", 0, 1.90, 1, "2018-01-01");
INSERT INTO `STORE_has_PRODUCT` VALUES (1, 10012, 1, 1, 12);
INSERT INTO `STORE_has_PRODUCT` VALUES (2, 10012, 1, 1, 12);
INSERT INTO `STORE_has_PRODUCT` VALUES (3, 10012, 1, 1, 12);
INSERT INTO `STORE_has_PRODUCT` VALUES (4, 10012, 1, 1, 12);
INSERT INTO `STORE_has_PRODUCT` VALUES (5, 10012, 1, 1, 12);
INSERT INTO `STORE_has_PRODUCT` VALUES (6, 10012, 1, 1, 12);
INSERT INTO `STORE_has_PRODUCT` VALUES (7, 10012, 1, 1, 12);
INSERT INTO `STORE_has_PRODUCT` VALUES (8, 10012, 1, 1, 12);
INSERT INTO `STORE_has_PRODUCT` VALUES (9, 10012, 1, 1, 12);
INSERT INTO `STORE_has_PRODUCT` VALUES (10, 10012, 1, 1, 12);

INSERT INTO `PRODUCT` VALUES (10013, "Μπρόκολο", 0, 2.90, 1, "2018-01-01");
INSERT INTO `STORE_has_PRODUCT` VALUES (1, 10013, 1, 1, 13);
INSERT INTO `STORE_has_PRODUCT` VALUES (2, 10013, 1, 1, 13);
INSERT INTO `STORE_has_PRODUCT` VALUES (3, 10013, 1, 1, 13);
INSERT INTO `STORE_has_PRODUCT` VALUES (4, 10013, 1, 1, 13);
INSERT INTO `STORE_has_PRODUCT` VALUES (5, 10013, 1, 1, 13);
INSERT INTO `STORE_has_PRODUCT` VALUES (6, 10013, 1, 1, 13);
INSERT INTO `STORE_has_PRODUCT` VALUES (7, 10013, 1, 1, 13);
INSERT INTO `STORE_has_PRODUCT` VALUES (8, 10013, 1, 1, 13);
INSERT INTO `STORE_has_PRODUCT` VALUES (9, 10013, 1, 1, 13);
INSERT INTO `STORE_has_PRODUCT` VALUES (10, 10013, 1, 1, 13);

INSERT INTO `PRODUCT` VALUES (10014, "Καρπούζια", 1, 0.90, 1, "2018-01-01");
INSERT INTO `STORE_has_PRODUCT` VALUES (1, 10014, 1, 1, 14);
INSERT INTO `STORE_has_PRODUCT` VALUES (2, 10014, 1, 1, 14);
INSERT INTO `STORE_has_PRODUCT` VALUES (3, 10014, 1, 1, 14);
INSERT INTO `STORE_has_PRODUCT` VALUES (4, 10014, 1, 1, 14);
INSERT INTO `STORE_has_PRODUCT` VALUES (5, 10014, 1, 1, 14);
INSERT INTO `STORE_has_PRODUCT` VALUES (6, 10014, 1, 1, 14);
INSERT INTO `STORE_has_PRODUCT` VALUES (7, 10014, 1, 1, 14);
INSERT INTO `STORE_has_PRODUCT` VALUES (8, 10014, 1, 1, 14);
INSERT INTO `STORE_has_PRODUCT` VALUES (9, 10014, 1, 1, 14);
INSERT INTO `STORE_has_PRODUCT` VALUES (10, 10014, 1, 1, 14);

INSERT INTO `PRODUCT` VALUES (10015, "Πεπόνια", 0, 0.70, 1, "2018-01-01");
INSERT INTO `STORE_has_PRODUCT` VALUES (1, 10015, 1, 1, 15);
INSERT INTO `STORE_has_PRODUCT` VALUES (2, 10015, 1, 1, 15);
INSERT INTO `STORE_has_PRODUCT` VALUES (3, 10015, 1, 1, 15);
INSERT INTO `STORE_has_PRODUCT` VALUES (4, 10015, 1, 1, 15);
INSERT INTO `STORE_has_PRODUCT` VALUES (5, 10015, 1, 1, 15);
INSERT INTO `STORE_has_PRODUCT` VALUES (6, 10015, 1, 1, 15);
INSERT INTO `STORE_has_PRODUCT` VALUES (7, 10015, 1, 1, 15);
INSERT INTO `STORE_has_PRODUCT` VALUES (8, 10015, 1, 1, 15);
INSERT INTO `STORE_has_PRODUCT` VALUES (9, 10015, 1, 1, 15);
INSERT INTO `STORE_has_PRODUCT` VALUES (10, 10015, 1, 1, 15);

INSERT INTO `PRODUCT` VALUES (10016, "Φράουλες", 1, 3.90, 1, "2018-01-01");
INSERT INTO `STORE_has_PRODUCT` VALUES (1, 10016, 1, 1, 16);
INSERT INTO `STORE_has_PRODUCT` VALUES (2, 10016, 1, 1, 16);
INSERT INTO `STORE_has_PRODUCT` VALUES (3, 10016, 1, 1, 16);
INSERT INTO `STORE_has_PRODUCT` VALUES (4, 10016, 1, 1, 16);
INSERT INTO `STORE_has_PRODUCT` VALUES (5, 10016, 1, 1, 16);
INSERT INTO `STORE_has_PRODUCT` VALUES (6, 10016, 1, 1, 16);
INSERT INTO `STORE_has_PRODUCT` VALUES (7, 10016, 1, 1, 16);
INSERT INTO `STORE_has_PRODUCT` VALUES (8, 10016, 1, 1, 16);
INSERT INTO `STORE_has_PRODUCT` VALUES (9, 10016, 1, 1, 16);
INSERT INTO `STORE_has_PRODUCT` VALUES (10, 10016, 1, 1, 16);

INSERT INTO `PRODUCT` VALUES (10017, "Βότκα 750ml", 0, 14.50, 2, "2018-01-01");
INSERT INTO `STORE_has_PRODUCT` VALUES (1, 10017, 2, 2, 1);
INSERT INTO `STORE_has_PRODUCT` VALUES (2, 10017, 2, 2, 1);
INSERT INTO `STORE_has_PRODUCT` VALUES (3, 10017, 2, 2, 1);
INSERT INTO `STORE_has_PRODUCT` VALUES (4, 10017, 2, 2, 1);
INSERT INTO `STORE_has_PRODUCT` VALUES (5, 10017, 2, 2, 1);
INSERT INTO `STORE_has_PRODUCT` VALUES (6, 10017, 2, 2, 1);
INSERT INTO `STORE_has_PRODUCT` VALUES (7, 10017, 2, 2, 1);
INSERT INTO `STORE_has_PRODUCT` VALUES (8, 10017, 2, 2, 1);
INSERT INTO `STORE_has_PRODUCT` VALUES (9, 10017, 2, 2, 1);
INSERT INTO `STORE_has_PRODUCT` VALUES (10, 10017, 2, 2, 1);

INSERT INTO `PRODUCT` VALUES (10018, "Τζίν 750ml", 0, 15.60, 2, "2018-01-01");
INSERT INTO `STORE_has_PRODUCT` VALUES (1, 10018, 2, 2, 2);
INSERT INTO `STORE_has_PRODUCT` VALUES (2, 10018, 2, 2, 2);
INSERT INTO `STORE_has_PRODUCT` VALUES (3, 10018, 2, 2, 2);
INSERT INTO `STORE_has_PRODUCT` VALUES (4, 10018, 2, 2, 2);
INSERT INTO `STORE_has_PRODUCT` VALUES (5, 10018, 2, 2, 2);
INSERT INTO `STORE_has_PRODUCT` VALUES (6, 10018, 2, 2, 2);
INSERT INTO `STORE_has_PRODUCT` VALUES (7, 10018, 2, 2, 2);
INSERT INTO `STORE_has_PRODUCT` VALUES (8, 10018, 2, 2, 2);
INSERT INTO `STORE_has_PRODUCT` VALUES (9, 10018, 2, 2, 2);
INSERT INTO `STORE_has_PRODUCT` VALUES (10, 10018, 2, 2, 2);

INSERT INTO `PRODUCT` VALUES (10019, "Ρούμι 750ml", 0, 17.00, 2, "2018-01-01");
INSERT INTO `STORE_has_PRODUCT` VALUES (1, 10019, 2, 2, 3);
INSERT INTO `STORE_has_PRODUCT` VALUES (2, 10019, 2, 2, 3);
INSERT INTO `STORE_has_PRODUCT` VALUES (3, 10019, 2, 2, 3);
INSERT INTO `STORE_has_PRODUCT` VALUES (4, 10019, 2, 2, 3);
INSERT INTO `STORE_has_PRODUCT` VALUES (5, 10019, 2, 2, 3);
INSERT INTO `STORE_has_PRODUCT` VALUES (6, 10019, 2, 2, 3);
INSERT INTO `STORE_has_PRODUCT` VALUES (7, 10019, 2, 2, 3);
INSERT INTO `STORE_has_PRODUCT` VALUES (8, 10019, 2, 2, 3);
INSERT INTO `STORE_has_PRODUCT` VALUES (9, 10019, 2, 2, 3);
INSERT INTO `STORE_has_PRODUCT` VALUES (10, 10019, 2, 2, 3);

INSERT INTO `PRODUCT` VALUES (10020, "Ουίσκι 750ml", 0, 21.00, 2, "2018-01-01");
INSERT INTO `STORE_has_PRODUCT` VALUES (1, 10020, 2, 2, 4);
INSERT INTO `STORE_has_PRODUCT` VALUES (2, 10020, 2, 2, 4);
INSERT INTO `STORE_has_PRODUCT` VALUES (3, 10020, 2, 2, 4);
INSERT INTO `STORE_has_PRODUCT` VALUES (4, 10020, 2, 2, 4);
INSERT INTO `STORE_has_PRODUCT` VALUES (5, 10020, 2, 2, 4);
INSERT INTO `STORE_has_PRODUCT` VALUES (6, 10020, 2, 2, 4);
INSERT INTO `STORE_has_PRODUCT` VALUES (7, 10020, 2, 2, 4);
INSERT INTO `STORE_has_PRODUCT` VALUES (8, 10020, 2, 2, 4);
INSERT INTO `STORE_has_PRODUCT` VALUES (9, 10020, 2, 2, 4);
INSERT INTO `STORE_has_PRODUCT` VALUES (10, 10020, 2, 2, 4);

INSERT INTO `PRODUCT` VALUES (10021, "Μαλιμπού 750ml", 0, 20.00, 2, "2018-01-01");
INSERT INTO `STORE_has_PRODUCT` VALUES (1, 10021, 2, 2, 5);
INSERT INTO `STORE_has_PRODUCT` VALUES (2, 10021, 2, 2, 5);
INSERT INTO `STORE_has_PRODUCT` VALUES (3, 10021, 2, 2, 5);
INSERT INTO `STORE_has_PRODUCT` VALUES (4, 10021, 2, 2, 5);
INSERT INTO `STORE_has_PRODUCT` VALUES (5, 10021, 2, 2, 5);
INSERT INTO `STORE_has_PRODUCT` VALUES (6, 10021, 2, 2, 5);
INSERT INTO `STORE_has_PRODUCT` VALUES (7, 10021, 2, 2, 5);
INSERT INTO `STORE_has_PRODUCT` VALUES (8, 10021, 2, 2, 5);
INSERT INTO `STORE_has_PRODUCT` VALUES (9, 10021, 2, 2, 5);
INSERT INTO `STORE_has_PRODUCT` VALUES (10, 10021, 2, 2, 5);

INSERT INTO `PRODUCT` VALUES (10022, "Ούζο 750ml", 0, 11.75, 2, "2018-01-01");
INSERT INTO `STORE_has_PRODUCT` VALUES (1, 10022, 2, 2, 6);
INSERT INTO `STORE_has_PRODUCT` VALUES (2, 10022, 2, 2, 6);
INSERT INTO `STORE_has_PRODUCT` VALUES (3, 10022, 2, 2, 6);
INSERT INTO `STORE_has_PRODUCT` VALUES (4, 10022, 2, 2, 6);
INSERT INTO `STORE_has_PRODUCT` VALUES (5, 10022, 2, 2, 6);
INSERT INTO `STORE_has_PRODUCT` VALUES (6, 10022, 2, 2, 6);
INSERT INTO `STORE_has_PRODUCT` VALUES (7, 10022, 2, 2, 6);
INSERT INTO `STORE_has_PRODUCT` VALUES (8, 10022, 2, 2, 6);
INSERT INTO `STORE_has_PRODUCT` VALUES (9, 10022, 2, 2, 6);
INSERT INTO `STORE_has_PRODUCT` VALUES (10, 10022, 2, 2, 6);

INSERT INTO `PRODUCT` VALUES (10023, "Ούζο 200ml", 0, 4.75, 2, "2018-01-01");
INSERT INTO `STORE_has_PRODUCT` VALUES (1, 10023, 2, 2, 7);
INSERT INTO `STORE_has_PRODUCT` VALUES (2, 10023, 2, 2, 7);
INSERT INTO `STORE_has_PRODUCT` VALUES (3, 10023, 2, 2, 7);
INSERT INTO `STORE_has_PRODUCT` VALUES (4, 10023, 2, 2, 7);
INSERT INTO `STORE_has_PRODUCT` VALUES (5, 10023, 2, 2, 7);
INSERT INTO `STORE_has_PRODUCT` VALUES (6, 10023, 2, 2, 7);
INSERT INTO `STORE_has_PRODUCT` VALUES (7, 10023, 2, 2, 7);
INSERT INTO `STORE_has_PRODUCT` VALUES (8, 10023, 2, 2, 7);
INSERT INTO `STORE_has_PRODUCT` VALUES (9, 10023, 2, 2, 7);
INSERT INTO `STORE_has_PRODUCT` VALUES (10, 10023, 2, 2, 7);

INSERT INTO `PRODUCT` VALUES (10024, "Dissarono 750ml", 0, 17.50, 2, "2018-01-01");
INSERT INTO `STORE_has_PRODUCT` VALUES (1, 10024, 2, 2, 8);
INSERT INTO `STORE_has_PRODUCT` VALUES (2, 10024, 2, 2, 8);
INSERT INTO `STORE_has_PRODUCT` VALUES (3, 10024, 2, 2, 8);
INSERT INTO `STORE_has_PRODUCT` VALUES (4, 10024, 2, 2, 8);
INSERT INTO `STORE_has_PRODUCT` VALUES (5, 10024, 2, 2, 8);
INSERT INTO `STORE_has_PRODUCT` VALUES (6, 10024, 2, 2, 8);
INSERT INTO `STORE_has_PRODUCT` VALUES (7, 10024, 2, 2, 8);
INSERT INTO `STORE_has_PRODUCT` VALUES (8, 10024, 2, 2, 8);
INSERT INTO `STORE_has_PRODUCT` VALUES (9, 10024, 2, 2, 8);
INSERT INTO `STORE_has_PRODUCT` VALUES (10, 10024, 2, 2, 8);

INSERT INTO `PRODUCT` VALUES (10025, "Σαμπούκα 750ml", 0, 13.75, 2, "2018-01-01");
INSERT INTO `STORE_has_PRODUCT` VALUES (1, 10025, 2, 2, 9);
INSERT INTO `STORE_has_PRODUCT` VALUES (2, 10025, 2, 2, 9);
INSERT INTO `STORE_has_PRODUCT` VALUES (3, 10025, 2, 2, 9);
INSERT INTO `STORE_has_PRODUCT` VALUES (4, 10025, 2, 2, 9);
INSERT INTO `STORE_has_PRODUCT` VALUES (5, 10025, 2, 2, 9);
INSERT INTO `STORE_has_PRODUCT` VALUES (6, 10025, 2, 2, 9);
INSERT INTO `STORE_has_PRODUCT` VALUES (7, 10025, 2, 2, 9);
INSERT INTO `STORE_has_PRODUCT` VALUES (8, 10025, 2, 2, 9);
INSERT INTO `STORE_has_PRODUCT` VALUES (9, 10025, 2, 2, 9);
INSERT INTO `STORE_has_PRODUCT` VALUES (10, 10025, 2, 2, 9);

INSERT INTO `PRODUCT` VALUES (10026, "Κρασί Χύμα 1L", 1, 5.75, 2, "2018-01-01");
INSERT INTO `STORE_has_PRODUCT` VALUES (1, 10026, 2, 2, 10);
INSERT INTO `STORE_has_PRODUCT` VALUES (2, 10026, 2, 2, 10);
INSERT INTO `STORE_has_PRODUCT` VALUES (3, 10026, 2, 2, 10);
INSERT INTO `STORE_has_PRODUCT` VALUES (4, 10026, 2, 2, 10);
INSERT INTO `STORE_has_PRODUCT` VALUES (5, 10026, 2, 2, 10);
INSERT INTO `STORE_has_PRODUCT` VALUES (6, 10026, 2, 2, 10);
INSERT INTO `STORE_has_PRODUCT` VALUES (7, 10026, 2, 2, 10);
INSERT INTO `STORE_has_PRODUCT` VALUES (8, 10026, 2, 2, 10);
INSERT INTO `STORE_has_PRODUCT` VALUES (9, 10026, 2, 2, 10);
INSERT INTO `STORE_has_PRODUCT` VALUES (10, 10026, 2, 2, 10);

INSERT INTO `PRODUCT` VALUES (10027, "Κρασί Της Παρέας 1L", 0, 3.75, 2, "2018-01-01");
INSERT INTO `STORE_has_PRODUCT` VALUES (1, 10027, 2, 2, 11);
INSERT INTO `STORE_has_PRODUCT` VALUES (2, 10027, 2, 2, 11);
INSERT INTO `STORE_has_PRODUCT` VALUES (3, 10027, 2, 2, 11);
INSERT INTO `STORE_has_PRODUCT` VALUES (4, 10027, 2, 2, 11);
INSERT INTO `STORE_has_PRODUCT` VALUES (5, 10027, 2, 2, 11);
INSERT INTO `STORE_has_PRODUCT` VALUES (6, 10027, 2, 2, 11);
INSERT INTO `STORE_has_PRODUCT` VALUES (7, 10027, 2, 2, 11);
INSERT INTO `STORE_has_PRODUCT` VALUES (8, 10027, 2, 2, 11);
INSERT INTO `STORE_has_PRODUCT` VALUES (9, 10027, 2, 2, 11);
INSERT INTO `STORE_has_PRODUCT` VALUES (10, 10027, 2, 2, 11);

INSERT INTO `PRODUCT` VALUES (10028, "Μπύρα 330ml", 0, 0.5, 2, "2018-01-01");
INSERT INTO `STORE_has_PRODUCT` VALUES (1, 10028, 2, 2, 12);
INSERT INTO `STORE_has_PRODUCT` VALUES (2, 10028, 2, 2, 12);
INSERT INTO `STORE_has_PRODUCT` VALUES (3, 10028, 2, 2, 12);
INSERT INTO `STORE_has_PRODUCT` VALUES (4, 10028, 2, 2, 12);
INSERT INTO `STORE_has_PRODUCT` VALUES (5, 10028, 2, 2, 12);
INSERT INTO `STORE_has_PRODUCT` VALUES (6, 10028, 2, 2, 12);
INSERT INTO `STORE_has_PRODUCT` VALUES (7, 10028, 2, 2, 12);
INSERT INTO `STORE_has_PRODUCT` VALUES (8, 10028, 2, 2, 12);
INSERT INTO `STORE_has_PRODUCT` VALUES (9, 10028, 2, 2, 12);
INSERT INTO `STORE_has_PRODUCT` VALUES (10, 10028, 2, 2, 12);

INSERT INTO `PRODUCT` VALUES (10029, "Μπύρα 500ml", 0, 0.90, 2, "2018-01-01");
INSERT INTO `STORE_has_PRODUCT` VALUES (1, 10029, 2, 2, 13);
INSERT INTO `STORE_has_PRODUCT` VALUES (2, 10029, 2, 2, 13);
INSERT INTO `STORE_has_PRODUCT` VALUES (3, 10029, 2, 2, 13);
INSERT INTO `STORE_has_PRODUCT` VALUES (4, 10029, 2, 2, 13);
INSERT INTO `STORE_has_PRODUCT` VALUES (5, 10029, 2, 2, 13);
INSERT INTO `STORE_has_PRODUCT` VALUES (6, 10029, 2, 2, 13);
INSERT INTO `STORE_has_PRODUCT` VALUES (7, 10029, 2, 2, 13);
INSERT INTO `STORE_has_PRODUCT` VALUES (8, 10029, 2, 2, 13);
INSERT INTO `STORE_has_PRODUCT` VALUES (9, 10029, 2, 2, 13);
INSERT INTO `STORE_has_PRODUCT` VALUES (10, 10029, 2, 2, 13);

INSERT INTO `PRODUCT` VALUES (10030, "Τσίπουρο 500ml", 1, 6.90, 2, "2018-01-01");
INSERT INTO `STORE_has_PRODUCT` VALUES (1, 10030, 2, 2, 14);
INSERT INTO `STORE_has_PRODUCT` VALUES (2, 10030, 2, 2, 14);
INSERT INTO `STORE_has_PRODUCT` VALUES (3, 10030, 2, 2, 14);
INSERT INTO `STORE_has_PRODUCT` VALUES (4, 10030, 2, 2, 14);
INSERT INTO `STORE_has_PRODUCT` VALUES (5, 10030, 2, 2, 14);
INSERT INTO `STORE_has_PRODUCT` VALUES (6, 10030, 2, 2, 14);
INSERT INTO `STORE_has_PRODUCT` VALUES (7, 10030, 2, 2, 14);
INSERT INTO `STORE_has_PRODUCT` VALUES (8, 10030, 2, 2, 14);
INSERT INTO `STORE_has_PRODUCT` VALUES (9, 10030, 2, 2, 14);
INSERT INTO `STORE_has_PRODUCT` VALUES (10, 10030, 2, 2, 14);

INSERT INTO `PRODUCT` VALUES (10031, "Τσίπουρο 1L", 1, 10.90, 2, "2018-01-01");
INSERT INTO `STORE_has_PRODUCT` VALUES (1, 10031, 2, 2, 15);
INSERT INTO `STORE_has_PRODUCT` VALUES (2, 10031, 2, 2, 15);
INSERT INTO `STORE_has_PRODUCT` VALUES (3, 10031, 2, 2, 15);
INSERT INTO `STORE_has_PRODUCT` VALUES (4, 10031, 2, 2, 15);
INSERT INTO `STORE_has_PRODUCT` VALUES (5, 10031, 2, 2, 15);
INSERT INTO `STORE_has_PRODUCT` VALUES (6, 10031, 2, 2, 15);
INSERT INTO `STORE_has_PRODUCT` VALUES (7, 10031, 2, 2, 15);
INSERT INTO `STORE_has_PRODUCT` VALUES (8, 10031, 2, 2, 15);
INSERT INTO `STORE_has_PRODUCT` VALUES (9, 10031, 2, 2, 15);
INSERT INTO `STORE_has_PRODUCT` VALUES (10, 10031, 2, 2, 15);

INSERT INTO `PRODUCT` VALUES (10032, "Μαστίχα 500ml", 0, 5.30, 2, "2018-01-01");
INSERT INTO `STORE_has_PRODUCT` VALUES (1, 10032, 2, 2, 16);
INSERT INTO `STORE_has_PRODUCT` VALUES (2, 10032, 2, 2, 16);
INSERT INTO `STORE_has_PRODUCT` VALUES (3, 10032, 2, 2, 16);
INSERT INTO `STORE_has_PRODUCT` VALUES (4, 10032, 2, 2, 16);
INSERT INTO `STORE_has_PRODUCT` VALUES (5, 10032, 2, 2, 16);
INSERT INTO `STORE_has_PRODUCT` VALUES (6, 10032, 2, 2, 16);
INSERT INTO `STORE_has_PRODUCT` VALUES (7, 10032, 2, 2, 16);
INSERT INTO `STORE_has_PRODUCT` VALUES (8, 10032, 2, 2, 16);
INSERT INTO `STORE_has_PRODUCT` VALUES (9, 10032, 2, 2, 16);
INSERT INTO `STORE_has_PRODUCT` VALUES (10, 10032, 2, 2, 16);

INSERT INTO `PRODUCT` VALUES (10033, "Καρέκλα Ξύλινη", 1, 7.50, 3, "2018-01-01");
INSERT INTO `STORE_has_PRODUCT` VALUES (1, 10033, 3, 3, 1);
INSERT INTO `STORE_has_PRODUCT` VALUES (2, 10033, 3, 3, 1);
INSERT INTO `STORE_has_PRODUCT` VALUES (3, 10033, 3, 3, 1);
INSERT INTO `STORE_has_PRODUCT` VALUES (4, 10033, 3, 3, 1);
INSERT INTO `STORE_has_PRODUCT` VALUES (5, 10033, 3, 3, 1);
INSERT INTO `STORE_has_PRODUCT` VALUES (6, 10033, 3, 3, 1);
INSERT INTO `STORE_has_PRODUCT` VALUES (7, 10033, 3, 3, 1);
INSERT INTO `STORE_has_PRODUCT` VALUES (8, 10033, 3, 3, 1);
INSERT INTO `STORE_has_PRODUCT` VALUES (9, 10033, 3, 3, 1);
INSERT INTO `STORE_has_PRODUCT` VALUES (10, 10033, 3, 3, 1);

INSERT INTO `PRODUCT` VALUES (10034, "Καρέκλα Πλαστική", 1, 5.50, 3, "2018-01-01");
INSERT INTO `STORE_has_PRODUCT` VALUES (1, 10034, 3, 3, 2);
INSERT INTO `STORE_has_PRODUCT` VALUES (2, 10034, 3, 3, 2);
INSERT INTO `STORE_has_PRODUCT` VALUES (3, 10034, 3, 3, 2);
INSERT INTO `STORE_has_PRODUCT` VALUES (4, 10034, 3, 3, 2);
INSERT INTO `STORE_has_PRODUCT` VALUES (5, 10034, 3, 3, 2);
INSERT INTO `STORE_has_PRODUCT` VALUES (6, 10034, 3, 3, 2);
INSERT INTO `STORE_has_PRODUCT` VALUES (7, 10034, 3, 3, 2);
INSERT INTO `STORE_has_PRODUCT` VALUES (8, 10034, 3, 3, 2);
INSERT INTO `STORE_has_PRODUCT` VALUES (9, 10034, 3, 3, 2);
INSERT INTO `STORE_has_PRODUCT` VALUES (10, 10034, 3, 3, 2);

INSERT INTO `PRODUCT` VALUES (10035, "Τραπέζι Ξύλινο", 1, 10.25, 3, "2018-01-01");
INSERT INTO `STORE_has_PRODUCT` VALUES (1, 10035, 3, 3, 3);
INSERT INTO `STORE_has_PRODUCT` VALUES (2, 10035, 3, 3, 3);
INSERT INTO `STORE_has_PRODUCT` VALUES (3, 10035, 3, 3, 3);
INSERT INTO `STORE_has_PRODUCT` VALUES (4, 10035, 3, 3, 3);
INSERT INTO `STORE_has_PRODUCT` VALUES (5, 10035, 3, 3, 3);
INSERT INTO `STORE_has_PRODUCT` VALUES (6, 10035, 3, 3, 3);
INSERT INTO `STORE_has_PRODUCT` VALUES (7, 10035, 3, 3, 3);
INSERT INTO `STORE_has_PRODUCT` VALUES (8, 10035, 3, 3, 3);
INSERT INTO `STORE_has_PRODUCT` VALUES (9, 10035, 3, 3, 3);
INSERT INTO `STORE_has_PRODUCT` VALUES (10, 10035, 3, 3, 3);

INSERT INTO `PRODUCT` VALUES (10036, "Τραπέζι Γύαλινο", 0, 20.99, 3, "2018-01-01");
INSERT INTO `STORE_has_PRODUCT` VALUES (1, 10036, 3, 3, 4);
INSERT INTO `STORE_has_PRODUCT` VALUES (2, 10036, 3, 3, 4);
INSERT INTO `STORE_has_PRODUCT` VALUES (3, 10036, 3, 3, 4);
INSERT INTO `STORE_has_PRODUCT` VALUES (4, 10036, 3, 3, 4);
INSERT INTO `STORE_has_PRODUCT` VALUES (5, 10036, 3, 3, 4);
INSERT INTO `STORE_has_PRODUCT` VALUES (6, 10036, 3, 3, 4);
INSERT INTO `STORE_has_PRODUCT` VALUES (7, 10036, 3, 3, 4);
INSERT INTO `STORE_has_PRODUCT` VALUES (8, 10036, 3, 3, 4);
INSERT INTO `STORE_has_PRODUCT` VALUES (9, 10036, 3, 3, 4);
INSERT INTO `STORE_has_PRODUCT` VALUES (10, 10036, 3, 3, 4);

INSERT INTO `PRODUCT` VALUES (10037, "Τραπέζι Πλαστικό", 0, 7.25, 3, "2018-01-01");
INSERT INTO `STORE_has_PRODUCT` VALUES (1, 10037, 3, 3, 5);
INSERT INTO `STORE_has_PRODUCT` VALUES (2, 10037, 3, 3, 5);
INSERT INTO `STORE_has_PRODUCT` VALUES (3, 10037, 3, 3, 5);
INSERT INTO `STORE_has_PRODUCT` VALUES (4, 10037, 3, 3, 5);
INSERT INTO `STORE_has_PRODUCT` VALUES (5, 10037, 3, 3, 5);
INSERT INTO `STORE_has_PRODUCT` VALUES (6, 10037, 3, 3, 5);
INSERT INTO `STORE_has_PRODUCT` VALUES (7, 10037, 3, 3, 5);
INSERT INTO `STORE_has_PRODUCT` VALUES (8, 10037, 3, 3, 5);
INSERT INTO `STORE_has_PRODUCT` VALUES (9, 10037, 3, 3, 5);
INSERT INTO `STORE_has_PRODUCT` VALUES (10, 10037, 3, 3, 5);

INSERT INTO `PRODUCT` VALUES (10038, "Καναπές", 1, 50.00, 3, "2018-01-01");
INSERT INTO `STORE_has_PRODUCT` VALUES (1, 10038, 3, 3, 6);
INSERT INTO `STORE_has_PRODUCT` VALUES (2, 10038, 3, 3, 6);
INSERT INTO `STORE_has_PRODUCT` VALUES (3, 10038, 3, 3, 6);
INSERT INTO `STORE_has_PRODUCT` VALUES (4, 10038, 3, 3, 6);
INSERT INTO `STORE_has_PRODUCT` VALUES (5, 10038, 3, 3, 6);
INSERT INTO `STORE_has_PRODUCT` VALUES (6, 10038, 3, 3, 6);
INSERT INTO `STORE_has_PRODUCT` VALUES (7, 10038, 3, 3, 6);
INSERT INTO `STORE_has_PRODUCT` VALUES (8, 10038, 3, 3, 6);
INSERT INTO `STORE_has_PRODUCT` VALUES (9, 10038, 3, 3, 6);
INSERT INTO `STORE_has_PRODUCT` VALUES (10, 10038, 3, 3, 6);

INSERT INTO `PRODUCT` VALUES (10039, "Πολυθρόνα", 1, 17.40, 3, "2018-01-01");
INSERT INTO `STORE_has_PRODUCT` VALUES (1, 10039, 3, 3, 7);
INSERT INTO `STORE_has_PRODUCT` VALUES (2, 10039, 3, 3, 7);
INSERT INTO `STORE_has_PRODUCT` VALUES (3, 10039, 3, 3, 7);
INSERT INTO `STORE_has_PRODUCT` VALUES (4, 10039, 3, 3, 7);
INSERT INTO `STORE_has_PRODUCT` VALUES (5, 10039, 3, 3, 7);
INSERT INTO `STORE_has_PRODUCT` VALUES (6, 10039, 3, 3, 7);
INSERT INTO `STORE_has_PRODUCT` VALUES (7, 10039, 3, 3, 7);
INSERT INTO `STORE_has_PRODUCT` VALUES (8, 10039, 3, 3, 7);
INSERT INTO `STORE_has_PRODUCT` VALUES (9, 10039, 3, 3, 7);
INSERT INTO `STORE_has_PRODUCT` VALUES (10, 10039, 3, 3, 7);

INSERT INTO `PRODUCT` VALUES (10040, "Κρεβάτι Μονό", 0, 65.50, 3, "2018-01-01");
INSERT INTO `STORE_has_PRODUCT` VALUES (1, 10040, 3, 3, 8);
INSERT INTO `STORE_has_PRODUCT` VALUES (2, 10040, 3, 3, 8);
INSERT INTO `STORE_has_PRODUCT` VALUES (3, 10040, 3, 3, 8);
INSERT INTO `STORE_has_PRODUCT` VALUES (4, 10040, 3, 3, 8);
INSERT INTO `STORE_has_PRODUCT` VALUES (5, 10040, 3, 3, 8);
INSERT INTO `STORE_has_PRODUCT` VALUES (6, 10040, 3, 3, 8);
INSERT INTO `STORE_has_PRODUCT` VALUES (7, 10040, 3, 3, 8);
INSERT INTO `STORE_has_PRODUCT` VALUES (8, 10040, 3, 3, 8);
INSERT INTO `STORE_has_PRODUCT` VALUES (9, 10040, 3, 3, 8);
INSERT INTO `STORE_has_PRODUCT` VALUES (10, 10040, 3, 3, 8);

INSERT INTO `PRODUCT` VALUES (10041, "Κρεβάτι Διπλό", 0, 100.00, 3, "2018-01-01");
INSERT INTO `STORE_has_PRODUCT` VALUES (1, 10041, 3, 3, 9);
INSERT INTO `STORE_has_PRODUCT` VALUES (2, 10041, 3, 3, 9);
INSERT INTO `STORE_has_PRODUCT` VALUES (3, 10041, 3, 3, 9);
INSERT INTO `STORE_has_PRODUCT` VALUES (4, 10041, 3, 3, 9);
INSERT INTO `STORE_has_PRODUCT` VALUES (5, 10041, 3, 3, 9);
INSERT INTO `STORE_has_PRODUCT` VALUES (6, 10041, 3, 3, 9);
INSERT INTO `STORE_has_PRODUCT` VALUES (7, 10041, 3, 3, 9);
INSERT INTO `STORE_has_PRODUCT` VALUES (8, 10041, 3, 3, 9);
INSERT INTO `STORE_has_PRODUCT` VALUES (9, 10041, 3, 3, 9);
INSERT INTO `STORE_has_PRODUCT` VALUES (10, 10041, 3, 3, 9);

INSERT INTO `PRODUCT` VALUES (10042, "Στρώμα Μονό", 0, 165.50, 3, "2018-01-01");
INSERT INTO `STORE_has_PRODUCT` VALUES (1, 10042, 3, 3, 10);
INSERT INTO `STORE_has_PRODUCT` VALUES (2, 10042, 3, 3, 10);
INSERT INTO `STORE_has_PRODUCT` VALUES (3, 10042, 3, 3, 10);
INSERT INTO `STORE_has_PRODUCT` VALUES (4, 10042, 3, 3, 10);
INSERT INTO `STORE_has_PRODUCT` VALUES (5, 10042, 3, 3, 10);
INSERT INTO `STORE_has_PRODUCT` VALUES (6, 10042, 3, 3, 10);
INSERT INTO `STORE_has_PRODUCT` VALUES (7, 10042, 3, 3, 10);
INSERT INTO `STORE_has_PRODUCT` VALUES (8, 10042, 3, 3, 10);
INSERT INTO `STORE_has_PRODUCT` VALUES (9, 10042, 3, 3, 10);
INSERT INTO `STORE_has_PRODUCT` VALUES (10, 10042, 3, 3, 10);

INSERT INTO `PRODUCT` VALUES (10043, "Στρώμα Διπλό", 0, 300.00, 3, "2018-01-01");
INSERT INTO `STORE_has_PRODUCT` VALUES (1, 10043, 3, 3, 11);
INSERT INTO `STORE_has_PRODUCT` VALUES (2, 10043, 3, 3, 11);
INSERT INTO `STORE_has_PRODUCT` VALUES (3, 10043, 3, 3, 11);
INSERT INTO `STORE_has_PRODUCT` VALUES (4, 10043, 3, 3, 11);
INSERT INTO `STORE_has_PRODUCT` VALUES (5, 10043, 3, 3, 11);
INSERT INTO `STORE_has_PRODUCT` VALUES (6, 10043, 3, 3, 11);
INSERT INTO `STORE_has_PRODUCT` VALUES (7, 10043, 3, 3, 11);
INSERT INTO `STORE_has_PRODUCT` VALUES (8, 10043, 3, 3, 11);
INSERT INTO `STORE_has_PRODUCT` VALUES (9, 10043, 3, 3, 11);
INSERT INTO `STORE_has_PRODUCT` VALUES (10, 10043, 3, 3, 11);

INSERT INTO `PRODUCT` VALUES (10044, "Γραφείο", 1, 40.50, 3, "2018-01-01");
INSERT INTO `STORE_has_PRODUCT` VALUES (1, 10044, 3, 3, 12);
INSERT INTO `STORE_has_PRODUCT` VALUES (2, 10044, 3, 3, 12);
INSERT INTO `STORE_has_PRODUCT` VALUES (3, 10044, 3, 3, 12);
INSERT INTO `STORE_has_PRODUCT` VALUES (4, 10044, 3, 3, 12);
INSERT INTO `STORE_has_PRODUCT` VALUES (5, 10044, 3, 3, 12);
INSERT INTO `STORE_has_PRODUCT` VALUES (6, 10044, 3, 3, 12);
INSERT INTO `STORE_has_PRODUCT` VALUES (7, 10044, 3, 3, 12);
INSERT INTO `STORE_has_PRODUCT` VALUES (8, 10044, 3, 3, 12);
INSERT INTO `STORE_has_PRODUCT` VALUES (9, 10044, 3, 3, 12);
INSERT INTO `STORE_has_PRODUCT` VALUES (10, 10044, 3, 3, 12);

INSERT INTO `PRODUCT` VALUES (10045, "Τηλεόραση", 0, 350.00, 3, "2018-01-01");
INSERT INTO `STORE_has_PRODUCT` VALUES (1, 10045, 3, 3, 13);
INSERT INTO `STORE_has_PRODUCT` VALUES (2, 10045, 3, 3, 13);
INSERT INTO `STORE_has_PRODUCT` VALUES (3, 10045, 3, 3, 13);
INSERT INTO `STORE_has_PRODUCT` VALUES (4, 10045, 3, 3, 13);
INSERT INTO `STORE_has_PRODUCT` VALUES (5, 10045, 3, 3, 13);
INSERT INTO `STORE_has_PRODUCT` VALUES (6, 10045, 3, 3, 13);
INSERT INTO `STORE_has_PRODUCT` VALUES (7, 10045, 3, 3, 13);
INSERT INTO `STORE_has_PRODUCT` VALUES (8, 10045, 3, 3, 13);
INSERT INTO `STORE_has_PRODUCT` VALUES (9, 10045, 3, 3, 13);
INSERT INTO `STORE_has_PRODUCT` VALUES (10, 10045, 3, 3, 13);

INSERT INTO `PRODUCT` VALUES (10046, "Home cinema", 0, 150.00, 3, "2018-01-01");
INSERT INTO `STORE_has_PRODUCT` VALUES (1, 10046, 3, 3, 14);
INSERT INTO `STORE_has_PRODUCT` VALUES (2, 10046, 3, 3, 14);
INSERT INTO `STORE_has_PRODUCT` VALUES (3, 10046, 3, 3, 14);
INSERT INTO `STORE_has_PRODUCT` VALUES (4, 10046, 3, 3, 14);
INSERT INTO `STORE_has_PRODUCT` VALUES (5, 10046, 3, 3, 14);
INSERT INTO `STORE_has_PRODUCT` VALUES (6, 10046, 3, 3, 14);
INSERT INTO `STORE_has_PRODUCT` VALUES (7, 10046, 3, 3, 14);
INSERT INTO `STORE_has_PRODUCT` VALUES (8, 10046, 3, 3, 14);
INSERT INTO `STORE_has_PRODUCT` VALUES (9, 10046, 3, 3, 14);
INSERT INTO `STORE_has_PRODUCT` VALUES (10, 10046, 3, 3, 14);

INSERT INTO `PRODUCT` VALUES (10047, "Ψυγείο", 1, 420.00, 3, "2018-01-01");
INSERT INTO `STORE_has_PRODUCT` VALUES (1, 10047, 3, 3, 15);
INSERT INTO `STORE_has_PRODUCT` VALUES (2, 10047, 3, 3, 15);
INSERT INTO `STORE_has_PRODUCT` VALUES (3, 10047, 3, 3, 15);
INSERT INTO `STORE_has_PRODUCT` VALUES (4, 10047, 3, 3, 15);
INSERT INTO `STORE_has_PRODUCT` VALUES (5, 10047, 3, 3, 15);
INSERT INTO `STORE_has_PRODUCT` VALUES (6, 10047, 3, 3, 15);
INSERT INTO `STORE_has_PRODUCT` VALUES (7, 10047, 3, 3, 15);
INSERT INTO `STORE_has_PRODUCT` VALUES (8, 10047, 3, 3, 15);
INSERT INTO `STORE_has_PRODUCT` VALUES (9, 10047, 3, 3, 15);
INSERT INTO `STORE_has_PRODUCT` VALUES (10, 10047, 3, 3, 15);

INSERT INTO `PRODUCT` VALUES (10048, "Πλυντήριο Ρούχων", 0, 215.00, 3, "2018-01-01");
INSERT INTO `STORE_has_PRODUCT` VALUES (1, 10048, 3, 3, 16);
INSERT INTO `STORE_has_PRODUCT` VALUES (2, 10048, 3, 3, 16);
INSERT INTO `STORE_has_PRODUCT` VALUES (3, 10048, 3, 3, 16);
INSERT INTO `STORE_has_PRODUCT` VALUES (4, 10048, 3, 3, 16);
INSERT INTO `STORE_has_PRODUCT` VALUES (5, 10048, 3, 3, 16);
INSERT INTO `STORE_has_PRODUCT` VALUES (6, 10048, 3, 3, 16);
INSERT INTO `STORE_has_PRODUCT` VALUES (7, 10048, 3, 3, 16);
INSERT INTO `STORE_has_PRODUCT` VALUES (8, 10048, 3, 3, 16);
INSERT INTO `STORE_has_PRODUCT` VALUES (9, 10048, 3, 3, 16);
INSERT INTO `STORE_has_PRODUCT` VALUES (10, 10048, 3, 3, 16);

INSERT INTO `PRODUCT` VALUES (10049, "Μάσκα Ματιών", 1, 4.50, 4, "2018-01-01");
INSERT INTO `STORE_has_PRODUCT` VALUES (1, 10049, 4, 4, 1);
INSERT INTO `STORE_has_PRODUCT` VALUES (2, 10049, 4, 4, 1);
INSERT INTO `STORE_has_PRODUCT` VALUES (3, 10049, 4, 4, 1);
INSERT INTO `STORE_has_PRODUCT` VALUES (4, 10049, 4, 4, 1);
INSERT INTO `STORE_has_PRODUCT` VALUES (5, 10049, 4, 4, 1);
INSERT INTO `STORE_has_PRODUCT` VALUES (6, 10049, 4, 4, 1);
INSERT INTO `STORE_has_PRODUCT` VALUES (7, 10049, 4, 4, 1);
INSERT INTO `STORE_has_PRODUCT` VALUES (8, 10049, 4, 4, 1);
INSERT INTO `STORE_has_PRODUCT` VALUES (9, 10049, 4, 4, 1);
INSERT INTO `STORE_has_PRODUCT` VALUES (10, 10049, 4, 4, 1);

INSERT INTO `PRODUCT` VALUES (10050, "Μάσκα Προσώπου", 1, 7.50, 4, "2018-01-01");
INSERT INTO `STORE_has_PRODUCT` VALUES (1, 10050, 4, 4, 2);
INSERT INTO `STORE_has_PRODUCT` VALUES (2, 10050, 4, 4, 2);
INSERT INTO `STORE_has_PRODUCT` VALUES (3, 10050, 4, 4, 2);
INSERT INTO `STORE_has_PRODUCT` VALUES (4, 10050, 4, 4, 2);
INSERT INTO `STORE_has_PRODUCT` VALUES (5, 10050, 4, 4, 2);
INSERT INTO `STORE_has_PRODUCT` VALUES (6, 10050, 4, 4, 2);
INSERT INTO `STORE_has_PRODUCT` VALUES (7, 10050, 4, 4, 2);
INSERT INTO `STORE_has_PRODUCT` VALUES (8, 10050, 4, 4, 2);
INSERT INTO `STORE_has_PRODUCT` VALUES (9, 10050, 4, 4, 2);
INSERT INTO `STORE_has_PRODUCT` VALUES (10, 10050, 4, 4, 2);

INSERT INTO `PRODUCT` VALUES (10051, "Μάσκα Μαλλίων", 1, 5.00, 4, "2018-01-01");
INSERT INTO `STORE_has_PRODUCT` VALUES (1, 10051, 4, 4, 3);
INSERT INTO `STORE_has_PRODUCT` VALUES (2, 10051, 4, 4, 3);
INSERT INTO `STORE_has_PRODUCT` VALUES (3, 10051, 4, 4, 3);
INSERT INTO `STORE_has_PRODUCT` VALUES (4, 10051, 4, 4, 3);
INSERT INTO `STORE_has_PRODUCT` VALUES (5, 10051, 4, 4, 3);
INSERT INTO `STORE_has_PRODUCT` VALUES (6, 10051, 4, 4, 3);
INSERT INTO `STORE_has_PRODUCT` VALUES (7, 10051, 4, 4, 3);
INSERT INTO `STORE_has_PRODUCT` VALUES (8, 10051, 4, 4, 3);
INSERT INTO `STORE_has_PRODUCT` VALUES (9, 10051, 4, 4, 3);
INSERT INTO `STORE_has_PRODUCT` VALUES (10, 10051, 4, 4, 3);

INSERT INTO `PRODUCT` VALUES (10052, "Σαμπουάν", 0, 2.50, 4, "2018-01-01");
INSERT INTO `STORE_has_PRODUCT` VALUES (1, 10052, 4, 4, 4);
INSERT INTO `STORE_has_PRODUCT` VALUES (2, 10052, 4, 4, 4);
INSERT INTO `STORE_has_PRODUCT` VALUES (3, 10052, 4, 4, 4);
INSERT INTO `STORE_has_PRODUCT` VALUES (4, 10052, 4, 4, 4);
INSERT INTO `STORE_has_PRODUCT` VALUES (5, 10052, 4, 4, 4);
INSERT INTO `STORE_has_PRODUCT` VALUES (6, 10052, 4, 4, 4);
INSERT INTO `STORE_has_PRODUCT` VALUES (7, 10052, 4, 4, 4);
INSERT INTO `STORE_has_PRODUCT` VALUES (8, 10052, 4, 4, 4);
INSERT INTO `STORE_has_PRODUCT` VALUES (9, 10052, 4, 4, 4);
INSERT INTO `STORE_has_PRODUCT` VALUES (10, 10052, 4, 4, 4);

INSERT INTO `PRODUCT` VALUES (10053, "Μαλλακτικό", 0, 2.50, 4, "2018-01-01");
INSERT INTO `STORE_has_PRODUCT` VALUES (1, 10053, 4, 4, 5);
INSERT INTO `STORE_has_PRODUCT` VALUES (2, 10053, 4, 4, 5);
INSERT INTO `STORE_has_PRODUCT` VALUES (3, 10053, 4, 4, 5);
INSERT INTO `STORE_has_PRODUCT` VALUES (4, 10053, 4, 4, 5);
INSERT INTO `STORE_has_PRODUCT` VALUES (5, 10053, 4, 4, 5);
INSERT INTO `STORE_has_PRODUCT` VALUES (6, 10053, 4, 4, 5);
INSERT INTO `STORE_has_PRODUCT` VALUES (7, 10053, 4, 4, 5);
INSERT INTO `STORE_has_PRODUCT` VALUES (8, 10053, 4, 4, 5);
INSERT INTO `STORE_has_PRODUCT` VALUES (9, 10053, 4, 4, 5);
INSERT INTO `STORE_has_PRODUCT` VALUES (10, 10053, 4, 4, 5);

INSERT INTO `PRODUCT` VALUES (10054, "Πράσινο Σαπούνι", 0, 1.50, 4, "2018-01-01");
INSERT INTO `STORE_has_PRODUCT` VALUES (1, 10054, 4, 4, 6);
INSERT INTO `STORE_has_PRODUCT` VALUES (2, 10054, 4, 4, 6);
INSERT INTO `STORE_has_PRODUCT` VALUES (3, 10054, 4, 4, 6);
INSERT INTO `STORE_has_PRODUCT` VALUES (4, 10054, 4, 4, 6);
INSERT INTO `STORE_has_PRODUCT` VALUES (5, 10054, 4, 4, 6);
INSERT INTO `STORE_has_PRODUCT` VALUES (6, 10054, 4, 4, 6);
INSERT INTO `STORE_has_PRODUCT` VALUES (7, 10054, 4, 4, 6);
INSERT INTO `STORE_has_PRODUCT` VALUES (8, 10054, 4, 4, 6);
INSERT INTO `STORE_has_PRODUCT` VALUES (9, 10054, 4, 4, 6);
INSERT INTO `STORE_has_PRODUCT` VALUES (10, 10054, 4, 4, 6);

INSERT INTO `PRODUCT` VALUES (10055, "Αφρόλουτρο", 1, 3.10, 4, "2018-01-01");
INSERT INTO `STORE_has_PRODUCT` VALUES (1, 10055, 4, 4, 7);
INSERT INTO `STORE_has_PRODUCT` VALUES (2, 10055, 4, 4, 7);
INSERT INTO `STORE_has_PRODUCT` VALUES (3, 10055, 4, 4, 7);
INSERT INTO `STORE_has_PRODUCT` VALUES (4, 10055, 4, 4, 7);
INSERT INTO `STORE_has_PRODUCT` VALUES (5, 10055, 4, 4, 7);
INSERT INTO `STORE_has_PRODUCT` VALUES (6, 10055, 4, 4, 7);
INSERT INTO `STORE_has_PRODUCT` VALUES (7, 10055, 4, 4, 7);
INSERT INTO `STORE_has_PRODUCT` VALUES (8, 10055, 4, 4, 7);
INSERT INTO `STORE_has_PRODUCT` VALUES (9, 10055, 4, 4, 7);
INSERT INTO `STORE_has_PRODUCT` VALUES (10, 10055, 4, 4, 7);

INSERT INTO `PRODUCT` VALUES (10056, "Υγρό Σαπούνι", 1, 3.10, 4, "2018-01-01");
INSERT INTO `STORE_has_PRODUCT` VALUES (1, 10056, 4, 4, 8);
INSERT INTO `STORE_has_PRODUCT` VALUES (2, 10056, 4, 4, 8);
INSERT INTO `STORE_has_PRODUCT` VALUES (3, 10056, 4, 4, 8);
INSERT INTO `STORE_has_PRODUCT` VALUES (4, 10056, 4, 4, 8);
INSERT INTO `STORE_has_PRODUCT` VALUES (5, 10056, 4, 4, 8);
INSERT INTO `STORE_has_PRODUCT` VALUES (6, 10056, 4, 4, 8);
INSERT INTO `STORE_has_PRODUCT` VALUES (7, 10056, 4, 4, 8);
INSERT INTO `STORE_has_PRODUCT` VALUES (8, 10056, 4, 4, 8);
INSERT INTO `STORE_has_PRODUCT` VALUES (9, 10056, 4, 4, 8);
INSERT INTO `STORE_has_PRODUCT` VALUES (10, 10056, 4, 4, 8);

INSERT INTO `PRODUCT` VALUES (10057, "Οδοντόβουρτσα", 0, 1.50, 4, "2018-01-01");
INSERT INTO `STORE_has_PRODUCT` VALUES (1, 10057, 4, 4, 9);
INSERT INTO `STORE_has_PRODUCT` VALUES (2, 10057, 4, 4, 9);
INSERT INTO `STORE_has_PRODUCT` VALUES (3, 10057, 4, 4, 9);
INSERT INTO `STORE_has_PRODUCT` VALUES (4, 10057, 4, 4, 9);
INSERT INTO `STORE_has_PRODUCT` VALUES (5, 10057, 4, 4, 9);
INSERT INTO `STORE_has_PRODUCT` VALUES (6, 10057, 4, 4, 9);
INSERT INTO `STORE_has_PRODUCT` VALUES (7, 10057, 4, 4, 9);
INSERT INTO `STORE_has_PRODUCT` VALUES (8, 10057, 4, 4, 9);
INSERT INTO `STORE_has_PRODUCT` VALUES (9, 10057, 4, 4, 9);
INSERT INTO `STORE_has_PRODUCT` VALUES (10, 10057, 4, 4, 9);

INSERT INTO `PRODUCT` VALUES (10058, "Οδοντόκρεμα", 0, 1.50, 4, "2018-01-01");
INSERT INTO `STORE_has_PRODUCT` VALUES (1, 10058, 4, 4, 10);
INSERT INTO `STORE_has_PRODUCT` VALUES (2, 10058, 4, 4, 10);
INSERT INTO `STORE_has_PRODUCT` VALUES (3, 10058, 4, 4, 10);
INSERT INTO `STORE_has_PRODUCT` VALUES (4, 10058, 4, 4, 10);
INSERT INTO `STORE_has_PRODUCT` VALUES (5, 10058, 4, 4, 10);
INSERT INTO `STORE_has_PRODUCT` VALUES (6, 10058, 4, 4, 10);
INSERT INTO `STORE_has_PRODUCT` VALUES (7, 10058, 4, 4, 10);
INSERT INTO `STORE_has_PRODUCT` VALUES (8, 10058, 4, 4, 10);
INSERT INTO `STORE_has_PRODUCT` VALUES (9, 10058, 4, 4, 10);
INSERT INTO `STORE_has_PRODUCT` VALUES (10, 10058, 4, 4, 10);

INSERT INTO `PRODUCT` VALUES (10059, "Στοματικό Δίαλυμα", 1, 3.40, 4, "2018-01-01");
INSERT INTO `STORE_has_PRODUCT` VALUES (1, 10059, 4, 4, 11);
INSERT INTO `STORE_has_PRODUCT` VALUES (2, 10059, 4, 4, 11);
INSERT INTO `STORE_has_PRODUCT` VALUES (3, 10059, 4, 4, 11);
INSERT INTO `STORE_has_PRODUCT` VALUES (4, 10059, 4, 4, 11);
INSERT INTO `STORE_has_PRODUCT` VALUES (5, 10059, 4, 4, 11);
INSERT INTO `STORE_has_PRODUCT` VALUES (6, 10059, 4, 4, 11);
INSERT INTO `STORE_has_PRODUCT` VALUES (7, 10059, 4, 4, 11);
INSERT INTO `STORE_has_PRODUCT` VALUES (8, 10059, 4, 4, 11);
INSERT INTO `STORE_has_PRODUCT` VALUES (9, 10059, 4, 4, 11);
INSERT INTO `STORE_has_PRODUCT` VALUES (10, 10059, 4, 4, 11);

INSERT INTO `PRODUCT` VALUES (10060, "Μπατονέτες", 0, 1.50, 4, "2018-01-01");
INSERT INTO `STORE_has_PRODUCT` VALUES (1, 10060, 4, 4, 12);
INSERT INTO `STORE_has_PRODUCT` VALUES (2, 10060, 4, 4, 12);
INSERT INTO `STORE_has_PRODUCT` VALUES (3, 10060, 4, 4, 12);
INSERT INTO `STORE_has_PRODUCT` VALUES (4, 10060, 4, 4, 12);
INSERT INTO `STORE_has_PRODUCT` VALUES (5, 10060, 4, 4, 12);
INSERT INTO `STORE_has_PRODUCT` VALUES (6, 10060, 4, 4, 12);
INSERT INTO `STORE_has_PRODUCT` VALUES (7, 10060, 4, 4, 12);
INSERT INTO `STORE_has_PRODUCT` VALUES (8, 10060, 4, 4, 12);
INSERT INTO `STORE_has_PRODUCT` VALUES (9, 10060, 4, 4, 12);
INSERT INTO `STORE_has_PRODUCT` VALUES (10, 10060, 4, 4, 12);

INSERT INTO `PRODUCT` VALUES (10061, "Οδοντικό Νήμα", 1, 3.30, 4, "2018-01-01");
INSERT INTO `STORE_has_PRODUCT` VALUES (1, 10061, 4, 4, 13);
INSERT INTO `STORE_has_PRODUCT` VALUES (2, 10061, 4, 4, 13);
INSERT INTO `STORE_has_PRODUCT` VALUES (3, 10061, 4, 4, 13);
INSERT INTO `STORE_has_PRODUCT` VALUES (4, 10061, 4, 4, 13);
INSERT INTO `STORE_has_PRODUCT` VALUES (5, 10061, 4, 4, 13);
INSERT INTO `STORE_has_PRODUCT` VALUES (6, 10061, 4, 4, 13);
INSERT INTO `STORE_has_PRODUCT` VALUES (7, 10061, 4, 4, 13);
INSERT INTO `STORE_has_PRODUCT` VALUES (8, 10061, 4, 4, 13);
INSERT INTO `STORE_has_PRODUCT` VALUES (9, 10061, 4, 4, 13);
INSERT INTO `STORE_has_PRODUCT` VALUES (10, 10061, 4, 4, 13);

INSERT INTO `PRODUCT` VALUES (10062, "Ξυραφάκια", 0, 3.50, 4, "2018-01-01");
INSERT INTO `STORE_has_PRODUCT` VALUES (1, 10062, 4, 4, 14);
INSERT INTO `STORE_has_PRODUCT` VALUES (2, 10062, 4, 4, 14);
INSERT INTO `STORE_has_PRODUCT` VALUES (3, 10062, 4, 4, 14);
INSERT INTO `STORE_has_PRODUCT` VALUES (4, 10062, 4, 4, 14);
INSERT INTO `STORE_has_PRODUCT` VALUES (5, 10062, 4, 4, 14);
INSERT INTO `STORE_has_PRODUCT` VALUES (6, 10062, 4, 4, 14);
INSERT INTO `STORE_has_PRODUCT` VALUES (7, 10062, 4, 4, 14);
INSERT INTO `STORE_has_PRODUCT` VALUES (8, 10062, 4, 4, 14);
INSERT INTO `STORE_has_PRODUCT` VALUES (9, 10062, 4, 4, 14);
INSERT INTO `STORE_has_PRODUCT` VALUES (10, 10062, 4, 4, 14);

INSERT INTO `PRODUCT` VALUES (10063, "Αφρός Ξυρίσματος", 0, 2.00, 4, "2018-01-01");
INSERT INTO `STORE_has_PRODUCT` VALUES (1, 10063, 4, 4, 15);
INSERT INTO `STORE_has_PRODUCT` VALUES (2, 10063, 4, 4, 15);
INSERT INTO `STORE_has_PRODUCT` VALUES (3, 10063, 4, 4, 15);
INSERT INTO `STORE_has_PRODUCT` VALUES (4, 10063, 4, 4, 15);
INSERT INTO `STORE_has_PRODUCT` VALUES (5, 10063, 4, 4, 15);
INSERT INTO `STORE_has_PRODUCT` VALUES (6, 10063, 4, 4, 15);
INSERT INTO `STORE_has_PRODUCT` VALUES (7, 10063, 4, 4, 15);
INSERT INTO `STORE_has_PRODUCT` VALUES (8, 10063, 4, 4, 15);
INSERT INTO `STORE_has_PRODUCT` VALUES (9, 10063, 4, 4, 15);
INSERT INTO `STORE_has_PRODUCT` VALUES (10, 10063, 4, 4, 15);

INSERT INTO `PRODUCT` VALUES (10064, "Ασετόν", 1, 2.00, 4, "2018-01-01");
INSERT INTO `STORE_has_PRODUCT` VALUES (1, 10064, 4, 4, 16);
INSERT INTO `STORE_has_PRODUCT` VALUES (2, 10064, 4, 4, 16);
INSERT INTO `STORE_has_PRODUCT` VALUES (3, 10064, 4, 4, 16);
INSERT INTO `STORE_has_PRODUCT` VALUES (4, 10064, 4, 4, 16);
INSERT INTO `STORE_has_PRODUCT` VALUES (5, 10064, 4, 4, 16);
INSERT INTO `STORE_has_PRODUCT` VALUES (6, 10064, 4, 4, 16);
INSERT INTO `STORE_has_PRODUCT` VALUES (7, 10064, 4, 4, 16);
INSERT INTO `STORE_has_PRODUCT` VALUES (8, 10064, 4, 4, 16);
INSERT INTO `STORE_has_PRODUCT` VALUES (9, 10064, 4, 4, 16);
INSERT INTO `STORE_has_PRODUCT` VALUES (10, 10064, 4, 4, 16);

INSERT INTO `PRODUCT` VALUES (10065, "Γάλα Φρέσκο", 1, 1.20, 5, "2018-01-01");
INSERT INTO `STORE_has_PRODUCT` VALUES (1, 10065, 5, 5, 1);
INSERT INTO `STORE_has_PRODUCT` VALUES (2, 10065, 5, 5, 1);
INSERT INTO `STORE_has_PRODUCT` VALUES (3, 10065, 5, 5, 1);
INSERT INTO `STORE_has_PRODUCT` VALUES (4, 10065, 5, 5, 1);
INSERT INTO `STORE_has_PRODUCT` VALUES (5, 10065, 5, 5, 1);
INSERT INTO `STORE_has_PRODUCT` VALUES (6, 10065, 5, 5, 1);
INSERT INTO `STORE_has_PRODUCT` VALUES (7, 10065, 5, 5, 1);
INSERT INTO `STORE_has_PRODUCT` VALUES (8, 10065, 5, 5, 1);
INSERT INTO `STORE_has_PRODUCT` VALUES (9, 10065, 5, 5, 1);
INSERT INTO `STORE_has_PRODUCT` VALUES (10, 10065, 5, 5, 1);

INSERT INTO `PRODUCT` VALUES (10066, "Γάλα Εβαπορέ", 0, 0.60, 5, "2018-01-01");
INSERT INTO `STORE_has_PRODUCT` VALUES (1, 10066, 5, 5, 2);
INSERT INTO `STORE_has_PRODUCT` VALUES (2, 10066, 5, 5, 2);
INSERT INTO `STORE_has_PRODUCT` VALUES (3, 10066, 5, 5, 2);
INSERT INTO `STORE_has_PRODUCT` VALUES (4, 10066, 5, 5, 2);
INSERT INTO `STORE_has_PRODUCT` VALUES (5, 10066, 5, 5, 2);
INSERT INTO `STORE_has_PRODUCT` VALUES (6, 10066, 5, 5, 2);
INSERT INTO `STORE_has_PRODUCT` VALUES (7, 10066, 5, 5, 2);
INSERT INTO `STORE_has_PRODUCT` VALUES (8, 10066, 5, 5, 2);
INSERT INTO `STORE_has_PRODUCT` VALUES (9, 10066, 5, 5, 2);
INSERT INTO `STORE_has_PRODUCT` VALUES (10, 10066, 5, 5, 2);

INSERT INTO `PRODUCT` VALUES (10067, "Βούτυρο", 1, 1.70, 5, "2018-01-01");
INSERT INTO `STORE_has_PRODUCT` VALUES (1, 10067, 5, 5, 3);
INSERT INTO `STORE_has_PRODUCT` VALUES (2, 10067, 5, 5, 3);
INSERT INTO `STORE_has_PRODUCT` VALUES (3, 10067, 5, 5, 3);
INSERT INTO `STORE_has_PRODUCT` VALUES (4, 10067, 5, 5, 3);
INSERT INTO `STORE_has_PRODUCT` VALUES (5, 10067, 5, 5, 3);
INSERT INTO `STORE_has_PRODUCT` VALUES (6, 10067, 5, 5, 3);
INSERT INTO `STORE_has_PRODUCT` VALUES (7, 10067, 5, 5, 3);
INSERT INTO `STORE_has_PRODUCT` VALUES (8, 10067, 5, 5, 3);
INSERT INTO `STORE_has_PRODUCT` VALUES (9, 10067, 5, 5, 3);
INSERT INTO `STORE_has_PRODUCT` VALUES (10, 10067, 5, 5, 3);

INSERT INTO `PRODUCT` VALUES (10068, "Βιτάμ", 1, 1.70, 5, "2018-01-01");
INSERT INTO `STORE_has_PRODUCT` VALUES (1, 10068, 5, 5, 4);
INSERT INTO `STORE_has_PRODUCT` VALUES (2, 10068, 5, 5, 4);
INSERT INTO `STORE_has_PRODUCT` VALUES (3, 10068, 5, 5, 4);
INSERT INTO `STORE_has_PRODUCT` VALUES (4, 10068, 5, 5, 4);
INSERT INTO `STORE_has_PRODUCT` VALUES (5, 10068, 5, 5, 4);
INSERT INTO `STORE_has_PRODUCT` VALUES (6, 10068, 5, 5, 4);
INSERT INTO `STORE_has_PRODUCT` VALUES (7, 10068, 5, 5, 4);
INSERT INTO `STORE_has_PRODUCT` VALUES (8, 10068, 5, 5, 4);
INSERT INTO `STORE_has_PRODUCT` VALUES (9, 10068, 5, 5, 4);
INSERT INTO `STORE_has_PRODUCT` VALUES (10, 10068, 5, 5, 4);

INSERT INTO `PRODUCT` VALUES (10069, "Τυρί Γκούντα", 1, 7.70, 5, "2018-01-01");
INSERT INTO `STORE_has_PRODUCT` VALUES (1, 10069, 5, 5, 5);
INSERT INTO `STORE_has_PRODUCT` VALUES (2, 10069, 5, 5, 5);
INSERT INTO `STORE_has_PRODUCT` VALUES (3, 10069, 5, 5, 5);
INSERT INTO `STORE_has_PRODUCT` VALUES (4, 10069, 5, 5, 5);
INSERT INTO `STORE_has_PRODUCT` VALUES (5, 10069, 5, 5, 5);
INSERT INTO `STORE_has_PRODUCT` VALUES (6, 10069, 5, 5, 5);
INSERT INTO `STORE_has_PRODUCT` VALUES (7, 10069, 5, 5, 5);
INSERT INTO `STORE_has_PRODUCT` VALUES (8, 10069, 5, 5, 5);
INSERT INTO `STORE_has_PRODUCT` VALUES (9, 10069, 5, 5, 5);
INSERT INTO `STORE_has_PRODUCT` VALUES (10, 10069, 5, 5, 5);

INSERT INTO `PRODUCT` VALUES (10070, "Τυρί Φέτα", 1, 9.70, 5, "2018-01-01");
INSERT INTO `STORE_has_PRODUCT` VALUES (1, 10070, 5, 5, 6);
INSERT INTO `STORE_has_PRODUCT` VALUES (2, 10070, 5, 5, 6);
INSERT INTO `STORE_has_PRODUCT` VALUES (3, 10070, 5, 5, 6);
INSERT INTO `STORE_has_PRODUCT` VALUES (4, 10070, 5, 5, 6);
INSERT INTO `STORE_has_PRODUCT` VALUES (5, 10070, 5, 5, 6);
INSERT INTO `STORE_has_PRODUCT` VALUES (6, 10070, 5, 5, 6);
INSERT INTO `STORE_has_PRODUCT` VALUES (7, 10070, 5, 5, 6);
INSERT INTO `STORE_has_PRODUCT` VALUES (8, 10070, 5, 5, 6);
INSERT INTO `STORE_has_PRODUCT` VALUES (9, 10070, 5, 5, 6);
INSERT INTO `STORE_has_PRODUCT` VALUES (10, 10070, 5, 5, 6);

INSERT INTO `PRODUCT` VALUES (10071, "Τυρί Κασέρι", 1, 5.40, 5, "2018-01-01");
INSERT INTO `STORE_has_PRODUCT` VALUES (1, 10071, 5, 5, 7);
INSERT INTO `STORE_has_PRODUCT` VALUES (2, 10071, 5, 5, 7);
INSERT INTO `STORE_has_PRODUCT` VALUES (3, 10071, 5, 5, 7);
INSERT INTO `STORE_has_PRODUCT` VALUES (4, 10071, 5, 5, 7);
INSERT INTO `STORE_has_PRODUCT` VALUES (5, 10071, 5, 5, 7);
INSERT INTO `STORE_has_PRODUCT` VALUES (6, 10071, 5, 5, 7);
INSERT INTO `STORE_has_PRODUCT` VALUES (7, 10071, 5, 5, 7);
INSERT INTO `STORE_has_PRODUCT` VALUES (8, 10071, 5, 5, 7);
INSERT INTO `STORE_has_PRODUCT` VALUES (9, 10071, 5, 5, 7);
INSERT INTO `STORE_has_PRODUCT` VALUES (10, 10071, 5, 5, 7);

INSERT INTO `PRODUCT` VALUES (10072, "Ζαμπόν", 1, 6.30, 5, "2018-01-01");
INSERT INTO `STORE_has_PRODUCT` VALUES (1, 10072, 5, 5, 8);
INSERT INTO `STORE_has_PRODUCT` VALUES (2, 10072, 5, 5, 8);
INSERT INTO `STORE_has_PRODUCT` VALUES (3, 10072, 5, 5, 8);
INSERT INTO `STORE_has_PRODUCT` VALUES (4, 10072, 5, 5, 8);
INSERT INTO `STORE_has_PRODUCT` VALUES (5, 10072, 5, 5, 8);
INSERT INTO `STORE_has_PRODUCT` VALUES (6, 10072, 5, 5, 8);
INSERT INTO `STORE_has_PRODUCT` VALUES (7, 10072, 5, 5, 8);
INSERT INTO `STORE_has_PRODUCT` VALUES (8, 10072, 5, 5, 8);
INSERT INTO `STORE_has_PRODUCT` VALUES (9, 10072, 5, 5, 8);
INSERT INTO `STORE_has_PRODUCT` VALUES (10, 10072, 5, 5, 8);

INSERT INTO `PRODUCT` VALUES (10073, "Μπέικον", 1, 7.40, 5, "2018-01-01");
INSERT INTO `STORE_has_PRODUCT` VALUES (1, 10073, 5, 5, 9);
INSERT INTO `STORE_has_PRODUCT` VALUES (2, 10073, 5, 5, 9);
INSERT INTO `STORE_has_PRODUCT` VALUES (3, 10073, 5, 5, 9);
INSERT INTO `STORE_has_PRODUCT` VALUES (4, 10073, 5, 5, 9);
INSERT INTO `STORE_has_PRODUCT` VALUES (5, 10073, 5, 5, 9);
INSERT INTO `STORE_has_PRODUCT` VALUES (6, 10073, 5, 5, 9);
INSERT INTO `STORE_has_PRODUCT` VALUES (7, 10073, 5, 5, 9);
INSERT INTO `STORE_has_PRODUCT` VALUES (8, 10073, 5, 5, 9);
INSERT INTO `STORE_has_PRODUCT` VALUES (9, 10073, 5, 5, 9);
INSERT INTO `STORE_has_PRODUCT` VALUES (10, 10073, 5, 5, 9);

INSERT INTO `PRODUCT` VALUES (10074, "Γιαούρτι", 1, 0.80, 5, "2018-01-01");
INSERT INTO `STORE_has_PRODUCT` VALUES (1, 10074, 5, 5, 10);
INSERT INTO `STORE_has_PRODUCT` VALUES (2, 10074, 5, 5, 10);
INSERT INTO `STORE_has_PRODUCT` VALUES (3, 10074, 5, 5, 10);
INSERT INTO `STORE_has_PRODUCT` VALUES (4, 10074, 5, 5, 10);
INSERT INTO `STORE_has_PRODUCT` VALUES (5, 10074, 5, 5, 10);
INSERT INTO `STORE_has_PRODUCT` VALUES (6, 10074, 5, 5, 10);
INSERT INTO `STORE_has_PRODUCT` VALUES (7, 10074, 5, 5, 10);
INSERT INTO `STORE_has_PRODUCT` VALUES (8, 10074, 5, 5, 10);
INSERT INTO `STORE_has_PRODUCT` VALUES (9, 10074, 5, 5, 10);
INSERT INTO `STORE_has_PRODUCT` VALUES (10, 10074, 5, 5, 10);

INSERT INTO `PRODUCT` VALUES (10075, "Παγωτό 1/2k", 0, 5.00, 5, "2018-01-01");
INSERT INTO `STORE_has_PRODUCT` VALUES (1, 10075, 5, 5, 11);
INSERT INTO `STORE_has_PRODUCT` VALUES (2, 10075, 5, 5, 11);
INSERT INTO `STORE_has_PRODUCT` VALUES (3, 10075, 5, 5, 11);
INSERT INTO `STORE_has_PRODUCT` VALUES (4, 10075, 5, 5, 11);
INSERT INTO `STORE_has_PRODUCT` VALUES (5, 10075, 5, 5, 11);
INSERT INTO `STORE_has_PRODUCT` VALUES (6, 10075, 5, 5, 11);
INSERT INTO `STORE_has_PRODUCT` VALUES (7, 10075, 5, 5, 11);
INSERT INTO `STORE_has_PRODUCT` VALUES (8, 10075, 5, 5, 11);
INSERT INTO `STORE_has_PRODUCT` VALUES (9, 10075, 5, 5, 11);
INSERT INTO `STORE_has_PRODUCT` VALUES (10, 10075, 5, 5, 11);

INSERT INTO `PRODUCT` VALUES (10076, "Παγωτό 1k", 0, 10.00, 5, "2018-01-01");
INSERT INTO `STORE_has_PRODUCT` VALUES (1, 10076, 5, 5, 12);
INSERT INTO `STORE_has_PRODUCT` VALUES (2, 10076, 5, 5, 12);
INSERT INTO `STORE_has_PRODUCT` VALUES (3, 10076, 5, 5, 12);
INSERT INTO `STORE_has_PRODUCT` VALUES (4, 10076, 5, 5, 12);
INSERT INTO `STORE_has_PRODUCT` VALUES (5, 10076, 5, 5, 12);
INSERT INTO `STORE_has_PRODUCT` VALUES (6, 10076, 5, 5, 12);
INSERT INTO `STORE_has_PRODUCT` VALUES (7, 10076, 5, 5, 12);
INSERT INTO `STORE_has_PRODUCT` VALUES (8, 10076, 5, 5, 12);
INSERT INTO `STORE_has_PRODUCT` VALUES (9, 10076, 5, 5, 12);
INSERT INTO `STORE_has_PRODUCT` VALUES (10, 10076, 5, 5, 12);

INSERT INTO `PRODUCT` VALUES (10077, "Παγωτό Γρανίτα", 1, 2.00, 5, "2018-01-01");
INSERT INTO `STORE_has_PRODUCT` VALUES (1, 10077, 5, 5, 13);
INSERT INTO `STORE_has_PRODUCT` VALUES (2, 10077, 5, 5, 13);
INSERT INTO `STORE_has_PRODUCT` VALUES (3, 10077, 5, 5, 13);
INSERT INTO `STORE_has_PRODUCT` VALUES (4, 10077, 5, 5, 13);
INSERT INTO `STORE_has_PRODUCT` VALUES (5, 10077, 5, 5, 13);
INSERT INTO `STORE_has_PRODUCT` VALUES (6, 10077, 5, 5, 13);
INSERT INTO `STORE_has_PRODUCT` VALUES (7, 10077, 5, 5, 13);
INSERT INTO `STORE_has_PRODUCT` VALUES (8, 10077, 5, 5, 13);
INSERT INTO `STORE_has_PRODUCT` VALUES (9, 10077, 5, 5, 13);
INSERT INTO `STORE_has_PRODUCT` VALUES (10, 10077, 5, 5, 13);

INSERT INTO `PRODUCT` VALUES (10078, "Κρέμα Γάλακτος", 0, 2.00, 5, "2018-01-01");
INSERT INTO `STORE_has_PRODUCT` VALUES (1, 10078, 5, 5, 14);
INSERT INTO `STORE_has_PRODUCT` VALUES (2, 10078, 5, 5, 14);
INSERT INTO `STORE_has_PRODUCT` VALUES (3, 10078, 5, 5, 14);
INSERT INTO `STORE_has_PRODUCT` VALUES (4, 10078, 5, 5, 14);
INSERT INTO `STORE_has_PRODUCT` VALUES (5, 10078, 5, 5, 14);
INSERT INTO `STORE_has_PRODUCT` VALUES (6, 10078, 5, 5, 14);
INSERT INTO `STORE_has_PRODUCT` VALUES (7, 10078, 5, 5, 14);
INSERT INTO `STORE_has_PRODUCT` VALUES (8, 10078, 5, 5, 14);
INSERT INTO `STORE_has_PRODUCT` VALUES (9, 10078, 5, 5, 14);
INSERT INTO `STORE_has_PRODUCT` VALUES (10, 10078, 5, 5, 14);

INSERT INTO `PRODUCT` VALUES (10079, "Παστή Σαρδέλα", 1, 5.00, 5, "2018-01-01");
INSERT INTO `STORE_has_PRODUCT` VALUES (1, 10079, 5, 5, 15);
INSERT INTO `STORE_has_PRODUCT` VALUES (2, 10079, 5, 5, 15);
INSERT INTO `STORE_has_PRODUCT` VALUES (3, 10079, 5, 5, 15);
INSERT INTO `STORE_has_PRODUCT` VALUES (4, 10079, 5, 5, 15);
INSERT INTO `STORE_has_PRODUCT` VALUES (5, 10079, 5, 5, 15);
INSERT INTO `STORE_has_PRODUCT` VALUES (6, 10079, 5, 5, 15);
INSERT INTO `STORE_has_PRODUCT` VALUES (7, 10079, 5, 5, 15);
INSERT INTO `STORE_has_PRODUCT` VALUES (8, 10079, 5, 5, 15);
INSERT INTO `STORE_has_PRODUCT` VALUES (9, 10079, 5, 5, 15);
INSERT INTO `STORE_has_PRODUCT` VALUES (10, 10079, 5, 5, 15);

INSERT INTO `PRODUCT` VALUES (10080, "Ξηρά Τροφή", 1, 2.90, 6, "2018-01-01");
INSERT INTO `STORE_has_PRODUCT` VALUES (1, 10080, 6, 6, 1);
INSERT INTO `STORE_has_PRODUCT` VALUES (2, 10080, 6, 6, 1);
INSERT INTO `STORE_has_PRODUCT` VALUES (3, 10080, 6, 6, 1);
INSERT INTO `STORE_has_PRODUCT` VALUES (4, 10080, 6, 6, 1);
INSERT INTO `STORE_has_PRODUCT` VALUES (5, 10080, 6, 6, 1);
INSERT INTO `STORE_has_PRODUCT` VALUES (6, 10080, 6, 6, 1);
INSERT INTO `STORE_has_PRODUCT` VALUES (7, 10080, 6, 6, 1);
INSERT INTO `STORE_has_PRODUCT` VALUES (8, 10080, 6, 6, 1);
INSERT INTO `STORE_has_PRODUCT` VALUES (9, 10080, 6, 6, 1);
INSERT INTO `STORE_has_PRODUCT` VALUES (10, 10080, 6, 6, 1);

INSERT INTO `PRODUCT` VALUES (10081, "Κονσέρβα Μπουκίες", 1, 0.50, 6, "2018-01-01");
INSERT INTO `STORE_has_PRODUCT` VALUES (1, 10081, 6, 6, 2);
INSERT INTO `STORE_has_PRODUCT` VALUES (2, 10081, 6, 6, 2);
INSERT INTO `STORE_has_PRODUCT` VALUES (3, 10081, 6, 6, 2);
INSERT INTO `STORE_has_PRODUCT` VALUES (4, 10081, 6, 6, 2);
INSERT INTO `STORE_has_PRODUCT` VALUES (5, 10081, 6, 6, 2);
INSERT INTO `STORE_has_PRODUCT` VALUES (6, 10081, 6, 6, 2);
INSERT INTO `STORE_has_PRODUCT` VALUES (7, 10081, 6, 6, 2);
INSERT INTO `STORE_has_PRODUCT` VALUES (8, 10081, 6, 6, 2);
INSERT INTO `STORE_has_PRODUCT` VALUES (9, 10081, 6, 6, 2);
INSERT INTO `STORE_has_PRODUCT` VALUES (10, 10081, 6, 6, 2);

INSERT INTO `PRODUCT` VALUES (10082, "Denta Stix", 1, 2.00, 6, "2018-01-01");
INSERT INTO `STORE_has_PRODUCT` VALUES (1, 10082, 6, 6, 3);
INSERT INTO `STORE_has_PRODUCT` VALUES (2, 10082, 6, 6, 3);
INSERT INTO `STORE_has_PRODUCT` VALUES (3, 10082, 6, 6, 3);
INSERT INTO `STORE_has_PRODUCT` VALUES (4, 10082, 6, 6, 3);
INSERT INTO `STORE_has_PRODUCT` VALUES (5, 10082, 6, 6, 3);
INSERT INTO `STORE_has_PRODUCT` VALUES (6, 10082, 6, 6, 3);
INSERT INTO `STORE_has_PRODUCT` VALUES (7, 10082, 6, 6, 3);
INSERT INTO `STORE_has_PRODUCT` VALUES (8, 10082, 6, 6, 3);
INSERT INTO `STORE_has_PRODUCT` VALUES (9, 10082, 6, 6, 3);
INSERT INTO `STORE_has_PRODUCT` VALUES (10, 10082, 6, 6, 3);

INSERT INTO `PRODUCT` VALUES (10083, "Χτένα", 1, 4.70, 6, "2018-01-01");
INSERT INTO `STORE_has_PRODUCT` VALUES (1, 10083, 6, 6, 4);
INSERT INTO `STORE_has_PRODUCT` VALUES (2, 10083, 6, 6, 4);
INSERT INTO `STORE_has_PRODUCT` VALUES (3, 10083, 6, 6, 4);
INSERT INTO `STORE_has_PRODUCT` VALUES (4, 10083, 6, 6, 4);
INSERT INTO `STORE_has_PRODUCT` VALUES (5, 10083, 6, 6, 4);
INSERT INTO `STORE_has_PRODUCT` VALUES (6, 10083, 6, 6, 4);
INSERT INTO `STORE_has_PRODUCT` VALUES (7, 10083, 6, 6, 4);
INSERT INTO `STORE_has_PRODUCT` VALUES (8, 10083, 6, 6, 4);
INSERT INTO `STORE_has_PRODUCT` VALUES (9, 10083, 6, 6, 4);
INSERT INTO `STORE_has_PRODUCT` VALUES (10, 10083, 6, 6, 4);

INSERT INTO `PRODUCT` VALUES (10084, "Λουρί", 1, 6.60, 6, "2018-01-01");
INSERT INTO `STORE_has_PRODUCT` VALUES (1, 10084, 6, 6, 5);
INSERT INTO `STORE_has_PRODUCT` VALUES (2, 10084, 6, 6, 5);
INSERT INTO `STORE_has_PRODUCT` VALUES (3, 10084, 6, 6, 5);
INSERT INTO `STORE_has_PRODUCT` VALUES (4, 10084, 6, 6, 5);
INSERT INTO `STORE_has_PRODUCT` VALUES (5, 10084, 6, 6, 5);
INSERT INTO `STORE_has_PRODUCT` VALUES (6, 10084, 6, 6, 5);
INSERT INTO `STORE_has_PRODUCT` VALUES (7, 10084, 6, 6, 5);
INSERT INTO `STORE_has_PRODUCT` VALUES (8, 10084, 6, 6, 5);
INSERT INTO `STORE_has_PRODUCT` VALUES (9, 10084, 6, 6, 5);
INSERT INTO `STORE_has_PRODUCT` VALUES (10, 10084, 6, 6, 5);

INSERT INTO `PRODUCT` VALUES (10085, "Σπρέι Για Τσιμπούρια", 1, 8.80, 6, "2018-01-01");
INSERT INTO `STORE_has_PRODUCT` VALUES (1, 10085, 6, 6, 6);
INSERT INTO `STORE_has_PRODUCT` VALUES (2, 10085, 6, 6, 6);
INSERT INTO `STORE_has_PRODUCT` VALUES (3, 10085, 6, 6, 6);
INSERT INTO `STORE_has_PRODUCT` VALUES (4, 10085, 6, 6, 6);
INSERT INTO `STORE_has_PRODUCT` VALUES (5, 10085, 6, 6, 6);
INSERT INTO `STORE_has_PRODUCT` VALUES (6, 10085, 6, 6, 6);
INSERT INTO `STORE_has_PRODUCT` VALUES (7, 10085, 6, 6, 6);
INSERT INTO `STORE_has_PRODUCT` VALUES (8, 10085, 6, 6, 6);
INSERT INTO `STORE_has_PRODUCT` VALUES (9, 10085, 6, 6, 6);
INSERT INTO `STORE_has_PRODUCT` VALUES (10, 10085, 6, 6, 6);

INSERT INTO `PRODUCT` VALUES (10086, "Σαμπουάν Για Ζώα", 1, 4.80, 6, "2018-01-01");
INSERT INTO `STORE_has_PRODUCT` VALUES (1, 10086, 6, 6, 7);
INSERT INTO `STORE_has_PRODUCT` VALUES (2, 10086, 6, 6, 7);
INSERT INTO `STORE_has_PRODUCT` VALUES (3, 10086, 6, 6, 7);
INSERT INTO `STORE_has_PRODUCT` VALUES (4, 10086, 6, 6, 7);
INSERT INTO `STORE_has_PRODUCT` VALUES (5, 10086, 6, 6, 7);
INSERT INTO `STORE_has_PRODUCT` VALUES (6, 10086, 6, 6, 7);
INSERT INTO `STORE_has_PRODUCT` VALUES (7, 10086, 6, 6, 7);
INSERT INTO `STORE_has_PRODUCT` VALUES (8, 10086, 6, 6, 7);
INSERT INTO `STORE_has_PRODUCT` VALUES (9, 10086, 6, 6, 7);
INSERT INTO `STORE_has_PRODUCT` VALUES (10, 10086, 6, 6, 7);

INSERT INTO `PRODUCT` VALUES (10087, "Άμμο Για Κάτες", 1, 6.40, 6, "2018-01-01");
INSERT INTO `STORE_has_PRODUCT` VALUES (1, 10087, 6, 6, 8);
INSERT INTO `STORE_has_PRODUCT` VALUES (2, 10087, 6, 6, 8);
INSERT INTO `STORE_has_PRODUCT` VALUES (3, 10087, 6, 6, 8);
INSERT INTO `STORE_has_PRODUCT` VALUES (4, 10087, 6, 6, 8);
INSERT INTO `STORE_has_PRODUCT` VALUES (5, 10087, 6, 6, 8);
INSERT INTO `STORE_has_PRODUCT` VALUES (6, 10087, 6, 6, 8);
INSERT INTO `STORE_has_PRODUCT` VALUES (7, 10087, 6, 6, 8);
INSERT INTO `STORE_has_PRODUCT` VALUES (8, 10087, 6, 6, 8);
INSERT INTO `STORE_has_PRODUCT` VALUES (9, 10087, 6, 6, 8);
INSERT INTO `STORE_has_PRODUCT` VALUES (10, 10087, 6, 6, 8);

INSERT INTO `PRODUCT` VALUES (10088, "Γύαλα", 1, 10.50, 6, "2018-01-01");
INSERT INTO `STORE_has_PRODUCT` VALUES (1, 10088, 6, 6, 9);
INSERT INTO `STORE_has_PRODUCT` VALUES (2, 10088, 6, 6, 9);
INSERT INTO `STORE_has_PRODUCT` VALUES (3, 10088, 6, 6, 9);
INSERT INTO `STORE_has_PRODUCT` VALUES (4, 10088, 6, 6, 9);
INSERT INTO `STORE_has_PRODUCT` VALUES (5, 10088, 6, 6, 9);
INSERT INTO `STORE_has_PRODUCT` VALUES (6, 10088, 6, 6, 9);
INSERT INTO `STORE_has_PRODUCT` VALUES (7, 10088, 6, 6, 9);
INSERT INTO `STORE_has_PRODUCT` VALUES (8, 10088, 6, 6, 9);
INSERT INTO `STORE_has_PRODUCT` VALUES (9, 10088, 6, 6, 9);
INSERT INTO `STORE_has_PRODUCT` VALUES (10, 10088, 6, 6, 9);

INSERT INTO `PRODUCT` VALUES (10089, "Μπάλακι", 1, 6.40, 6, "2018-01-01");
INSERT INTO `STORE_has_PRODUCT` VALUES (1, 10089, 6, 6, 10);
INSERT INTO `STORE_has_PRODUCT` VALUES (2, 10089, 6, 6, 10);
INSERT INTO `STORE_has_PRODUCT` VALUES (3, 10089, 6, 6, 10);
INSERT INTO `STORE_has_PRODUCT` VALUES (4, 10089, 6, 6, 10);
INSERT INTO `STORE_has_PRODUCT` VALUES (5, 10089, 6, 6, 10);
INSERT INTO `STORE_has_PRODUCT` VALUES (6, 10089, 6, 6, 10);
INSERT INTO `STORE_has_PRODUCT` VALUES (7, 10089, 6, 6, 10);
INSERT INTO `STORE_has_PRODUCT` VALUES (8, 10089, 6, 6, 10);
INSERT INTO `STORE_has_PRODUCT` VALUES (9, 10089, 6, 6, 10);
INSERT INTO `STORE_has_PRODUCT` VALUES (10, 10089, 6, 6, 10);

INSERT INTO `PRODUCT` VALUES (10090, "Ενυδρείο", 1, 25.30, 6, "2018-01-01");
INSERT INTO `STORE_has_PRODUCT` VALUES (1, 10090, 6, 6, 11);
INSERT INTO `STORE_has_PRODUCT` VALUES (2, 10090, 6, 6, 11);
INSERT INTO `STORE_has_PRODUCT` VALUES (3, 10090, 6, 6, 11);
INSERT INTO `STORE_has_PRODUCT` VALUES (4, 10090, 6, 6, 11);
INSERT INTO `STORE_has_PRODUCT` VALUES (5, 10090, 6, 6, 11);
INSERT INTO `STORE_has_PRODUCT` VALUES (6, 10090, 6, 6, 11);
INSERT INTO `STORE_has_PRODUCT` VALUES (7, 10090, 6, 6, 11);
INSERT INTO `STORE_has_PRODUCT` VALUES (8, 10090, 6, 6, 11);
INSERT INTO `STORE_has_PRODUCT` VALUES (9, 10090, 6, 6, 11);
INSERT INTO `STORE_has_PRODUCT` VALUES (10, 10090, 6, 6, 11);

UPDATE `PRODUCT` SET Price = 1, Starting_Date = "2018-01-08" WHERE Barcode = 10001;
UPDATE `PRODUCT` SET Price = 2, Starting_Date = "2018-01-28" WHERE Barcode = 10001;
UPDATE `PRODUCT` SET Price = 1.5, Starting_Date = "2018-02-08" WHERE Barcode = 10001;
UPDATE `PRODUCT` SET Price = 1, Starting_Date = "2018-03-08" WHERE Barcode = 10001;
UPDATE `PRODUCT` SET Price = 1.8, Starting_Date = "2018-04-08" WHERE Barcode = 10001;
UPDATE `PRODUCT` SET Price = 2, Starting_Date = "2018-05-08" WHERE Barcode = 10001;
UPDATE `PRODUCT` SET Price = 1.5, Starting_Date = "2019-01-08" WHERE Barcode = 10001;
UPDATE `PRODUCT` SET Price = 1, Starting_Date = "2020-01-08" WHERE Barcode = 10001;
UPDATE `PRODUCT` SET Price = 1.7, Starting_Date = "2020-02-08" WHERE Barcode = 10001;
UPDATE `PRODUCT` SET Price = 1.5, Starting_Date = "2020-05-08" WHERE Barcode = 10001;

UPDATE `PRODUCT` SET Price = 1.8, Starting_Date = "2018-01-08" WHERE Barcode = 10002;
UPDATE `PRODUCT` SET Price = 2.3, Starting_Date = "2018-01-28" WHERE Barcode = 10002;
UPDATE `PRODUCT` SET Price = 1.5, Starting_Date = "2018-02-08" WHERE Barcode = 10002;
UPDATE `PRODUCT` SET Price = 1, Starting_Date = "2018-03-08" WHERE Barcode = 10002;
UPDATE `PRODUCT` SET Price = 2.8, Starting_Date = "2018-04-08" WHERE Barcode = 10002;
UPDATE `PRODUCT` SET Price = 2.1, Starting_Date = "2018-05-08" WHERE Barcode = 10002;
UPDATE `PRODUCT` SET Price = 1.5, Starting_Date = "2019-01-08" WHERE Barcode = 10002;
UPDATE `PRODUCT` SET Price = 1, Starting_Date = "2020-01-08" WHERE Barcode = 10002;
UPDATE `PRODUCT` SET Price = 1.7, Starting_Date = "2020-02-08" WHERE Barcode = 10002;
UPDATE `PRODUCT` SET Price = 1.3, Starting_Date = "2020-05-08" WHERE Barcode = 10002;

UPDATE `PRODUCT` SET Price = 1.8, Starting_Date = "2018-01-08" WHERE Barcode = 10003;
UPDATE `PRODUCT` SET Price = 2.7, Starting_Date = "2018-01-28" WHERE Barcode = 10003;
UPDATE `PRODUCT` SET Price = 2.9, Starting_Date = "2018-04-08" WHERE Barcode = 10003;
UPDATE `PRODUCT` SET Price = 2.1, Starting_Date = "2018-05-08" WHERE Barcode = 10003;
UPDATE `PRODUCT` SET Price = 1.5, Starting_Date = "2019-01-08" WHERE Barcode = 10003;
UPDATE `PRODUCT` SET Price = 2.2, Starting_Date = "2020-01-08" WHERE Barcode = 10003;
UPDATE `PRODUCT` SET Price = 1.7, Starting_Date = "2020-02-08" WHERE Barcode = 10003;
UPDATE `PRODUCT` SET Price = 2.3, Starting_Date = "2020-05-08" WHERE Barcode = 10003;

UPDATE `PRODUCT` SET Price = 3.8, Starting_Date = "2018-01-08" WHERE Barcode = 10004;
UPDATE `PRODUCT` SET Price = 2.7, Starting_Date = "2018-01-28" WHERE Barcode = 10004;
UPDATE `PRODUCT` SET Price = 3.5, Starting_Date = "2018-02-08" WHERE Barcode = 10004;
UPDATE `PRODUCT` SET Price = 2.1, Starting_Date = "2018-05-08" WHERE Barcode = 10004;
UPDATE `PRODUCT` SET Price = 1.5, Starting_Date = "2019-01-08" WHERE Barcode = 10004;
UPDATE `PRODUCT` SET Price = 3.2, Starting_Date = "2020-01-08" WHERE Barcode = 10004;
UPDATE `PRODUCT` SET Price = 3.7, Starting_Date = "2020-02-08" WHERE Barcode = 10004;
UPDATE `PRODUCT` SET Price = 3, Starting_Date = "2020-05-08" WHERE Barcode = 10004;

UPDATE `PRODUCT` SET Price = 0.9, Starting_Date = "2018-01-08" WHERE Barcode = 10005;
UPDATE `PRODUCT` SET Price = 0.7, Starting_Date = "2018-01-28" WHERE Barcode = 10005;
UPDATE `PRODUCT` SET Price = 0.5, Starting_Date = "2018-02-08" WHERE Barcode = 10005;
UPDATE `PRODUCT` SET Price = 1.6, Starting_Date = "2018-03-08" WHERE Barcode = 10005;
UPDATE `PRODUCT` SET Price = 0.9, Starting_Date = "2018-04-08" WHERE Barcode = 10005;
UPDATE `PRODUCT` SET Price = 1.1, Starting_Date = "2018-05-08" WHERE Barcode = 10005;
UPDATE `PRODUCT` SET Price = 2.5, Starting_Date = "2019-01-08" WHERE Barcode = 10005;
UPDATE `PRODUCT` SET Price = 1.2, Starting_Date = "2020-01-08" WHERE Barcode = 10005;
UPDATE `PRODUCT` SET Price = 1.7, Starting_Date = "2020-02-08" WHERE Barcode = 10005;
UPDATE `PRODUCT` SET Price = 0.7, Starting_Date = "2020-05-08" WHERE Barcode = 10005;

UPDATE `PRODUCT` SET Price = 2.9, Starting_Date = "2018-01-08" WHERE Barcode = 10012;
UPDATE `PRODUCT` SET Price = 1.7, Starting_Date = "2018-01-28" WHERE Barcode = 10012;
UPDATE `PRODUCT` SET Price = 2.5, Starting_Date = "2018-02-08" WHERE Barcode = 10012;
UPDATE `PRODUCT` SET Price = 1.6, Starting_Date = "2018-03-08" WHERE Barcode = 10012;
UPDATE `PRODUCT` SET Price = 2.9, Starting_Date = "2018-04-08" WHERE Barcode = 10012;
UPDATE `PRODUCT` SET Price = 2.1, Starting_Date = "2018-05-08" WHERE Barcode = 10012;
UPDATE `PRODUCT` SET Price = 1.5, Starting_Date = "2019-01-08" WHERE Barcode = 10012;
UPDATE `PRODUCT` SET Price = 2.2, Starting_Date = "2020-01-08" WHERE Barcode = 10012;
UPDATE `PRODUCT` SET Price = 2.7, Starting_Date = "2020-02-08" WHERE Barcode = 10012;
UPDATE `PRODUCT` SET Price = 1.7, Starting_Date = "2020-05-08" WHERE Barcode = 10012;

UPDATE `PRODUCT` SET Price = 0.9, Starting_Date = "2018-01-08" WHERE Barcode = 10015;
UPDATE `PRODUCT` SET Price = 1.7, Starting_Date = "2018-01-28" WHERE Barcode = 10015;
UPDATE `PRODUCT` SET Price = 0.5, Starting_Date = "2018-02-08" WHERE Barcode = 10015;
UPDATE `PRODUCT` SET Price = 1.6, Starting_Date = "2018-03-08" WHERE Barcode = 10015;
UPDATE `PRODUCT` SET Price = 0.9, Starting_Date = "2018-04-08" WHERE Barcode = 10015;
UPDATE `PRODUCT` SET Price = 1.5, Starting_Date = "2019-01-08" WHERE Barcode = 10015;
UPDATE `PRODUCT` SET Price = 1.1, Starting_Date = "2020-01-08" WHERE Barcode = 10015;
UPDATE `PRODUCT` SET Price = 0.7, Starting_Date = "2020-02-08" WHERE Barcode = 10015;
UPDATE `PRODUCT` SET Price = 0.9, Starting_Date = "2020-05-08" WHERE Barcode = 10015;

UPDATE `PRODUCT` SET Price = 12.9, Starting_Date = "2018-01-08" WHERE Barcode = 10017;
UPDATE `PRODUCT` SET Price = 15.7, Starting_Date = "2018-02-28" WHERE Barcode = 10017;
UPDATE `PRODUCT` SET Price = 12.5, Starting_Date = "2018-03-08" WHERE Barcode = 10017;
UPDATE `PRODUCT` SET Price = 14.6, Starting_Date = "2018-04-08" WHERE Barcode = 10017;
UPDATE `PRODUCT` SET Price = 12.9, Starting_Date = "2018-05-08" WHERE Barcode = 10017;
UPDATE `PRODUCT` SET Price = 13.1, Starting_Date = "2018-06-08" WHERE Barcode = 10017;
UPDATE `PRODUCT` SET Price = 15.5, Starting_Date = "2019-01-08" WHERE Barcode = 10017;
UPDATE `PRODUCT` SET Price = 10.2, Starting_Date = "2019-05-23" WHERE Barcode = 10017;
UPDATE `PRODUCT` SET Price = 12.7, Starting_Date = "2020-02-08" WHERE Barcode = 10017;
UPDATE `PRODUCT` SET Price = 14.7, Starting_Date = "2020-06-08" WHERE Barcode = 10017;

UPDATE `PRODUCT` SET Price = 13.9, Starting_Date = "2018-01-08" WHERE Barcode = 10018;
UPDATE `PRODUCT` SET Price = 17.5, Starting_Date = "2018-03-08" WHERE Barcode = 10018;
UPDATE `PRODUCT` SET Price = 14.6, Starting_Date = "2018-04-08" WHERE Barcode = 10018;
UPDATE `PRODUCT` SET Price = 12.9, Starting_Date = "2018-05-08" WHERE Barcode = 10018;
UPDATE `PRODUCT` SET Price = 16.1, Starting_Date = "2018-06-08" WHERE Barcode = 10018;
UPDATE `PRODUCT` SET Price = 17.5, Starting_Date = "2019-01-08" WHERE Barcode = 10018;
UPDATE `PRODUCT` SET Price = 13.7, Starting_Date = "2020-02-08" WHERE Barcode = 10018;
UPDATE `PRODUCT` SET Price = 15.7, Starting_Date = "2020-06-08" WHERE Barcode = 10018;

UPDATE `PRODUCT` SET Price = 19.9, Starting_Date = "2018-01-08" WHERE Barcode = 10019;
UPDATE `PRODUCT` SET Price = 15.7, Starting_Date = "2018-02-28" WHERE Barcode = 10019;
UPDATE `PRODUCT` SET Price = 18.5, Starting_Date = "2018-03-08" WHERE Barcode = 10019;
UPDATE `PRODUCT` SET Price = 14.6, Starting_Date = "2018-04-08" WHERE Barcode = 10019;
UPDATE `PRODUCT` SET Price = 17.9, Starting_Date = "2018-05-08" WHERE Barcode = 10019;
UPDATE `PRODUCT` SET Price = 13.1, Starting_Date = "2018-06-08" WHERE Barcode = 10019;
UPDATE `PRODUCT` SET Price = 15.5, Starting_Date = "2019-01-08" WHERE Barcode = 10019;
UPDATE `PRODUCT` SET Price = 19.2, Starting_Date = "2019-05-23" WHERE Barcode = 10019;
UPDATE `PRODUCT` SET Price = 17.7, Starting_Date = "2020-06-08" WHERE Barcode = 10019;

UPDATE `PRODUCT` SET Price = 22.9, Starting_Date = "2018-01-08" WHERE Barcode = 10020;
UPDATE `PRODUCT` SET Price = 20.7, Starting_Date = "2018-01-28" WHERE Barcode = 10020;
UPDATE `PRODUCT` SET Price = 23.5, Starting_Date = "2018-02-08" WHERE Barcode = 10020;
UPDATE `PRODUCT` SET Price = 19.6, Starting_Date = "2018-03-08" WHERE Barcode = 10020;
UPDATE `PRODUCT` SET Price = 24.9, Starting_Date = "2018-04-08" WHERE Barcode = 10020;
UPDATE `PRODUCT` SET Price = 21.5, Starting_Date = "2019-01-08" WHERE Barcode = 10020;
UPDATE `PRODUCT` SET Price = 19.1, Starting_Date = "2020-01-08" WHERE Barcode = 10020;
UPDATE `PRODUCT` SET Price = 20.9, Starting_Date = "2020-05-08" WHERE Barcode = 10020;

UPDATE `PRODUCT` SET Price = 17.9, Starting_Date = "2018-01-08" WHERE Barcode = 10021;
UPDATE `PRODUCT` SET Price = 15.7, Starting_Date = "2018-02-28" WHERE Barcode = 10021;
UPDATE `PRODUCT` SET Price = 18.5, Starting_Date = "2018-03-08" WHERE Barcode = 10021;
UPDATE `PRODUCT` SET Price = 14.6, Starting_Date = "2018-04-08" WHERE Barcode = 10021;
UPDATE `PRODUCT` SET Price = 17.9, Starting_Date = "2018-05-08" WHERE Barcode = 10021;
UPDATE `PRODUCT` SET Price = 20.1, Starting_Date = "2018-06-08" WHERE Barcode = 10021;
UPDATE `PRODUCT` SET Price = 17.5, Starting_Date = "2019-01-08" WHERE Barcode = 10021;
UPDATE `PRODUCT` SET Price = 22.2, Starting_Date = "2019-05-23" WHERE Barcode = 10021;
UPDATE `PRODUCT` SET Price = 20, Starting_Date = "2020-06-08" WHERE Barcode = 10021;

UPDATE `PRODUCT` SET Price = 0.9, Starting_Date = "2018-01-08" WHERE Barcode = 10028;
UPDATE `PRODUCT` SET Price = 0.7, Starting_Date = "2018-02-28" WHERE Barcode = 10028;
UPDATE `PRODUCT` SET Price = 0.5, Starting_Date = "2018-03-08" WHERE Barcode = 10028;
UPDATE `PRODUCT` SET Price = 0.6, Starting_Date = "2018-04-08" WHERE Barcode = 10028;
UPDATE `PRODUCT` SET Price = 0.9, Starting_Date = "2018-05-08" WHERE Barcode = 10028;
UPDATE `PRODUCT` SET Price = 0.1, Starting_Date = "2018-06-08" WHERE Barcode = 10028;
UPDATE `PRODUCT` SET Price = 0.5, Starting_Date = "2019-01-08" WHERE Barcode = 10028;
UPDATE `PRODUCT` SET Price = 0.2, Starting_Date = "2019-05-23" WHERE Barcode = 10028;
UPDATE `PRODUCT` SET Price = 0.5, Starting_Date = "2020-06-08" WHERE Barcode = 10028;

UPDATE `PRODUCT` SET Price = 7.9, Starting_Date = "2018-01-08" WHERE Barcode = 10032;
UPDATE `PRODUCT` SET Price = 5.7, Starting_Date = "2018-01-28" WHERE Barcode = 10032;
UPDATE `PRODUCT` SET Price = 8.5, Starting_Date = "2018-02-08" WHERE Barcode = 10032;
UPDATE `PRODUCT` SET Price = 4.6, Starting_Date = "2018-03-08" WHERE Barcode = 10032;
UPDATE `PRODUCT` SET Price = 5.9, Starting_Date = "2018-04-08" WHERE Barcode = 10032;
UPDATE `PRODUCT` SET Price = 7.1, Starting_Date = "2018-05-08" WHERE Barcode = 10032;
UPDATE `PRODUCT` SET Price = 4.5, Starting_Date = "2019-01-08" WHERE Barcode = 10032;
UPDATE `PRODUCT` SET Price = 6.2, Starting_Date = "2020-01-08" WHERE Barcode = 10032;
UPDATE `PRODUCT` SET Price = 5, Starting_Date = "2020-05-08" WHERE Barcode = 10032;

UPDATE `PRODUCT` SET Price = 8.9, Starting_Date = "2018-01-08" WHERE Barcode = 10033;
UPDATE `PRODUCT` SET Price = 5.7, Starting_Date = "2018-01-28" WHERE Barcode = 10033;
UPDATE `PRODUCT` SET Price = 8.5, Starting_Date = "2018-02-08" WHERE Barcode = 10033;
UPDATE `PRODUCT` SET Price = 4.6, Starting_Date = "2018-03-08" WHERE Barcode = 10033;
UPDATE `PRODUCT` SET Price = 5.9, Starting_Date = "2018-04-08" WHERE Barcode = 10033;
UPDATE `PRODUCT` SET Price = 7.1, Starting_Date = "2018-05-08" WHERE Barcode = 10033;
UPDATE `PRODUCT` SET Price = 4.5, Starting_Date = "2019-01-08" WHERE Barcode = 10033;
UPDATE `PRODUCT` SET Price = 6.2, Starting_Date = "2020-01-08" WHERE Barcode = 10033;
UPDATE `PRODUCT` SET Price = 7.5, Starting_Date = "2020-05-08" WHERE Barcode = 10033;

UPDATE `PRODUCT` SET Price = 3.9, Starting_Date = "2018-01-08" WHERE Barcode = 10034;
UPDATE `PRODUCT` SET Price = 5.7, Starting_Date = "2018-02-28" WHERE Barcode = 10034;
UPDATE `PRODUCT` SET Price = 3.5, Starting_Date = "2018-03-08" WHERE Barcode = 10034;
UPDATE `PRODUCT` SET Price = 6.6, Starting_Date = "2018-04-08" WHERE Barcode = 10034;
UPDATE `PRODUCT` SET Price = 4.9, Starting_Date = "2018-05-08" WHERE Barcode = 10034;
UPDATE `PRODUCT` SET Price = 7.1, Starting_Date = "2018-06-08" WHERE Barcode = 10034;
UPDATE `PRODUCT` SET Price = 5.5, Starting_Date = "2019-01-08" WHERE Barcode = 10034;
UPDATE `PRODUCT` SET Price = 4.2, Starting_Date = "2019-05-23" WHERE Barcode = 10034;
UPDATE `PRODUCT` SET Price = 5.5, Starting_Date = "2020-06-08" WHERE Barcode = 10034;

UPDATE `PRODUCT` SET Price = 13.9, Starting_Date = "2018-01-08" WHERE Barcode = 10035;
UPDATE `PRODUCT` SET Price = 15.7, Starting_Date = "2018-02-28" WHERE Barcode = 10035;
UPDATE `PRODUCT` SET Price = 13.5, Starting_Date = "2018-03-08" WHERE Barcode = 10035;
UPDATE `PRODUCT` SET Price = 16.6, Starting_Date = "2018-04-08" WHERE Barcode = 10035;
UPDATE `PRODUCT` SET Price = 14.9, Starting_Date = "2018-05-08" WHERE Barcode = 10035;
UPDATE `PRODUCT` SET Price = 17.1, Starting_Date = "2018-06-08" WHERE Barcode = 10035;
UPDATE `PRODUCT` SET Price = 15.5, Starting_Date = "2019-01-08" WHERE Barcode = 10035;
UPDATE `PRODUCT` SET Price = 14.2, Starting_Date = "2019-05-23" WHERE Barcode = 10035;
UPDATE `PRODUCT` SET Price = 10.25, Starting_Date = "2020-06-08" WHERE Barcode = 10035;

UPDATE `PRODUCT` SET Price = 23.9, Starting_Date = "2018-03-22" WHERE Barcode = 10036;
UPDATE `PRODUCT` SET Price = 17.1, Starting_Date = "2018-06-08" WHERE Barcode = 10036;
UPDATE `PRODUCT` SET Price = 25.5, Starting_Date = "2019-01-08" WHERE Barcode = 10036;
UPDATE `PRODUCT` SET Price = 24.2, Starting_Date = "2019-05-23" WHERE Barcode = 10036;
UPDATE `PRODUCT` SET Price = 20.99, Starting_Date = "2020-06-08" WHERE Barcode = 10036;

UPDATE `PRODUCT` SET Price = 13.5, Starting_Date = "2018-03-08" WHERE Barcode = 10037;
UPDATE `PRODUCT` SET Price = 7.9, Starting_Date = "2018-05-08" WHERE Barcode = 10037;
UPDATE `PRODUCT` SET Price = 17.1, Starting_Date = "2018-06-08" WHERE Barcode = 10037;
UPDATE `PRODUCT` SET Price = 10.5, Starting_Date = "2019-01-08" WHERE Barcode = 10037;
UPDATE `PRODUCT` SET Price = 7.25, Starting_Date = "2019-05-23" WHERE Barcode = 10037;

UPDATE `PRODUCT` SET Price = 43.9, Starting_Date = "2018-01-08" WHERE Barcode = 10044;
UPDATE `PRODUCT` SET Price = 45.7, Starting_Date = "2018-02-28" WHERE Barcode = 10044;
UPDATE `PRODUCT` SET Price = 43.5, Starting_Date = "2018-03-08" WHERE Barcode = 10044;
UPDATE `PRODUCT` SET Price = 46.6, Starting_Date = "2018-04-08" WHERE Barcode = 10044;
UPDATE `PRODUCT` SET Price = 44.9, Starting_Date = "2018-05-08" WHERE Barcode = 10044;
UPDATE `PRODUCT` SET Price = 47.1, Starting_Date = "2018-06-08" WHERE Barcode = 10044;
UPDATE `PRODUCT` SET Price = 55.5, Starting_Date = "2019-01-08" WHERE Barcode = 10044;
UPDATE `PRODUCT` SET Price = 34.2, Starting_Date = "2019-05-23" WHERE Barcode = 10044;
UPDATE `PRODUCT` SET Price = 40.5, Starting_Date = "2020-06-08" WHERE Barcode = 10044;

UPDATE `PRODUCT` SET Price = 43.9, Starting_Date = "2018-01-08" WHERE Barcode = 10048;
UPDATE `PRODUCT` SET Price = 45.7, Starting_Date = "2018-02-28" WHERE Barcode = 10048;
UPDATE `PRODUCT` SET Price = 43.5, Starting_Date = "2018-03-08" WHERE Barcode = 10048;
UPDATE `PRODUCT` SET Price = 46.6, Starting_Date = "2018-04-08" WHERE Barcode = 10048;
UPDATE `PRODUCT` SET Price = 44.9, Starting_Date = "2018-05-08" WHERE Barcode = 10048;
UPDATE `PRODUCT` SET Price = 47.1, Starting_Date = "2018-06-08" WHERE Barcode = 10048;
UPDATE `PRODUCT` SET Price = 55.5, Starting_Date = "2019-01-08" WHERE Barcode = 10048;
UPDATE `PRODUCT` SET Price = 34.2, Starting_Date = "2019-05-23" WHERE Barcode = 10048;
UPDATE `PRODUCT` SET Price = 40.5, Starting_Date = "2020-06-08" WHERE Barcode = 10048;

UPDATE `PRODUCT` SET Price = 3.9, Starting_Date = "2018-03-22" WHERE Barcode = 10049;
UPDATE `PRODUCT` SET Price = 7.1, Starting_Date = "2018-06-08" WHERE Barcode = 10049;
UPDATE `PRODUCT` SET Price = 5.5, Starting_Date = "2019-01-08" WHERE Barcode = 10049;
UPDATE `PRODUCT` SET Price = 3.2, Starting_Date = "2019-05-23" WHERE Barcode = 10049;
UPDATE `PRODUCT` SET Price = 4.5, Starting_Date = "2020-06-22" WHERE Barcode = 10049;

UPDATE `PRODUCT` SET Price = 9.9, Starting_Date = "2018-01-08" WHERE Barcode = 10050;
UPDATE `PRODUCT` SET Price = 5.7, Starting_Date = "2018-02-28" WHERE Barcode = 10050;
UPDATE `PRODUCT` SET Price = 7.5, Starting_Date = "2018-03-08" WHERE Barcode = 10050;
UPDATE `PRODUCT` SET Price = 6.6, Starting_Date = "2018-04-08" WHERE Barcode = 10050;
UPDATE `PRODUCT` SET Price = 4.9, Starting_Date = "2018-05-08" WHERE Barcode = 10050;
UPDATE `PRODUCT` SET Price = 7.1, Starting_Date = "2018-06-08" WHERE Barcode = 10050;
UPDATE `PRODUCT` SET Price = 5.5, Starting_Date = "2019-01-08" WHERE Barcode = 10050;
UPDATE `PRODUCT` SET Price = 6.2, Starting_Date = "2019-05-23" WHERE Barcode = 10050;
UPDATE `PRODUCT` SET Price = 7.5, Starting_Date = "2020-06-08" WHERE Barcode = 10050;

UPDATE `PRODUCT` SET Price = 5.9, Starting_Date = "2018-01-25" WHERE Barcode = 10051;
UPDATE `PRODUCT` SET Price = 4.7, Starting_Date = "2018-02-28" WHERE Barcode = 10051;
UPDATE `PRODUCT` SET Price = 6.5, Starting_Date = "2018-03-22" WHERE Barcode = 10051;
UPDATE `PRODUCT` SET Price = 4.6, Starting_Date = "2018-04-08" WHERE Barcode = 10051;
UPDATE `PRODUCT` SET Price = 6.9, Starting_Date = "2018-05-08" WHERE Barcode = 10051;
UPDATE `PRODUCT` SET Price = 3.1, Starting_Date = "2018-06-01" WHERE Barcode = 10051;
UPDATE `PRODUCT` SET Price = 5.5, Starting_Date = "2019-01-08" WHERE Barcode = 10051;

UPDATE `PRODUCT` SET Price = 2.9, Starting_Date = "2018-03-08" WHERE Barcode = 10052;
UPDATE `PRODUCT` SET Price = 1.7, Starting_Date = "2018-05-28" WHERE Barcode = 10052;
UPDATE `PRODUCT` SET Price = 2.5, Starting_Date = "2018-07-23" WHERE Barcode = 10052;
UPDATE `PRODUCT` SET Price = 1.6, Starting_Date = "2018-09-01" WHERE Barcode = 10052;
UPDATE `PRODUCT` SET Price = 2.9, Starting_Date = "2018-11-05" WHERE Barcode = 10052;
UPDATE `PRODUCT` SET Price = 1.1, Starting_Date = "2018-12-08" WHERE Barcode = 10052;
UPDATE `PRODUCT` SET Price = 2.5, Starting_Date = "2019-01-08" WHERE Barcode = 10052;
UPDATE `PRODUCT` SET Price = 1.2, Starting_Date = "2019-05-23" WHERE Barcode = 10052;
UPDATE `PRODUCT` SET Price = 2.5, Starting_Date = "2020-06-08" WHERE Barcode = 10052;

UPDATE `PRODUCT` SET Price = 2.9, Starting_Date = "2018-03-08" WHERE Barcode = 10053;
UPDATE `PRODUCT` SET Price = 1.7, Starting_Date = "2018-05-28" WHERE Barcode = 10053;
UPDATE `PRODUCT` SET Price = 2.5, Starting_Date = "2018-07-23" WHERE Barcode = 10053;
UPDATE `PRODUCT` SET Price = 1.6, Starting_Date = "2018-09-01" WHERE Barcode = 10053;
UPDATE `PRODUCT` SET Price = 2.9, Starting_Date = "2018-11-05" WHERE Barcode = 10053;
UPDATE `PRODUCT` SET Price = 1.1, Starting_Date = "2018-12-08" WHERE Barcode = 10053;
UPDATE `PRODUCT` SET Price = 2.5, Starting_Date = "2019-01-08" WHERE Barcode = 10053;
UPDATE `PRODUCT` SET Price = 1.2, Starting_Date = "2019-05-23" WHERE Barcode = 10053;
UPDATE `PRODUCT` SET Price = 2.5, Starting_Date = "2020-06-08" WHERE Barcode = 10053;

UPDATE `PRODUCT` SET Price = 2.9, Starting_Date = "2018-03-08" WHERE Barcode = 10059;
UPDATE `PRODUCT` SET Price = 3.7, Starting_Date = "2018-05-28" WHERE Barcode = 10059;
UPDATE `PRODUCT` SET Price = 2.5, Starting_Date = "2018-07-23" WHERE Barcode = 10059;
UPDATE `PRODUCT` SET Price = 3.6, Starting_Date = "2018-09-01" WHERE Barcode = 10059;
UPDATE `PRODUCT` SET Price = 2.9, Starting_Date = "2018-11-05" WHERE Barcode = 10059;
UPDATE `PRODUCT` SET Price = 3.1, Starting_Date = "2018-12-08" WHERE Barcode = 10059;
UPDATE `PRODUCT` SET Price = 2.5, Starting_Date = "2019-01-08" WHERE Barcode = 10059;
UPDATE `PRODUCT` SET Price = 3.4, Starting_Date = "2020-06-08" WHERE Barcode = 10059;

UPDATE `PRODUCT` SET Price = 2.9, Starting_Date = "2018-03-08" WHERE Barcode = 10064;
UPDATE `PRODUCT` SET Price = 1.7, Starting_Date = "2018-05-28" WHERE Barcode = 10064;
UPDATE `PRODUCT` SET Price = 2.9, Starting_Date = "2018-11-05" WHERE Barcode = 10064;
UPDATE `PRODUCT` SET Price = 1.1, Starting_Date = "2018-12-08" WHERE Barcode = 10064;
UPDATE `PRODUCT` SET Price = 2.5, Starting_Date = "2019-01-08" WHERE Barcode = 10064;
UPDATE `PRODUCT` SET Price = 2, Starting_Date = "2020-06-08" WHERE Barcode = 10064;

UPDATE `PRODUCT` SET Price = 0.9, Starting_Date = "2018-03-08" WHERE Barcode = 10065;
UPDATE `PRODUCT` SET Price = 1.7, Starting_Date = "2018-05-28" WHERE Barcode = 10065;
UPDATE `PRODUCT` SET Price = 0.5, Starting_Date = "2018-07-23" WHERE Barcode = 10065;
UPDATE `PRODUCT` SET Price = 1.6, Starting_Date = "2018-09-01" WHERE Barcode = 10065;
UPDATE `PRODUCT` SET Price = 0.9, Starting_Date = "2018-11-05" WHERE Barcode = 10065;
UPDATE `PRODUCT` SET Price = 1.1, Starting_Date = "2018-12-08" WHERE Barcode = 10065;
UPDATE `PRODUCT` SET Price = 1.5, Starting_Date = "2019-01-08" WHERE Barcode = 10065;
UPDATE `PRODUCT` SET Price = 1.2, Starting_Date = "2019-05-23" WHERE Barcode = 10065;

UPDATE `PRODUCT` SET Price = 0.9, Starting_Date = "2018-03-08" WHERE Barcode = 10066;
UPDATE `PRODUCT` SET Price = 0.7, Starting_Date = "2018-05-28" WHERE Barcode = 10066;
UPDATE `PRODUCT` SET Price = 0.5, Starting_Date = "2018-07-23" WHERE Barcode = 10066;
UPDATE `PRODUCT` SET Price = 0.6, Starting_Date = "2018-09-01" WHERE Barcode = 10066;
UPDATE `PRODUCT` SET Price = 0.9, Starting_Date = "2018-11-05" WHERE Barcode = 10066;
UPDATE `PRODUCT` SET Price = 0.3, Starting_Date = "2018-12-08" WHERE Barcode = 10066;
UPDATE `PRODUCT` SET Price = 0.5, Starting_Date = "2019-01-08" WHERE Barcode = 10066;
UPDATE `PRODUCT` SET Price = 1.2, Starting_Date = "2019-05-23" WHERE Barcode = 10066;
UPDATE `PRODUCT` SET Price = 0.6, Starting_Date = "2020-06-08" WHERE Barcode = 10066;

UPDATE `PRODUCT` SET Price = 1.9, Starting_Date = "2018-03-08" WHERE Barcode = 10067;
UPDATE `PRODUCT` SET Price = 1.7, Starting_Date = "2018-05-28" WHERE Barcode = 10067;
UPDATE `PRODUCT` SET Price = 1.5, Starting_Date = "2018-07-23" WHERE Barcode = 10067;
UPDATE `PRODUCT` SET Price = 1.6, Starting_Date = "2018-09-01" WHERE Barcode = 10067;
UPDATE `PRODUCT` SET Price = 1.9, Starting_Date = "2018-11-05" WHERE Barcode = 10067;
UPDATE `PRODUCT` SET Price = 1.3, Starting_Date = "2018-12-08" WHERE Barcode = 10067;
UPDATE `PRODUCT` SET Price = 1.5, Starting_Date = "2019-01-08" WHERE Barcode = 10067;
UPDATE `PRODUCT` SET Price = 1.2, Starting_Date = "2019-05-23" WHERE Barcode = 10067;
UPDATE `PRODUCT` SET Price = 1.6, Starting_Date = "2020-06-08" WHERE Barcode = 10067;

UPDATE `PRODUCT` SET Price = 1.9, Starting_Date = "2018-03-08" WHERE Barcode = 10068;
UPDATE `PRODUCT` SET Price = 1.7, Starting_Date = "2018-05-28" WHERE Barcode = 10068;
UPDATE `PRODUCT` SET Price = 1.5, Starting_Date = "2018-07-23" WHERE Barcode = 10068;
UPDATE `PRODUCT` SET Price = 1.6, Starting_Date = "2018-09-01" WHERE Barcode = 10068;
UPDATE `PRODUCT` SET Price = 1.9, Starting_Date = "2018-11-05" WHERE Barcode = 10068;
UPDATE `PRODUCT` SET Price = 1.3, Starting_Date = "2018-12-08" WHERE Barcode = 10068;
UPDATE `PRODUCT` SET Price = 1.5, Starting_Date = "2019-01-08" WHERE Barcode = 10068;
UPDATE `PRODUCT` SET Price = 1.2, Starting_Date = "2019-05-23" WHERE Barcode = 10068;
UPDATE `PRODUCT` SET Price = 1.6, Starting_Date = "2020-06-08" WHERE Barcode = 10068;

UPDATE `PRODUCT` SET Price = 9.9, Starting_Date = "2018-01-08" WHERE Barcode = 10069;
UPDATE `PRODUCT` SET Price = 5.7, Starting_Date = "2018-02-28" WHERE Barcode = 10069;
UPDATE `PRODUCT` SET Price = 7.5, Starting_Date = "2018-03-08" WHERE Barcode = 10069;
UPDATE `PRODUCT` SET Price = 6.6, Starting_Date = "2018-04-08" WHERE Barcode = 10069;
UPDATE `PRODUCT` SET Price = 4.9, Starting_Date = "2018-05-08" WHERE Barcode = 10069;
UPDATE `PRODUCT` SET Price = 7.1, Starting_Date = "2018-06-08" WHERE Barcode = 10069;
UPDATE `PRODUCT` SET Price = 5.5, Starting_Date = "2019-01-08" WHERE Barcode = 10069;
UPDATE `PRODUCT` SET Price = 6.2, Starting_Date = "2019-05-23" WHERE Barcode = 10069;
UPDATE `PRODUCT` SET Price = 7.7, Starting_Date = "2020-06-08" WHERE Barcode = 10069;

UPDATE `PRODUCT` SET Price = 5.7, Starting_Date = "2018-02-28" WHERE Barcode = 10073;
UPDATE `PRODUCT` SET Price = 7.5, Starting_Date = "2018-03-08" WHERE Barcode = 10073;
UPDATE `PRODUCT` SET Price = 4.9, Starting_Date = "2018-05-08" WHERE Barcode = 10073;
UPDATE `PRODUCT` SET Price = 6.2, Starting_Date = "2019-05-23" WHERE Barcode = 10073;
UPDATE `PRODUCT` SET Price = 7.4, Starting_Date = "2020-06-08" WHERE Barcode = 10073;

UPDATE `PRODUCT` SET Price = 6.9, Starting_Date = "2018-01-08" WHERE Barcode = 10079;
UPDATE `PRODUCT` SET Price = 5.7, Starting_Date = "2018-02-28" WHERE Barcode = 10079;
UPDATE `PRODUCT` SET Price = 7.5, Starting_Date = "2018-03-08" WHERE Barcode = 10079;
UPDATE `PRODUCT` SET Price = 6.6, Starting_Date = "2018-04-08" WHERE Barcode = 10079;
UPDATE `PRODUCT` SET Price = 4.9, Starting_Date = "2018-05-08" WHERE Barcode = 10079;
UPDATE `PRODUCT` SET Price = 3.1, Starting_Date = "2018-06-08" WHERE Barcode = 10079;
UPDATE `PRODUCT` SET Price = 5.5, Starting_Date = "2019-01-08" WHERE Barcode = 10079;
UPDATE `PRODUCT` SET Price = 6.2, Starting_Date = "2019-05-23" WHERE Barcode = 10079;
UPDATE `PRODUCT` SET Price = 5, Starting_Date = "2020-06-08" WHERE Barcode = 10079;

UPDATE `PRODUCT` SET Price = 1.9, Starting_Date = "2018-03-08" WHERE Barcode = 10080;
UPDATE `PRODUCT` SET Price = 2.7, Starting_Date = "2018-05-28" WHERE Barcode = 10080;
UPDATE `PRODUCT` SET Price = 1.5, Starting_Date = "2018-07-23" WHERE Barcode = 10080;
UPDATE `PRODUCT` SET Price = 2.6, Starting_Date = "2018-09-01" WHERE Barcode = 10080;
UPDATE `PRODUCT` SET Price = 1.9, Starting_Date = "2018-11-05" WHERE Barcode = 10080;
UPDATE `PRODUCT` SET Price = 3.3, Starting_Date = "2018-12-08" WHERE Barcode = 10080;
UPDATE `PRODUCT` SET Price = 2.5, Starting_Date = "2019-01-08" WHERE Barcode = 10080;
UPDATE `PRODUCT` SET Price = 1.2, Starting_Date = "2019-05-23" WHERE Barcode = 10080;
UPDATE `PRODUCT` SET Price = 2.9, Starting_Date = "2020-06-08" WHERE Barcode = 10080;

UPDATE `PRODUCT` SET Price = 0.9, Starting_Date = "2018-03-08" WHERE Barcode = 10081;
UPDATE `PRODUCT` SET Price = 0.7, Starting_Date = "2018-05-28" WHERE Barcode = 10081;
UPDATE `PRODUCT` SET Price = 0.5, Starting_Date = "2018-07-23" WHERE Barcode = 10081;
UPDATE `PRODUCT` SET Price = 0.6, Starting_Date = "2018-09-01" WHERE Barcode = 10081;
UPDATE `PRODUCT` SET Price = 0.9, Starting_Date = "2018-11-05" WHERE Barcode = 10081;
UPDATE `PRODUCT` SET Price = 0.3, Starting_Date = "2018-12-08" WHERE Barcode = 10081;
UPDATE `PRODUCT` SET Price = 0.5, Starting_Date = "2019-01-08" WHERE Barcode = 10081;
UPDATE `PRODUCT` SET Price = 0.2, Starting_Date = "2019-05-23" WHERE Barcode = 10081;
UPDATE `PRODUCT` SET Price = 0.9, Starting_Date = "2020-06-08" WHERE Barcode = 10081;

UPDATE `PRODUCT` SET Price = 2.9, Starting_Date = "2018-03-08" WHERE Barcode = 10082;
UPDATE `PRODUCT` SET Price = 1.7, Starting_Date = "2018-05-28" WHERE Barcode = 10082;
UPDATE `PRODUCT` SET Price = 2.5, Starting_Date = "2018-07-23" WHERE Barcode = 10082;
UPDATE `PRODUCT` SET Price = 1.6, Starting_Date = "2018-09-01" WHERE Barcode = 10082;
UPDATE `PRODUCT` SET Price = 2.9, Starting_Date = "2018-11-05" WHERE Barcode = 10082;
UPDATE `PRODUCT` SET Price = 1.3, Starting_Date = "2018-12-08" WHERE Barcode = 10082;
UPDATE `PRODUCT` SET Price = 2.5, Starting_Date = "2019-01-08" WHERE Barcode = 10082;
UPDATE `PRODUCT` SET Price = 1.2, Starting_Date = "2019-05-23" WHERE Barcode = 10082;
UPDATE `PRODUCT` SET Price = 2, Starting_Date = "2020-06-08" WHERE Barcode = 10082;

UPDATE `PRODUCT` SET Price = 5.9, Starting_Date = "2018-03-08" WHERE Barcode = 10083;
UPDATE `PRODUCT` SET Price = 4.7, Starting_Date = "2018-05-28" WHERE Barcode = 10083;
UPDATE `PRODUCT` SET Price = 5.6, Starting_Date = "2018-09-01" WHERE Barcode = 10083;
UPDATE `PRODUCT` SET Price = 6.3, Starting_Date = "2018-12-08" WHERE Barcode = 10083;
UPDATE `PRODUCT` SET Price = 3.5, Starting_Date = "2019-01-08" WHERE Barcode = 10083;
UPDATE `PRODUCT` SET Price = 4.2, Starting_Date = "2019-05-23" WHERE Barcode = 10083;

UPDATE `PRODUCT` SET Price = 5.9, Starting_Date = "2018-03-08" WHERE Barcode = 10084;
UPDATE `PRODUCT` SET Price = 6.7, Starting_Date = "2018-05-28" WHERE Barcode = 10084;
UPDATE `PRODUCT` SET Price = 7.5, Starting_Date = "2018-07-23" WHERE Barcode = 10084;
UPDATE `PRODUCT` SET Price = 6.6, Starting_Date = "2018-09-01" WHERE Barcode = 10084;
UPDATE `PRODUCT` SET Price = 5.9, Starting_Date = "2018-11-05" WHERE Barcode = 10084;
UPDATE `PRODUCT` SET Price = 6.3, Starting_Date = "2018-12-08" WHERE Barcode = 10084;
UPDATE `PRODUCT` SET Price = 7.5, Starting_Date = "2019-01-08" WHERE Barcode = 10084;
UPDATE `PRODUCT` SET Price = 5.2, Starting_Date = "2019-05-23" WHERE Barcode = 10084;
UPDATE `PRODUCT` SET Price = 6.6, Starting_Date = "2020-06-08" WHERE Barcode = 10084;

UPDATE `PRODUCT` SET Price = 3.5, Starting_Date = "2018-07-23" WHERE Barcode = 10089;
UPDATE `PRODUCT` SET Price = 3.6, Starting_Date = "2018-09-01" WHERE Barcode = 10089;
UPDATE `PRODUCT` SET Price = 3.3, Starting_Date = "2018-12-08" WHERE Barcode = 10089;
UPDATE `PRODUCT` SET Price = 4.5, Starting_Date = "2019-01-08" WHERE Barcode = 10089;
UPDATE `PRODUCT` SET Price = 7.2, Starting_Date = "2019-05-23" WHERE Barcode = 10089;

UPDATE `PRODUCT` SET Price = 31.9, Starting_Date = "2018-04-17" WHERE Barcode = 10090;
UPDATE `PRODUCT` SET Price = 26.7, Starting_Date = "2018-06-28" WHERE Barcode = 10090;
UPDATE `PRODUCT` SET Price = 21.5, Starting_Date = "2018-08-23" WHERE Barcode = 10090;
UPDATE `PRODUCT` SET Price = 32.6, Starting_Date = "2018-10-01" WHERE Barcode = 10090;
UPDATE `PRODUCT` SET Price = 25.9, Starting_Date = "2018-12-05" WHERE Barcode = 10090;
UPDATE `PRODUCT` SET Price = 33.3, Starting_Date = "2019-01-08" WHERE Barcode = 10090;
UPDATE `PRODUCT` SET Price = 28.5, Starting_Date = "2019-07-08" WHERE Barcode = 10090;
UPDATE `PRODUCT` SET Price = 31.2, Starting_Date = "2019-09-23" WHERE Barcode = 10090;
UPDATE `PRODUCT` SET Price = 25.9, Starting_Date = "2020-06-08" WHERE Barcode = 10090;


INSERT INTO `Customer` (`Card#`, Name, Date_of_Birth, Family_Members, Pet, City, Postal_Code, Street, `Number`) VALUES (1, "Δημήτρης Παπανικολόπουλος", "1996-07-13", 7, "σκύλος", "ΑΘΉΝΑ", 15344, "Κλεισθένους", 40);
INSERT INTO `Customer` (`Card#`, Name, Date_of_Birth, Family_Members, Pet, City, Postal_Code, Street, `Number`) VALUES (2, "Άννα Παναγιωτακοπούλου", "1998-06-07", 4, "γάτα", "ΑΘΉΝΑ", 16661, "Φορμίωνος", 200);
INSERT INTO `Customer` (`Card#`, Name, Date_of_Birth, Family_Members, Pet, City, Postal_Code, Street, `Number`) VALUES (3, "Κωνσταντίνος Γεωργάκης", "1997-01-23", 5, "χάμστερ", "ΑΘΉΝΑ", 16666, "Αραχώβης", 50);
INSERT INTO `Customer` (`Card#`, Name, Date_of_Birth, Family_Members, Pet, City, Postal_Code, Street, `Number`) VALUES (4, "Μαρία Μπαξεβανάκη", "1991-07-27", 3, "πουλί", "ΑΘΉΝΑ", 15543, "Δαφνομήλη", 30);
INSERT INTO `Customer` (`Card#`, Name, Date_of_Birth, Family_Members, Pet, City, Postal_Code, Street, `Number`) VALUES (5, "Ελένη Γεωργακοπούλου", "1980-12-13", 5, "φίδι", "ΑΘΉΝΑ", 16891, "Κρυστάλλη", 26);
INSERT INTO `Customer` (`Card#`, Name, Date_of_Birth, Family_Members, Pet, City, Postal_Code, Street, `Number`) VALUES (6, "Χριστίνα Αποστόλου", "1995-01-15", 6, "κανένα", "ΑΘΉΝΑ", 13634, "Καλλιδρομίου", 48);
INSERT INTO `Customer` (`Card#`, Name, Date_of_Birth, Family_Members, Pet, City, Postal_Code, Street, `Number`) VALUES (7, "Ευαγγελία Ουρανίδου", "1986-10-19", 4, "σκύλος", "ΑΘΉΝΑ", 16141, "Καλλιφρονά", 53);
INSERT INTO `Customer` (`Card#`, Name, Date_of_Birth, Family_Members, Pet, City, Postal_Code, Street, `Number`) VALUES (8, "Μανώλης Παπαδημάκης", "1987-07-01", 4, "ψαράκια", "ΑΘΉΝΑ", 16644, "Καραολή και δημητρίου", 65);
INSERT INTO `Customer` (`Card#`, Name, Date_of_Birth, Family_Members, Pet, City, Postal_Code, Street, `Number`) VALUES (9, "Δημήτρης Δημάκης", "1977-07-18", 3, "σκύλος", "ΑΘΉΝΑ", 15748, "Βρυξελλών", 43);
INSERT INTO `Customer` (`Card#`, Name, Date_of_Birth, Family_Members, Pet, City, Postal_Code, Street, `Number`) VALUES (10, "Μαρία Ξενάκη", "1966-05-03", 1, "κανένα", "ΑΘΉΝΑ", 16790, "Τζαβέλλα", 12);
INSERT INTO `Customer` (`Card#`, Name, Date_of_Birth, Family_Members, Pet, City, Postal_Code, Street, `Number`) VALUES (11, "Ανδριάννα Αγγελοπούλου", "1986-12-23", 3, "γάτα", "ΑΘΉΝΑ", 16421, "Τσαμαδού", 33);
INSERT INTO `Customer` (`Card#`, Name, Date_of_Birth, Family_Members, Pet, City, Postal_Code, Street, `Number`) VALUES (12, "Δανάη Μπάρκα", "1980-02-14", 4, "σκύλος", "ΑΘΉΝΑ", 16895, "Ιθάκης", 4);
INSERT INTO `Customer` (`Card#`, Name, Date_of_Birth, Family_Members, Pet, City, Postal_Code, Street, `Number`) VALUES (13, "Διονυσία Παπαδοπούλου", "1996-11-11", 3, "κανένα", "ΑΘΉΝΑ", 16117, "Κερκύρας", 17);
INSERT INTO `Customer` (`Card#`, Name, Date_of_Birth, Family_Members, Pet, City, Postal_Code, Street, `Number`) VALUES (14, "Μιχάλης Διαμαντίδης", "1983-08-06", 6, "γάτες", "ΑΘΉΝΑ", 16428, "Σπετσών", 36);
INSERT INTO `Customer` (`Card#`, Name, Date_of_Birth, Family_Members, Pet, City, Postal_Code, Street, `Number`) VALUES (15, "Αμαλία Παπαμιχαηλίδου", "1990-04-30", 4, "κανένα", "ΑΘΉΝΑ", 15656, "Επτανήσου", 12);
INSERT INTO `Customer` (`Card#`, Name, Date_of_Birth, Family_Members, Pet, City, Postal_Code, Street, `Number`) VALUES (16, "Γρηγόρης Αποστολίδης", "1988-06-06", 6, "ψαράκια", "ΑΘΉΝΑ", 16767, "Αιγίνης", 20);
INSERT INTO `Customer` (`Card#`, Name, Date_of_Birth, Family_Members, Pet, City, Postal_Code, Street, `Number`) VALUES (17, "Κωνσταντίνος Καραχάλιος", "1996-10-15", 5, "σκύλος", "ΑΘΉΝΑ", 15455, "Κλεισόβης", 23);
INSERT INTO `Customer` (`Card#`, Name, Date_of_Birth, Family_Members, Pet, City, Postal_Code, Street, `Number`) VALUES (18, "Οδυσσέας Ιωάννου", "1984-04-24", 4, "σκύλος", "ΑΘΉΝΑ", 16644, "Μεσολογγίου", 27);
INSERT INTO `Customer` (`Card#`, Name, Date_of_Birth, Family_Members, Pet, City, Postal_Code, Street, `Number`) VALUES (19, "Αθανάσιος Ανδρέου", "1967-07-07", 3, "κανένα", "ΑΘΉΝΑ", 15774, "Φορμίωνος", 90);
INSERT INTO `Customer` (`Card#`, Name, Date_of_Birth, Family_Members, Pet, City, Postal_Code, Street, `Number`) VALUES (20, "Βασιλική Οικονόμου", "1989-09-25", 5, "χάμστερ", "ΑΘΉΝΑ", 15234, "Κεφαλληνίας", 19);
INSERT INTO `Customer` (`Card#`, Name, Date_of_Birth, Family_Members, Pet, City, Postal_Code, Street, `Number`) VALUES (21, "Βαγγέλης Βρούτσης", "1999-02-22", 7, "σκύλος", "ΑΘΉΝΑ", 16999, "Ερεσσού", 39);
INSERT INTO `Customer` (`Card#`, Name, Date_of_Birth, Family_Members, Pet, City, Postal_Code, Street, `Number`) VALUES (22, "Αγγελική Πολυκράτη", "1990-01-01", 1, "κανένα", "ΑΘΉΝΑ", 16001, "Κλεισθένους", 40);
INSERT INTO `Customer` (`Card#`, Name, Date_of_Birth, Family_Members, Pet, City, Postal_Code, Street, `Number`) VALUES (23, "Αναστάσης Παυλόπουλος", "1991-02-11", 3, "κανένα", "ΑΘΉΝΑ", 16003, "Αδάνων", 2);
INSERT INTO `Customer` (`Card#`, Name, Date_of_Birth, Family_Members, Pet, City, Postal_Code, Street, `Number`) VALUES (24, "Αλέξανδρος Αναστασάκης", "1992-03-21", 4, "γάτες", "ΑΘΉΝΑ", 15002, "Βασιλίσσης Σοφίας", 140);
INSERT INTO `Customer` (`Card#`, Name, Date_of_Birth, Family_Members, Pet, City, Postal_Code, Street, `Number`) VALUES (25, "Γιώργος Παπαδόπουλος", "1993-04-29", 6, "σκύλος", "ΑΘΉΝΑ", 15012, "Κωλέττη", 34);
INSERT INTO `Customer` (`Card#`, Name, Date_of_Birth, Family_Members, Pet, City, Postal_Code, Street, `Number`) VALUES (26, "Γιάννης Ψιλόπουλος", "1994-05-02", 5, "γάτες", "ΑΘΉΝΑ", 15098, "Σωκίωνος", 2);
INSERT INTO `Customer` (`Card#`, Name, Date_of_Birth, Family_Members, Pet, City, Postal_Code, Street, `Number`) VALUES (27, "Ανθή Χριστοδούλου", "1995-06-12", 4, "πουλί", "ΑΘΉΝΑ", 15099, "Φλέμινγκ", 4);
INSERT INTO `Customer` (`Card#`, Name, Date_of_Birth, Family_Members, Pet, City, Postal_Code, Street, `Number`) VALUES (28, "Ρόζα Πέτρου", "1996-07-22", 7, "σκύλος", "ΑΘΉΝΑ", 16054, "Αιόλου", 13);
INSERT INTO `Customer` (`Card#`, Name, Date_of_Birth, Family_Members, Pet, City, Postal_Code, Street, `Number`) VALUES (29, "Διόνυσος Αναστασίδης", "1997-08-03", 6, "πουλί", "ΑΘΉΝΑ", 15044, "Θαλείας", 41);
INSERT INTO `Customer` (`Card#`, Name, Date_of_Birth, Family_Members, Pet, City, Postal_Code, Street, `Number`) VALUES (30, "Σταύρος Κατωπόδης", "1998-09-13", 3, "χάμστερ", "ΑΘΉΝΑ", 15034, "Ερμού", 299);
INSERT INTO `Customer` (`Card#`, Name, Date_of_Birth, Family_Members, Pet, City, Postal_Code, Street, `Number`) VALUES (31, "Αχιλλέας Πολιτόπουλος", "1999-10-23", 4, "σκύλος", "ΑΘΉΝΑ", 15024, "Ήρας", 20);
INSERT INTO `Customer` (`Card#`, Name, Date_of_Birth, Family_Members, Pet, City, Postal_Code, Street, `Number`) VALUES (32, "Άρης Παπαπέτρου", "2000-11-04", 1, "γάτες", "ΑΘΉΝΑ", 15014, "Τμώλου", 17);
INSERT INTO `Customer` (`Card#`, Name, Date_of_Birth, Family_Members, Pet, City, Postal_Code, Street, `Number`) VALUES (33, "Άγης Παπαπανάγος", "1980-12-23", 3, "χάμστερ", "ΑΘΉΝΑ", 16601, "Ζωοδόχου Πηγής", 7);
INSERT INTO `Customer` (`Card#`, Name, Date_of_Birth, Family_Members, Pet, City, Postal_Code, Street, `Number`) VALUES (34, "Παναγιώτα Ανδρέου", "1981-01-24", 6, "κανένα", "ΑΘΉΝΑ", 16602, "Ολύμπου", 4);
INSERT INTO `Customer` (`Card#`, Name, Date_of_Birth, Family_Members, Pet, City, Postal_Code, Street, `Number`) VALUES (35, "Χαρά Σαρτζετάκη", "1982-02-14", 5, "κανένα", "ΑΘΉΝΑ", 16603, "Ωλένης", 49);
INSERT INTO `Customer` (`Card#`, Name, Date_of_Birth, Family_Members, Pet, City, Postal_Code, Street, `Number`) VALUES (36, "Ειρήνη Βρούτση", "1983-07-19", 4, "γάτες", "ΑΘΉΝΑ", 16605, "Γρανικού", 88);
INSERT INTO `Customer` (`Card#`, Name, Date_of_Birth, Family_Members, Pet, City, Postal_Code, Street, `Number`) VALUES (37, "Ζωή Ευτυχίδου", "1984-06-09", 4, "σκύλος", "ΑΘΉΝΑ", 16608, "Τσιμισκή", 33);
INSERT INTO `Customer` (`Card#`, Name, Date_of_Birth, Family_Members, Pet, City, Postal_Code, Street, `Number`) VALUES (38, "Τασία Οικονόμου", "1985-05-29", 3, "κανένα", "ΑΘΉΝΑ", 16609, "Έβρου", 10);
INSERT INTO `Customer` (`Card#`, Name, Date_of_Birth, Family_Members, Pet, City, Postal_Code, Street, `Number`) VALUES (39, "Ευσταθία Στεφανίδου", "1986-04-05", 8, "πουλί", "ΑΘΉΝΑ", 16610, "Ευφρονίου", 45);
INSERT INTO `Customer` (`Card#`, Name, Date_of_Birth, Family_Members, Pet, City, Postal_Code, Street, `Number`) VALUES (40, "Στέλλα Μενεγάκη", "1987-03-15", 6, "γάτες", "ΑΘΉΝΑ", 16612, "Αλικαρνασσού", 20);
INSERT INTO `Customer` (`Card#`, Name, Date_of_Birth, Family_Members, Pet, City, Postal_Code, Street, `Number`) VALUES (41, "Όλγα Παναγιώτου", "1988-02-25", 5, "χάμστερ", "ΑΘΉΝΑ", 15114, "Σιπύλου", 27);
INSERT INTO `Customer` (`Card#`, Name, Date_of_Birth, Family_Members, Pet, City, Postal_Code, Street, `Number`) VALUES (42, "Κωνσταντίνα Πετρίδου", "1989-03-26", 4, "σκύλος", "ΑΘΉΝΑ", 15111, "Άρεως", 135);
INSERT INTO `Customer` (`Card#`, Name, Date_of_Birth, Family_Members, Pet, City, Postal_Code, Street, `Number`) VALUES (43, "Θεοδώρα Τσαούτου", "1990-04-16", 3, "κουνέλι", "ΑΘΉΝΑ", 16222, "Λ. Καρέα", 217);
INSERT INTO `Customer` (`Card#`, Name, Date_of_Birth, Family_Members, Pet, City, Postal_Code, Street, `Number`) VALUES (44, "Μαριαλένα Κουφοπούλου", "1991-05-06", 4, "κανένα", "ΑΘΉΝΑ", 16777, "Λυδίας", 8);
INSERT INTO `Customer` (`Card#`, Name, Date_of_Birth, Family_Members, Pet, City, Postal_Code, Street, `Number`) VALUES (45, "Εμμανουέλα Κωνσταντίνου", "1992-06-08", 4, "σκύλος", "ΑΘΉΝΑ", 16888, "Φρυγίας", 6);
INSERT INTO `Customer` (`Card#`, Name, Date_of_Birth, Family_Members, Pet, City, Postal_Code, Street, `Number`) VALUES (46, "Χάρης Νεοφώτιστος", "1993-12-28", 5, "κανένα", "ΑΘΉΝΑ", 16999, "Νεοχωρίου", 5);
INSERT INTO `Customer` (`Card#`, Name, Date_of_Birth, Family_Members, Pet, City, Postal_Code, Street, `Number`) VALUES (47, "Πάρης Δημόπουλος", "1994-11-18", 3, "κανένα", "ΑΘΉΝΑ", 16101, "Καλαβρύτων", 19);
INSERT INTO `Customer` (`Card#`, Name, Date_of_Birth, Family_Members, Pet, City, Postal_Code, Street, `Number`) VALUES (48, "Βασιλική Χρονοπούλου", "1995-10-19", 5, "σκύλος", "ΑΘΉΝΑ", 16717, "Κολοκοτρώνη", 87);
INSERT INTO `Customer` (`Card#`, Name, Date_of_Birth, Family_Members, Pet, City, Postal_Code, Street, `Number`) VALUES (49, "Νεφέλη Παπανικολάου", "1996-09-09", 3, "κανένα", "ΑΘΉΝΑ", 15828, "Ξάνθης", 29);
INSERT INTO `Customer` (`Card#`, Name, Date_of_Birth, Family_Members, Pet, City, Postal_Code, Street, `Number`) VALUES (50, "Σελήνη Νικολοπούλου", "1997-08-29", 6, "σκύλος", "ΑΘΉΝΑ", 15737, "Κορυτσάς", 28);
INSERT INTO `Customer` (`Card#`, Name, Date_of_Birth, Family_Members, Pet, City, Postal_Code, Street, `Number`) VALUES (51, "Νατάσσα Νίκα", "1998-07-30", 6, "γάτες", "ΑΘΉΝΑ", 15646, "Κερασούντος", 30);
INSERT INTO `Customer` (`Card#`, Name, Date_of_Birth, Family_Members, Pet, City, Postal_Code, Street, `Number`) VALUES (52, "Νίκος Αγγελίδης", "1999-06-30", 3, "γάτες", "ΑΘΉΝΑ", 15190, "Επταλόφου", 13);
INSERT INTO `Customer` (`Card#`, Name, Date_of_Birth, Family_Members, Pet, City, Postal_Code, Street, `Number`) VALUES (53, "Απόστολος Γυφτάκης", "2001-05-31", 4, "σκύλος", "ΑΘΉΝΑ", 15118, "Κωνσταντινουπόλεως", 31);
INSERT INTO `Customer` (`Card#`, Name, Date_of_Birth, Family_Members, Pet, City, Postal_Code, Street, `Number`) VALUES (54, "Σπύρος Πυλιχός", "2000-04-10", 4, "χάμστερ", "ΑΘΉΝΑ", 15226, "Γραβιάς", 32);
INSERT INTO `Customer` (`Card#`, Name, Date_of_Birth, Family_Members, Pet, City, Postal_Code, Street, `Number`) VALUES (55, "Φαίη Πέτσα", "2002-03-20", 4, "σκύλος", "ΑΘΉΝΑ", 15338, "Δερβενακίων", 23);
INSERT INTO `Customer` (`Card#`, Name, Date_of_Birth, Family_Members, Pet, City, Postal_Code, Street, `Number`) VALUES (56, "Γεωργία Μπάκα", "1999-02-27", 8, "πουλί", "ΑΘΉΝΑ", 15349, "Δερβενίων", 56);
INSERT INTO `Customer` (`Card#`, Name, Date_of_Birth, Family_Members, Pet, City, Postal_Code, Street, `Number`) VALUES (57, "Δήμητρα Ρακιντζή", "1998-01-28", 7, "γάτες", "ΑΘΉΝΑ", 15398, "Λέλας Καραγιάννη", 37);
INSERT INTO `Customer` (`Card#`, Name, Date_of_Birth, Family_Members, Pet, City, Postal_Code, Street, `Number`) VALUES (58, "Σταματία Ανδρικοπούλου", "1997-12-25", 1, "σκύλος", "ΑΘΉΝΑ", 16649, "Αγίου Μελετίου", 73);
INSERT INTO `Customer` (`Card#`, Name, Date_of_Birth, Family_Members, Pet, City, Postal_Code, Street, `Number`) VALUES (59, "Αναστασία Ψαθάκη", "1996-12-24", 2, "γάτες", "ΑΘΉΝΑ", 15768, "Φιλολάου", 48);
INSERT INTO `Customer` (`Card#`, Name, Date_of_Birth, Family_Members, Pet, City, Postal_Code, Street, `Number`) VALUES (60, "Παρασκευάς Ευαγγελόπουλος", "1995-11-03", 2, "κανένα", "ΑΘΉΝΑ", 15709, "Νοταρά", 26);
INSERT INTO `Customer` (`Card#`, Name, Date_of_Birth, Family_Members, Pet, City, Postal_Code, Street, `Number`) VALUES (61, "Γιώργος Κωνσταντινίδης", "1994-11-13", 5, "σκύλος", "ΑΘΉΝΑ", 15753, "Σπύρου Τρικούπη", 17);
INSERT INTO `Customer` (`Card#`, Name, Date_of_Birth, Family_Members, Pet, City, Postal_Code, Street, `Number`) VALUES (62, "Γιάννης Μαλεβάζος", "1980-01-23", 4, "κανένα", "ΑΘΉΝΑ", 15761, "Φαίδωνος", 22);
INSERT INTO `Customer` (`Card#`, Name, Date_of_Birth, Family_Members, Pet, City, Postal_Code, Street, `Number`) VALUES (63, "Σοφοκλής Τουτζιεράκης", "1981-01-07", 3, "σκύλος", "ΑΘΉΝΑ", 15890, "Αριστοτέλους", 26);
INSERT INTO `Customer` (`Card#`, Name, Date_of_Birth, Family_Members, Pet, City, Postal_Code, Street, `Number`) VALUES (64, "Αριστείδης Κωστόπουλος", "1983-03-09", 3, "γάτα", "ΑΘΉΝΑ", 15892, "Λυσάνδρου", 48);
INSERT INTO `Customer` (`Card#`, Name, Date_of_Birth, Family_Members, Pet, City, Postal_Code, Street, `Number`) VALUES (65, "Βασίλης Παύλος", "1982-03-11", 4, "σκύλος", "ΑΘΉΝΑ", 15893, "Μουρίκη", 18);
INSERT INTO `Customer` (`Card#`, Name, Date_of_Birth, Family_Members, Pet, City, Postal_Code, Street, `Number`) VALUES (66, "Βιβή Αντωνίου", "1977-05-13", 9, "γάτες", "ΑΘΉΝΑ", 16554, "Άρτης", 16);
INSERT INTO `Customer` (`Card#`, Name, Date_of_Birth, Family_Members, Pet, City, Postal_Code, Street, `Number`) VALUES (67, "Τατιάνα Γόντικα", "1978-05-15", 7, "πουλί", "ΑΘΉΝΑ", 16787, "Τηεμάχου", 13);
INSERT INTO `Customer` (`Card#`, Name, Date_of_Birth, Family_Members, Pet, City, Postal_Code, Street, `Number`) VALUES (68, "Φανή Αντωνιάδου", "1979-07-17", 8, "σκύλος", "ΑΘΉΝΑ", 15787, "Κέας", 12);
INSERT INTO `Customer` (`Card#`, Name, Date_of_Birth, Family_Members, Pet, City, Postal_Code, Street, `Number`) VALUES (69, "Εύα Παππά", "1996-07-19", 6, "κανένα", "ΑΘΉΝΑ", 15559, "Σαλτελή", 11);
INSERT INTO `Customer` (`Card#`, Name, Date_of_Birth, Family_Members, Pet, City, Postal_Code, Street, `Number`) VALUES (70, "Εύη Παπαφλέσσα", "1975-09-21", 5, "σκύλος", "ΑΘΉΝΑ", 15412, "Δαγρέ", 8);
INSERT INTO `Customer` (`Card#`, Name, Date_of_Birth, Family_Members, Pet, City, Postal_Code, Street, `Number`) VALUES (71, "Μαρία Παπαδημητρίου", "1974-09-23", 7, "πουλί", "ΑΘΉΝΑ", 15312, "Αχιλλέως", 111);
INSERT INTO `Customer` (`Card#`, Name, Date_of_Birth, Family_Members, Pet, City, Postal_Code, Street, `Number`) VALUES (72, "Μαριάνθη Κυριακίδου", "1973-02-25", 4, "κανένα", "ΑΘΉΝΑ", 15669, "Αλκυόνης", 12);
INSERT INTO `Customer` (`Card#`, Name, Date_of_Birth, Family_Members, Pet, City, Postal_Code, Street, `Number`) VALUES (73, "Μαργαρίτα Αϊβαζόγλου", "1972-02-27", 7, "γάτες", "ΑΘΉΝΑ", 15337, "Τρίτωνος", 19);
INSERT INTO `Customer` (`Card#`, Name, Date_of_Birth, Family_Members, Pet, City, Postal_Code, Street, `Number`) VALUES (74, "Βιολέτα Παναγιωτοπούλου", "1971-04-29", 3, "σκύλος", "ΑΘΉΝΑ", 15339, "Νηρηίδων", 35);
INSERT INTO `Customer` (`Card#`, Name, Date_of_Birth, Family_Members, Pet, City, Postal_Code, Street, `Number`) VALUES (75, "Δήμος Παπούλιας", "1970-04-02", 3, "χάμστερ", "ΑΘΉΝΑ", 15340, "Μουσών", 28);
INSERT INTO `Customer` (`Card#`, Name, Date_of_Birth, Family_Members, Pet, City, Postal_Code, Street, `Number`) VALUES (76, "Αλεξία Πετρόπουλος", "1969-06-04", 4, "γάτες", "ΑΘΉΝΑ", 15342, "Αφροδίτης", 33);
INSERT INTO `Customer` (`Card#`, Name, Date_of_Birth, Family_Members, Pet, City, Postal_Code, Street, `Number`) VALUES (77, "Αλεξάνδρα Σταθοπούλου", "1999-06-08", 6, "σκύλος", "ΑΘΉΝΑ", 15376, "Σειρήνων", 87);
INSERT INTO `Customer` (`Card#`, Name, Date_of_Birth, Family_Members, Pet, City, Postal_Code, Street, `Number`) VALUES (78, "Χριστίνα Τσούνη", "1998-08-06", 8, "σκύλος", "ΑΘΉΝΑ", 16744, "Ορφέως", 36);
INSERT INTO `Customer` (`Card#`, Name, Date_of_Birth, Family_Members, Pet, City, Postal_Code, Street, `Number`) VALUES (79, "Αντώνης Γεωργόπούλος", "1997-08-10", 7, "κανένα", "ΑΘΉΝΑ", 16394, "Μυκήνων", 35);
INSERT INTO `Customer` (`Card#`, Name, Date_of_Birth, Family_Members, Pet, City, Postal_Code, Street, `Number`) VALUES (80, "Κυριάκος Μανουσάκης", "1995-10-12", 5, "σκύλος", "ΑΘΉΝΑ", 16060, "Ασκληπιού", 45);
INSERT INTO `Customer` (`Card#`, Name, Date_of_Birth, Family_Members, Pet, City, Postal_Code, Street, `Number`) VALUES (81, "Λεωνίδας Ελευθεράκης", "1996-10-14", 4, "πουλί", "ΑΘΉΝΑ", 15050, "Ιπποκράτους", 93);
INSERT INTO `Customer` (`Card#`, Name, Date_of_Birth, Family_Members, Pet, City, Postal_Code, Street, `Number`) VALUES (82, "Παναγιώτης Πιτταράς", "1994-05-16", 8, "γάτες", "ΑΘΉΝΑ", 15675, "Παμφυλίας", 15);
INSERT INTO `Customer` (`Card#`, Name, Date_of_Birth, Family_Members, Pet, City, Postal_Code, Street, `Number`) VALUES (83, "Περικλής Χήναρης", "1993-05-18", 6, "σκύλος", "ΑΘΉΝΑ", 15666, "Σουλτάνη", 28);
INSERT INTO `Customer` (`Card#`, Name, Date_of_Birth, Family_Members, Pet, City, Postal_Code, Street, `Number`) VALUES (84, "Πέτρος Ορφανίδης", "1992-06-20", 7, "χάμστερ", "ΑΘΉΝΑ", 16969, "Μποτάση", 47);
INSERT INTO `Customer` (`Card#`, Name, Date_of_Birth, Family_Members, Pet, City, Postal_Code, Street, `Number`) VALUES (85, "Παύλος Βουτσινάς", "1991-03-13", 5, "σκύλος", "ΑΘΉΝΑ", 16789, "Σκουφά", 56);

INSERT INTO `Customer_Phone#` VALUES
('6986534111', 1),
('6986534112', 1),
('6986534113', 1),
('6986534114', 2),
('6986534115', 2),
('6986534116', 3),
('6986534117', 4),
('6986534118', 4),
('6986534119', 5),
('6986534121', 6),
('6986534122', 7),
('6986534123', 7),
('6986534124', 8),
('6986534125', 8),
('6986534126', 9),
('6986534127', 9),
('6986534128', 10),
('6996534111', 11),
('6996534112', 12),
('6996534113', 13),
('6996534114', 14),
('6996534115', 25),
('6996534116', 31),
('6996534117', 43),
('6996534118', 46),
('6996534119', 57),
('6996534121', 67),
('6996534122', 74),
('6996534123', 77),
('6996534124', 81),
('6996534125', 82),
('6996534126', 19),
('6996534127', 29),
('6996534128', 30),
('6956534111', 21),
('6956534112', 41),
('6956534113', 51),
('6956534114', 22),
('6956534115', 32),
('6956534116', 43),
('6956534117', 24),
('6956534118', 34),
('6956534119', 25),
('6956534121', 56),
('6956534122', 57),
('6956534123', 37),
('6956534124', 38),
('6956534125', 28),
('6956534126', 69),
('6956534127', 59),
('6956534128', 80),
('6966534111', 81),
('6966534112', 72),
('6966534113', 63),
('6966534114', 64),
('6966534115', 65),
('6966534116', 61),
('6966534117', 43),
('6966534118', 76),
('6966534119', 55),
('6966534121', 65),
('6966534122', 75),
('6966534123', 85),
('6966534124', 38),
('6966534125', 48),
('6966534126', 49),
('6966534127', 59),
('6966534128', 50);


INSERT INTO `TRANSACTION` (`Date_Time`, `Payment_Method`, `Customer_Card#`, `STORE_STORE_id`) VALUES
('2019-05-23 15:50:10', 'μετρητά', 1, 5),
('2019-05-23 15:50:10', 'κάρτα', 1, 8),
('2020-02-03 16:20:00', 'κάρτα', 1, 3),
('2020-03-03 16:16:16', 'μετρητά', 1, 1),
('2020-03-03 16:50:00', 'μετρητά', 1, 3),
('2020-05-23 10:10:10', 'μετρητά', 1, 3),
('2020-05-23 10:10:20', 'κάρτα', 1, 8),
('2020-05-23 15:10:10', 'κάρτα', 1, 8),
('2020-05-23 15:50:10', 'μετρητά', 1, 8),
('2020-06-23 08:15:50', 'κάρτα', 1, 5),
('2020-07-01 08:15:50', 'κάρτα', 1, 1),
('2020-07-03 08:15:50', 'κάρτα', 1, 1);

INSERT INTO `TRANSACTION` (Date_Time, Payment_Method, `Customer_Card#`, STORE_STORE_id) VALUES 
("2018-01-13 09:16:16", "κάρτα", 1, 1),
("2018-01-18 10:16:16", "κάρτα", 1, 4),
("2018-01-23 11:16:16", "κάρτα", 1, 8),
("2018-02-02 12:21:18", "μετρητά", 1, 1),
("2018-02-13 13:16:16", "κάρτα", 1, 4);

INSERT INTO `TRANSACTION` (Date_Time, Payment_Method, `Customer_Card#`, STORE_STORE_id) VALUES 
("2018-03-01 14:16:16", "κάρτα", 2, 8),
("2018-03-08 15:16:16", "μετρητά", 2, 4),
("2018-03-10 16:16:16", "μετρητά", 2, 1),
("2018-03-15 17:16:16", "κάρτα", 2, 8),
("2018-03-20 18:16:16", "κάρτα", 2, 8);

INSERT INTO `TRANSACTION` (Date_Time, Payment_Method, `Customer_Card#`, STORE_STORE_id) VALUES 
("2018-01-04 19:16:16", "μετρητά", 3, 1),
("2018-02-14 20:16:16", "μετρητά", 3, 1),
("2018-03-19 08:16:16", "μετρητά", 3, 1),
("2018-03-30 16:01:16", "κάρτα", 3, 1);

INSERT INTO `TRANSACTION` (Date_Time, Payment_Method, `Customer_Card#`, STORE_STORE_id) VALUES 
("2018-01-15 16:02:16", "μετρητά", 4, 1),
("2018-01-19 16:03:16", "κάρτα", 4, 1),
("2018-01-21 16:04:16", "κάρτα", 4, 1),
("2018-01-25 16:05:16", "μετρητά", 4, 4),
("2018-01-29 16:06:16", "κάρτα", 4, 4);

INSERT INTO `TRANSACTION` (Date_Time, Payment_Method, `Customer_Card#`, STORE_STORE_id) VALUES 
("2018-01-20 16:07:16", "κάρτα", 5, 1),
("2018-02-07 16:08:16", "μετρητά", 5, 1),
("2018-02-15 16:09:16", "κάρτα", 5, 8),
("2018-02-27 16:10:16", "μετρητά", 5, 4);

INSERT INTO `TRANSACTION` (Date_Time, Payment_Method, `Customer_Card#`, STORE_STORE_id) VALUES 
("2018-01-03 16:11:16", "μετρητά", 6, 8),
("2018-01-05 16:12:16", "μετρητά", 6, 8),
("2018-01-16 16:13:16", "κάρτα", 6, 8),
("2018-02-17 16:14:16", "κάρτα", 6, 8);
INSERT INTO `TRANSACTION` (Date_Time, Payment_Method, `Customer_Card#`, STORE_STORE_id) VALUES 
("2018-03-09 16:15:16", "κάρτα", 7, 4),
("2018-03-12 16:17:16", "κάρτα", 7, 4),
("2018-03-16 16:18:16", "μετρητά", 7, 4),
("2018-03-18 16:19:16", "κάρτα", 7, 1),
("2018-03-22 16:20:16", "κάρτα", 7, 4);

INSERT INTO `TRANSACTION` (Date_Time, Payment_Method, `Customer_Card#`, STORE_STORE_id) VALUES 
("2018-03-09 16:21:16", "μετρητά", 8, 1),
("2018-03-12 16:22:16", "μετρητά", 8, 1),
("2018-03-18 16:23:16", "κάρτα", 8, 1),
("2018-03-22 16:24:16", "μετρητά", 8, 1);

INSERT INTO `TRANSACTION` (Date_Time, Payment_Method, `Customer_Card#`, STORE_STORE_id) VALUES 
("2018-03-19 16:28:16", "κάρτα", 9, 4),
("2018-03-24 16:29:16", "κάρτα", 9, 4);

INSERT INTO `TRANSACTION` (Date_Time, Payment_Method, `Customer_Card#`, STORE_STORE_id) VALUES 
("2018-02-03 16:30:16", "μετρητά", 10, 8),
("2018-02-04 16:31:16", "μετρητά", 10, 8),
("2018-02-08 16:32:16", "μετρητά", 10, 8),
("2018-02-12 16:33:16", "μετρητά", 10, 1),
("2018-03-13 16:34:16", "μετρητά", 10, 8);

INSERT INTO `TRANSACTION` (Date_Time, Payment_Method, `Customer_Card#`, STORE_STORE_id) VALUES 
("2018-03-01 16:35:16", "μετρητά", 11, 4),
("2018-03-05 16:36:16", "κάρτα", 11, 1),
("2018-03-10 16:37:16", "κάρτα", 11, 1),
("2018-03-15 16:38:16", "κάρτα", 11, 4),
("2018-03-28 16:39:16", "μετρητά", 11, 1);

INSERT INTO `TRANSACTION` (Date_Time, Payment_Method, `Customer_Card#`, STORE_STORE_id) VALUES 
("2018-04-19 16:43:16", "κάρτα", 12, 8),
("2018-04-29 16:44:16", "κάρτα", 12, 1);

INSERT INTO `TRANSACTION` (Date_Time, Payment_Method, `Customer_Card#`, STORE_STORE_id) VALUES 
("2018-02-26 16:45:16", "κάρτα", 13, 4),
("2018-03-01 16:46:16", "κάρτα", 13, 4),
("2018-03-04 16:47:16", "μετρητά", 13, 1),
("2018-03-09 16:48:16", "μετρητά", 13, 4),
("2018-03-30 16:49:16", "μετρητά", 13, 1);

INSERT INTO `TRANSACTION` (Date_Time, Payment_Method, `Customer_Card#`, STORE_STORE_id) VALUES 
("2018-03-18 16:50:16", "κάρτα", 14, 1),
("2018-03-30 16:51:16", "κάρτα", 14, 8),
("2018-04-01 16:52:16", "μετρητά", 14, 1),
("2018-04-30 16:53:16", "κάρτα", 14, 8);

INSERT INTO `TRANSACTION` (Date_Time, Payment_Method, `Customer_Card#`, STORE_STORE_id) VALUES 
("2018-04-01 16:54:16", "μετρητά", 15, 1),
("2018-04-17 16:55:16", "κάρτα", 15, 1),
("2018-04-27 16:56:16", "μετρητά", 15, 8),
("2018-04-30 16:57:16", "κάρτα", 15, 4);

INSERT INTO `TRANSACTION` (Date_Time, Payment_Method, `Customer_Card#`, STORE_STORE_id) VALUES 
("2018-03-15 18:16:16", "μετρητά", 16, 1),
("2018-04-25 19:16:16", "κάρτα", 16, 1);

INSERT INTO `TRANSACTION` (Date_Time, Payment_Method, `Customer_Card#`, STORE_STORE_id) VALUES 
("2018-03-17 20:21:16", "κάρτα", 17, 4),
("2018-04-01 20:22:16", "μετρητά", 17, 4);

INSERT INTO `TRANSACTION` (Date_Time, Payment_Method, `Customer_Card#`, STORE_STORE_id) VALUES 
("2018-04-10 11:04:16", "μετρητά", 18, 8),
("2018-04-18 11:05:16", "μετρητά", 18, 8);

INSERT INTO `TRANSACTION` (Date_Time, Payment_Method, `Customer_Card#`, STORE_STORE_id) VALUES 
("2018-03-05 11:06:16", "κάρτα", 19, 1),
("2018-04-07 11:07:16", "κάρτα", 19, 4),
("2018-04-16 11:08:16", "κάρτα", 19, 1),
("2018-04-23 11:09:16", "μετρητά", 19, 8),
("2018-04-29 11:10:16", "κάρτα", 19, 1);

INSERT INTO `TRANSACTION` (Date_Time, Payment_Method, `Customer_Card#`, STORE_STORE_id) VALUES 
("2018-01-16 12:14:16", "κάρτα", 20, 10),
("2018-01-21 12:15:16", "κάρτα", 20, 10);

INSERT INTO `TRANSACTION` (Date_Time, Payment_Method, `Customer_Card#`, STORE_STORE_id) VALUES 
("2018-01-02 12:16:16", "μετρητά", 21, 5),
("2018-01-22 12:20:16", "κάρτα", 21, 10);

INSERT INTO `TRANSACTION` (Date_Time, Payment_Method, `Customer_Card#`, STORE_STORE_id) VALUES 
("2018-01-03 12:21:16", "κάρτα", 22, 5),
("2018-01-08 12:22:16", "κάρτα", 22, 5),
("2018-01-23 12:25:16", "μετρητά", 22, 5);

INSERT INTO `TRANSACTION` (Date_Time, Payment_Method, `Customer_Card#`, STORE_STORE_id) VALUES 
("2018-02-01 12:26:16", "κάρτα", 23, 10),
("2018-02-06 12:27:16", "μετρητά", 23, 5),
("2018-02-11 12:28:16", "κάρτα", 23, 10),
("2018-02-14 12:29:16", "μετρητά", 23, 10),
("2018-02-19 12:30:16", "μετρητά", 23, 10);

INSERT INTO `TRANSACTION` (Date_Time, Payment_Method, `Customer_Card#`, STORE_STORE_id) VALUES 
("2018-01-23 12:31:16", "κάρτα", 24, 10),
("2018-02-12 12:32:16", "μετρητά", 24, 5);

INSERT INTO `TRANSACTION` (Date_Time, Payment_Method, `Customer_Card#`, STORE_STORE_id) VALUES 
("2018-01-10 12:33:16", "κάρτα", 25, 5),
("2018-01-21 12:34:16", "κάρτα", 25, 10),
("2018-02-10 12:35:16", "μετρητά", 25, 10),
("2018-02-15 12:36:16", "μετρητά", 25, 5),
("2018-02-19 12:37:16", "κάρτα", 25, 10),
("2018-03-22 12:38:16", "μετρητά", 25, 5),
("2018-03-27 12:39:16", "κάρτα", 25, 10);

INSERT INTO `TRANSACTION` (Date_Time, Payment_Method, `Customer_Card#`, STORE_STORE_id) VALUES 
("2018-01-28 12:40:16", "μετρητά", 26, 10),
("2018-02-10 12:41:16", "κάρτα", 26, 10),
("2018-02-20 12:42:16", "κάρτα", 26, 5);

INSERT INTO `TRANSACTION` (Date_Time, Payment_Method, `Customer_Card#`, STORE_STORE_id) VALUES 
("2018-02-28 12:49:16", "κάρτα", 27, 10),
("2018-03-01 12:50:16", "κάρτα", 27, 5),
("2018-03-09 12:51:16", "κάρτα", 27, 10);

INSERT INTO `TRANSACTION` (Date_Time, Payment_Method, `Customer_Card#`, STORE_STORE_id) VALUES 
("2018-01-04 12:52:16", "κάρτα", 28, 10),
("2018-01-10 12:53:16", "κάρτα", 28, 10),
("2018-01-14 12:54:16", "κάρτα", 28, 5),
("2018-01-20 12:55:16", "μετρητά", 28, 5),
("2018-01-24 12:56:16", "κάρτα", 28, 10);

INSERT INTO `TRANSACTION` (Date_Time, Payment_Method, `Customer_Card#`, STORE_STORE_id) VALUES 
("2018-01-30 14:17:16", "κάρτα", 29, 10),
("2018-02-16 14:18:16", "κάρτα", 29, 10),
("2018-02-18 14:19:16", "κάρτα", 29, 10),
("2018-02-22 14:23:16", "κάρτα", 29, 10),
("2018-03-03 14:24:16", "μετρητά", 29, 5);

INSERT INTO `TRANSACTION` (Date_Time, Payment_Method, `Customer_Card#`, STORE_STORE_id) VALUES 
("2018-01-03 15:20:16", "μετρητά", 30, 5),
("2018-01-13 15:21:16", "κάρτα", 30, 5);

INSERT INTO `TRANSACTION` (Date_Time, Payment_Method, `Customer_Card#`, STORE_STORE_id) VALUES 
("2018-01-07 15:22:16", "κάρτα", 31, 5),
("2018-01-19 15:23:16", "κάρτα", 31, 5),
("2018-01-22 15:24:16", "κάρτα", 31, 5),
("2018-01-30 15:25:16", "μετρητά", 31, 10);

INSERT INTO `TRANSACTION` (Date_Time, Payment_Method, `Customer_Card#`, STORE_STORE_id) VALUES 
("2018-02-19 15:32:16", "μετρητά", 32, 5),
("2018-03-01 15:33:16", "κάρτα", 32, 5),
("2018-03-30 15:34:16", "μετρητά", 32, 5);

INSERT INTO `TRANSACTION` (Date_Time, Payment_Method, `Customer_Card#`, STORE_STORE_id) VALUES 
("2018-02-19 15:35:16", "κάρτα", 33, 10),
("2018-02-22 15:36:16", "κάρτα", 33, 10),
("2018-02-25 15:37:16", "μετρητά", 33, 5),
("2018-03-04 15:38:16", "κάρτα", 33, 10);

INSERT INTO `TRANSACTION` (Date_Time, Payment_Method, `Customer_Card#`, STORE_STORE_id) VALUES 
("2018-02-01 15:39:16", "μετρητά", 34, 10),
("2018-02-03 15:40:16", "μετρητά", 34, 10),
("2018-02-15 15:41:16", "κάρτα", 34, 10),
("2018-03-18 15:42:16", "μετρητά", 34, 5),
("2018-03-31 15:43:16", "κάρτα", 34, 10);

INSERT INTO `TRANSACTION` (Date_Time, Payment_Method, `Customer_Card#`, STORE_STORE_id) VALUES 
("2018-03-01 09:18:16", "μετρητά", 35, 5),
("2018-03-04 09:15:16", "κάρτα", 35, 5),
("2018-03-10 09:23:16", "μετρητά", 35, 5),
("2018-03-19 09:24:16", "μετρητά", 35, 10),
("2018-03-29 09:27:16", "κάρτα", 35, 10);

INSERT INTO `TRANSACTION` (Date_Time, Payment_Method, `Customer_Card#`, STORE_STORE_id) VALUES 
("2018-01-02 09:16:16", "μετρητά", 36, 5),
("2018-01-11 10:16:16", "κάρτα", 36, 5),
("2018-02-12 11:16:16", "κάρτα", 36, 10),
("2018-02-22 12:16:16", "μετρητά", 36, 5),
("2018-03-01 13:16:16", "κάρτα", 36, 10);

INSERT INTO `TRANSACTION` (Date_Time, Payment_Method, `Customer_Card#`, STORE_STORE_id) VALUES 
("2018-02-12 14:11:16", "μετρητά", 37, 5),
("2018-02-16 15:11:16", "κάρτα", 37, 5),
("2018-02-17 17:11:16", "μετρητά", 37, 10),
("2018-02-20 18:11:16", "μετρητά", 37, 5),
("2018-02-27 19:11:16", "κάρτα", 37, 10);

INSERT INTO `TRANSACTION` (Date_Time, Payment_Method, `Customer_Card#`, STORE_STORE_id) VALUES 
("2018-01-13 20:12:16", "κάρτα", 38, 5),
("2018-01-15 09:12:16", "κάρτα", 38, 5),
("2018-01-16 09:12:16", "κάρτα", 38, 10),
("2018-02-08 10:12:16", "κάρτα", 38, 5),
("2018-02-20 18:12:16", "κάρτα", 38, 10),
("2018-02-25 19:12:16", "κάρτα", 38, 10);

INSERT INTO `TRANSACTION` (Date_Time, Payment_Method, `Customer_Card#`, STORE_STORE_id) VALUES 
("2018-02-02 17:16:16", "κάρτα", 39, 5),
("2018-02-09 17:16:16", "κάρτα", 39, 5),
("2018-02-12 17:16:16", "μετρητά", 39, 5),
("2018-02-28 17:16:16", "μετρητά", 39, 10),
("2018-03-08 17:16:16", "κάρτα", 39, 10);

INSERT INTO `TRANSACTION` (Date_Time, Payment_Method, `Customer_Card#`, STORE_STORE_id) VALUES 
("2018-01-03 17:16:16", "μετρητά", 40, 7),
("2018-01-05 17:16:16", "κάρτα", 40, 7),
("2018-01-07 17:16:16", "μετρητά", 40, 7),
("2018-01-11 17:16:16", "κάρτα", 40, 1);

INSERT INTO `TRANSACTION` (Date_Time, Payment_Method, `Customer_Card#`, STORE_STORE_id) VALUES 
("2018-01-04 17:16:16", "κάρτα", 41, 7),
("2018-01-08 17:16:16", "κάρτα", 41, 7),
("2018-01-12 17:16:16", "μετρητά", 41, 7),
("2018-01-18 17:16:16", "κάρτα", 41, 1),
("2018-01-22 17:16:16", "μετρητά", 41, 7);

INSERT INTO `TRANSACTION` (Date_Time, Payment_Method, `Customer_Card#`, STORE_STORE_id) VALUES 
("2018-01-05 13:16:16", "κάρτα", 42, 7),
("2018-01-09 13:16:16", "κάρτα", 42, 7),
("2018-01-13 13:16:16", "κάρτα", 42, 7),
("2018-01-17 13:16:16", "κάρτα", 42, 7),
("2018-01-21 13:16:16", "κάρτα", 42, 7);

INSERT INTO `TRANSACTION` (Date_Time, Payment_Method, `Customer_Card#`, STORE_STORE_id) VALUES 
("2018-01-20 14:16:16", "κάρτα", 43, 7),
("2018-01-23 14:16:16", "κάρτα", 43, 7),
("2018-01-27 14:16:16", "μετρητά", 43, 7),
("2018-01-31 14:16:16", "κάρτα", 43, 10);

INSERT INTO `TRANSACTION` (Date_Time, Payment_Method, `Customer_Card#`, STORE_STORE_id) VALUES 
("2018-01-31 11:16:16", "μετρητά", 44, 7),
("2018-02-03 11:16:16", "κάρτα", 44, 7),
("2018-02-09 11:16:16", "μετρητά", 44, 7),
("2018-02-13 11:16:16", "κάρτα", 44, 5),
("2018-02-27 11:16:16", "μετρητά", 44, 1);

INSERT INTO `TRANSACTION` (Date_Time, Payment_Method, `Customer_Card#`, STORE_STORE_id) VALUES 
("2018-01-29 12:16:16", "κάρτα", 45, 7),
("2018-02-02 12:16:16", "μετρητά", 45, 7),
("2018-02-12 12:16:16", "κάρτα", 45, 7),
("2018-03-10 12:16:16", "κάρτα", 45, 7),
("2018-03-31 12:16:16", "μετρητά", 45, 7);

INSERT INTO `TRANSACTION` (Date_Time, Payment_Method, `Customer_Card#`, STORE_STORE_id) VALUES 
("2018-02-05 13:16:16", "μετρητά", 46, 10),
("2018-02-15 13:16:16", "κάρτα", 46, 7),
("2018-03-25 13:16:16", "μετρητά", 46, 7);

INSERT INTO `TRANSACTION` (Date_Time, Payment_Method, `Customer_Card#`, STORE_STORE_id) VALUES 
("2018-01-25 18:16:16", "μετρητά", 47, 7),
("2018-01-26 18:16:16", "κάρτα", 47, 10),
("2018-01-28 18:16:16", "μετρητά", 47, 7),
("2018-01-30 18:16:16", "κάρτα", 47, 7),
("2018-01-31 18:16:16", "κάρτα", 47, 10);

INSERT INTO `TRANSACTION` (Date_Time, Payment_Method, `Customer_Card#`, STORE_STORE_id) VALUES 
("2018-01-06 20:20:16", "μετρητά", 48, 10),
("2018-01-16 20:21:16", "μετρητά", 48, 7),
("2018-01-19 20:22:16", "κάρτα", 48, 7),
("2018-01-21 20:23:16", "κάρτα", 48, 7),
("2018-01-27 20:24:16", "μετρητά", 48, 7);

INSERT INTO `TRANSACTION` (Date_Time, Payment_Method, `Customer_Card#`, STORE_STORE_id) VALUES 
("2018-03-01 09:16:16", "μετρητά", 49, 7),
("2018-03-06 08:16:16", "κάρτα", 49, 7),
("2018-03-16 08:16:16", "μετρητά", 49, 9),
("2018-03-26 08:16:16", "κάρτα", 49, 7),
("2018-03-29 08:16:16", "κάρτα", 49, 7);

INSERT INTO `TRANSACTION` (Date_Time, Payment_Method, `Customer_Card#`, STORE_STORE_id) VALUES 
("2018-01-02 10:16:16", "μετρητά", 50, 9),
("2018-01-09 10:16:16", "μετρητά", 50, 9),
("2018-01-12 10:16:16", "κάρτα", 50, 7),
("2018-01-16 10:16:16", "κάρτα", 50, 7),
("2018-01-19 10:16:16", "μετρητά", 50, 9);

INSERT INTO `TRANSACTION` (Date_Time, Payment_Method, `Customer_Card#`, STORE_STORE_id) VALUES 
("2018-01-04 11:16:16", "μετρητά", 51, 9),
("2018-01-29 16:10:16", "κάρτα", 51, 9);

INSERT INTO `TRANSACTION` (Date_Time, Payment_Method, `Customer_Card#`, STORE_STORE_id) VALUES 
("2018-03-01 15:16:16", "κάρτα", 52, 9),
("2018-03-10 15:16:16", "μετρητά", 52, 1);

INSERT INTO `TRANSACTION` (Date_Time, Payment_Method, `Customer_Card#`, STORE_STORE_id) VALUES 
("2018-01-23 14:16:16", "μετρητά", 53, 9),
("2018-01-29 14:16:16", "κάρτα", 53, 10);

INSERT INTO `TRANSACTION` (Date_Time, Payment_Method, `Customer_Card#`, STORE_STORE_id) VALUES 
("2018-01-18 16:16:16", "κάρτα", 54, 9),
("2018-01-23 14:16:16", "μετρητά", 54, 10),
("2018-01-28 14:16:16", "μετρητά", 54, 9);

INSERT INTO `TRANSACTION` (Date_Time, Payment_Method, `Customer_Card#`, STORE_STORE_id) VALUES 
("2018-01-05 11:16:16", "μετρητά", 55, 9),
("2018-01-09 11:16:16", "μετρητά", 55, 10),
("2018-02-13 12:16:16", "μετρητά", 55, 5),
("2018-02-17 12:16:16", "μετρητά", 55, 9),
("2018-02-25 13:16:16", "μετρητά", 55, 9);

INSERT INTO `TRANSACTION` (Date_Time, Payment_Method, `Customer_Card#`, STORE_STORE_id) VALUES 
("2018-01-31 16:16:16", "κάρτα", 56, 9),
("2018-03-31 13:16:16", "μετρητά", 56, 7);

INSERT INTO `TRANSACTION` (Date_Time, Payment_Method, `Customer_Card#`, STORE_STORE_id) VALUES 
("2018-04-04 10:16:16", "κάρτα", 57, 7),
("2018-04-17 10:16:16", "κάρτα", 57, 9),
("2018-04-21 10:16:16", "κάρτα", 57, 9),
("2018-04-26 13:16:16", "μετρητά", 57, 7);

INSERT INTO `TRANSACTION` (Date_Time, Payment_Method, `Customer_Card#`, STORE_STORE_id) VALUES 
("2018-04-13 16:13:16", "κάρτα", 58, 10),
("2018-04-29 16:14:16", "μετρητά", 58, 1);

INSERT INTO `TRANSACTION` (Date_Time, Payment_Method, `Customer_Card#`, STORE_STORE_id) VALUES ("2018-01-23 16:15:16", "μετρητά", 59, 9);

INSERT INTO `TRANSACTION` (Date_Time, Payment_Method, `Customer_Card#`, STORE_STORE_id) VALUES 
("2018-02-05 16:17:16", "μετρητά", 60, 6),
("2018-02-11 16:18:16", "κάρτα", 60, 6),
("2018-02-16 16:19:16", "κάρτα", 60, 6),
("2018-02-23 16:20:16", "κάρτα", 60, 6);

INSERT INTO `TRANSACTION` (Date_Time, Payment_Method, `Customer_Card#`, STORE_STORE_id) VALUES 
("2018-03-03 16:21:16", "κάρτα", 61, 6),
("2018-03-23 16:22:16", "κάρτα", 61, 1);

INSERT INTO `TRANSACTION` (Date_Time, Payment_Method, `Customer_Card#`, STORE_STORE_id) VALUES 
("2020-06-03 16:24:16", "κάρτα", 62, 1),
("2020-06-17 16:25:16", "μετρητά", 62, 6),
("2020-06-23 16:26:16", "μετρητά", 62, 6),
("2020-06-26 16:27:16", "κάρτα", 62, 6);

INSERT INTO `TRANSACTION` (Date_Time, Payment_Method, `Customer_Card#`, STORE_STORE_id) VALUES 
("2020-07-01 16:32:16", "κάρτα", 63, 1),
("2020-07-03 16:33:16", "μετρητά", 63, 8);

INSERT INTO `TRANSACTION` (Date_Time, Payment_Method, `Customer_Card#`, STORE_STORE_id) VALUES 
("2020-02-01 16:34:16", "μετρητά", 64, 6),
("2020-02-02 16:35:16", "κάρτα", 64, 1),
("2020-06-10 16:36:16", "κάρτα", 64, 6),
("2020-06-19 16:37:16", "μετρητά", 64, 6),
("2020-07-02 16:38:16", "κάρτα", 64, 6);

INSERT INTO `TRANSACTION` (Date_Time, Payment_Method, `Customer_Card#`, STORE_STORE_id) VALUES 
("2020-03-01 16:39:16", "κάρτα", 65, 6),
("2020-03-05 16:40:16", "μετρητά", 65, 8),
("2020-06-11 16:41:16", "κάρτα", 65, 6),
("2020-06-17 16:42:16", "κάρτα", 65, 6),
("2020-06-30 16:43:16", "κάρτα", 65, 6);

INSERT INTO `TRANSACTION` (Date_Time, Payment_Method, `Customer_Card#`, STORE_STORE_id) VALUES 
("2020-06-20 16:44:16", "κάρτα", 66, 6),
("2020-06-22 16:45:16", "κάρτα", 66, 6),
("2020-06-28 16:46:16", "κάρτα", 66, 6),
("2020-06-05 16:47:16", "κάρτα", 66, 6);

INSERT INTO `TRANSACTION` (Date_Time, Payment_Method, `Customer_Card#`, STORE_STORE_id) VALUES 
("2020-05-03 16:48:16", "κάρτα", 67, 6),
("2020-06-09 16:49:16", "κάρτα", 67, 6),
("2020-06-13 16:50:16", "μετρητά", 67, 10),
("2020-06-17 16:51:16", "κάρτα", 67, 6),
("2020-07-03 16:52:16", "μετρητά", 67, 6);

INSERT INTO `TRANSACTION` (Date_Time, Payment_Method, `Customer_Card#`, STORE_STORE_id) VALUES 
("2020-03-13 16:57:16", "κάρτα", 68, 4),
("2020-04-18 16:58:16", "μετρητά", 68, 6),
("2020-05-21 16:59:16", "κάρτα", 68, 6),
("2020-06-30 18:56:16", "μετρητά", 68, 8);

INSERT INTO `TRANSACTION` (Date_Time, Payment_Method, `Customer_Card#`, STORE_STORE_id) VALUES 
("2019-02-24 18:27:16", "κάρτα", 69, 6),
("2020-06-27 18:26:16", "μετρητά", 69, 6),
("2020-07-03 18:25:16", "κάρτα", 69, 6);

INSERT INTO `TRANSACTION` (Date_Time, Payment_Method, `Customer_Card#`, STORE_STORE_id) VALUES 
("2019-07-02 16:24:16", "μετρητά", 70, 2),
("2019-07-14 16:23:16", "κάρτα", 70, 2),
("2019-07-22 16:22:16", "κάρτα", 70, 3),
("2019-07-28 16:21:16", "κάρτα", 70, 1);

INSERT INTO `TRANSACTION` (Date_Time, Payment_Method, `Customer_Card#`, STORE_STORE_id) VALUES 
("2019-08-04 16:20:16", "κάρτα", 71, 3),
("2019-08-14 16:14:16", "μετρητά", 71, 1),
("2019-08-24 16:13:16", "κάρτα", 71, 3);

INSERT INTO `TRANSACTION` (Date_Time, Payment_Method, `Customer_Card#`, STORE_STORE_id) VALUES 
("2019-09-25 16:09:16", "κάρτα", 72, 2),
("2019-09-30 16:08:16", "μετρητά", 72, 1);

INSERT INTO `TRANSACTION` (Date_Time, Payment_Method, `Customer_Card#`, STORE_STORE_id) VALUES ("2018-01-13 16:07:16", "κάρτα", 73, 3);

INSERT INTO `TRANSACTION` (Date_Time, Payment_Method, `Customer_Card#`, STORE_STORE_id) VALUES 
("2019-09-05 16:06:16", "κάρτα", 74, 3),
("2019-09-15 16:05:16", "μετρητά", 74, 2),
("2019-09-25 16:04:16", "κάρτα", 74, 2),
("2019-09-28 16:03:16", "κάρτα", 74, 2);

INSERT INTO `TRANSACTION` (Date_Time, Payment_Method, `Customer_Card#`, STORE_STORE_id) VALUES 
("2019-10-03 16:02:16", "μετρητά", 75, 1),
("2019-10-13 16:01:16", "κάρτα", 75, 2),
("2019-10-23 08:16:16", "μετρητά", 75, 3);

INSERT INTO `TRANSACTION` (Date_Time, Payment_Method, `Customer_Card#`, STORE_STORE_id) VALUES 
("2019-11-07 09:16:16", "μετρητά", 76, 1),
("2019-11-19 10:16:16", "μετρητά", 76, 2),
("2019-11-27 11:16:16", "μετρητά", 76, 3),
("2019-11-30 12:16:16", "κάρτα", 76, 4);

INSERT INTO `TRANSACTION` (Date_Time, Payment_Method, `Customer_Card#`, STORE_STORE_id) VALUES 
("2019-10-08 13:16:16", "κάρτα", 77, 4),
("2019-10-16 14:16:16", "κάρτα", 77, 3),
("2019-10-30 15:16:16", "κάρτα", 77, 2),
("2019-11-07 16:16:16", "κάρτα", 77, 2),
("2019-11-17 17:16:16", "κάρτα", 77, 3);

INSERT INTO `TRANSACTION` (Date_Time, Payment_Method, `Customer_Card#`, STORE_STORE_id) VALUES 
("2019-09-06 18:16:16", "κάρτα", 78, 1),
("2019-09-17 19:16:16", "μετρητά", 78, 3),
("2019-09-28 20:16:16", "κάρτα", 78, 3),
("2019-09-30 08:16:16", "μετρητά", 78, 2);

INSERT INTO `TRANSACTION` (Date_Time, Payment_Method, `Customer_Card#`, STORE_STORE_id) VALUES 
("2019-01-03 09:16:16", "κάρτα", 79, 2),
("2019-01-13 10:16:16", "κάρτα", 79, 3);

INSERT INTO `TRANSACTION` (Date_Time, Payment_Method, `Customer_Card#`, STORE_STORE_id) VALUES 
("2019-06-18 11:16:16", "κάρτα", 80, 3),
("2019-06-20 12:16:16", "μετρητά", 80, 8),
("2019-06-26 13:16:16", "κάρτα", 80, 3),
("2019-06-29 14:16:16", "κάρτα", 80, 3),
("2019-07-03 15:16:16", "κάρτα", 80, 3),
("2019-07-13 17:16:16", "μετρητά", 80, 2),
("2019-07-23 18:16:16", "μετρητά", 80, 2);

INSERT INTO `TRANSACTION` (Date_Time, Payment_Method, `Customer_Card#`, STORE_STORE_id) VALUES ("2019-10-19 16:16:16", "κάρτα", 81, 2);

INSERT INTO `TRANSACTION` (Date_Time, Payment_Method, `Customer_Card#`, STORE_STORE_id) VALUES 
("2019-06-07 19:16:16", "κάρτα", 82, 2),
("2019-06-19 19:16:16", "κάρτα", 82, 2),
("2020-06-27 19:16:16", "κάρτα", 82, 2);

INSERT INTO `TRANSACTION` (Date_Time, Payment_Method, `Customer_Card#`, STORE_STORE_id) VALUES 
("2019-01-04 09:11:16", "μετρητά", 83, 3),
("2019-01-16 08:15:16", "κάρτα", 83, 3);

INSERT INTO `TRANSACTION` (Date_Time, Payment_Method, `Customer_Card#`, STORE_STORE_id) VALUES ("2019-01-19 20:16:16", "κάρτα", 84, 3);

INSERT INTO `TRANSACTION` (Date_Time, Payment_Method, `Customer_Card#`, STORE_STORE_id) VALUES 
("2019-12-13 20:16:16", "κάρτα", 85, 1),
("2019-12-23 08:16:16", "μετρητά", 85, 1),
("2019-12-30 09:16:16", "κάρτα", 85, 1);



INSERT INTO `PRODUCT_has_TRANSACTION` (`PRODUCT_Barcode`, `PRODUCT_Category_Category_id`, `Pieces`, `TRANSACTION_Date_Time`, `TRANSACTION_STORE_STORE_id`) VALUES
('10001', 1, 10, '2019-05-23 15:50:10', 5),
('10001', 1, 10, '2019-05-23 15:50:10', 8),
('10001', 1, 10, '2020-02-03 16:20:00', 3),
('10001', 1, 10, '2020-05-23 10:10:10', 3),
('10001', 1, 10, '2020-05-23 10:10:20', 8),
('10001', 1, 5, '2020-05-23 15:50:10', 8),
('10001', 1, 10, '2020-06-23 08:15:50', 5),
('10005', 1, 10, '2020-05-23 10:10:10', 3),
('10007', 1, 5, '2020-03-03 16:16:16', 1),
('10007', 1, 5, '2020-03-03 16:50:00', 3),
('10007', 1, 10, '2020-05-23 10:10:10', 3),
('10007', 1, 10, '2020-05-23 15:10:10', 8),
('10010', 1, 10, '2020-03-03 16:16:16', 1),
('10024', 2, 2, '2020-02-03 16:20:00', 3),
('10024', 2, 5, '2020-03-03 16:16:16', 1),
('10024', 2, 1, '2020-03-03 16:50:00', 3),
('10024', 2, 5, '2020-05-23 10:10:10', 3),
('10024', 2, 2, '2020-05-23 10:10:20', 8),
('10024', 2, 1, '2020-05-23 15:10:10', 8),
('10025', 2, 4, '2020-05-23 10:10:10', 3),
('10025', 2, 10, '2020-05-23 15:10:10', 8),
('10037', 3, 5, '2020-03-03 16:16:16', 1),
('10037', 3, 10, '2020-06-23 08:15:50', 5),
('10075', 5, 2, '2020-03-03 16:16:16', 1),
('10082', 6, 2, '2020-03-03 16:16:16', 1),
('10090', 6, 2, '2019-05-23 15:50:10', 5),
('10090', 6, 5, '2019-05-23 15:50:10', 8),
('10090', 6, 2, '2020-05-23 15:50:10', 8),
('10090', 6, 3, '2020-06-23 08:15:50', 5),
('10007', 1, 10, '2020-07-01 08:15:50', 1),
('10015', 1, 10, '2020-07-01 08:15:50', 1),
('10011', 1, 10, '2020-07-01 08:15:50', 1),
('10027', 2, 2, '2020-07-01 08:15:50', 1),
('10028', 2, 5, '2020-07-01 08:15:50', 1),
('10020', 2, 1, '2020-07-01 08:15:50', 1),
('10021', 2, 5, '2020-07-01 08:15:50', 1),
('10022', 2, 2, '2020-07-01 08:15:50', 1),
('10032', 2, 1, '2020-07-01 08:15:50', 1),
('10033', 3, 4, '2020-07-01 08:15:50', 1),
('10025', 2, 10, '2020-07-01 08:15:50', 1),
('10036', 3, 5, '2020-07-01 08:15:50', 1),
('10037', 3, 10, '2020-07-01 08:15:50', 1),
('10075', 5, 2, '2020-07-01 08:15:50', 1),
('10082', 6, 2, '2020-07-01 08:15:50', 1),
('10088', 6, 2, '2020-07-01 08:15:50', 1),
('10001', 1, 5, '2020-07-01 08:15:50', 1),
('10090', 6, 2, '2020-07-01 08:15:50', 1);


INSERT INTO `PRODUCT_has_TRANSACTION`(`PRODUCT_Barcode`, `PRODUCT_Category_Category_id`, `Pieces`, `TRANSACTION_Date_Time`, `TRANSACTION_STORE_STORE_id`) VALUES (10001, 1, 1, "2018-01-13 09:16:16", 1);
INSERT INTO `PRODUCT_has_TRANSACTION`(`PRODUCT_Barcode`, `PRODUCT_Category_Category_id`, `Pieces`, `TRANSACTION_Date_Time`, `TRANSACTION_STORE_STORE_id`) VALUES (10002, 1, 2, "2018-01-13 09:16:16", 1);
INSERT INTO `PRODUCT_has_TRANSACTION`(`PRODUCT_Barcode`, `PRODUCT_Category_Category_id`, `Pieces`, `TRANSACTION_Date_Time`, `TRANSACTION_STORE_STORE_id`) VALUES (10003, 1, 3, "2018-01-13 09:16:16", 1);

INSERT INTO `PRODUCT_has_TRANSACTION`(`PRODUCT_Barcode`, `PRODUCT_Category_Category_id`, `Pieces`, `TRANSACTION_Date_Time`, `TRANSACTION_STORE_STORE_id`) VALUES (10004, 1, 1, "2018-01-18 10:16:16", 4);
INSERT INTO `PRODUCT_has_TRANSACTION`(`PRODUCT_Barcode`, `PRODUCT_Category_Category_id`, `Pieces`, `TRANSACTION_Date_Time`, `TRANSACTION_STORE_STORE_id`) VALUES (10005, 1, 2, "2018-01-18 10:16:16", 4);
INSERT INTO `PRODUCT_has_TRANSACTION`(`PRODUCT_Barcode`, `PRODUCT_Category_Category_id`, `Pieces`, `TRANSACTION_Date_Time`, `TRANSACTION_STORE_STORE_id`) VALUES (10006, 1, 3, "2018-01-18 10:16:16", 4);
INSERT INTO `PRODUCT_has_TRANSACTION`(`PRODUCT_Barcode`, `PRODUCT_Category_Category_id`, `Pieces`, `TRANSACTION_Date_Time`, `TRANSACTION_STORE_STORE_id`) VALUES (10007, 1, 1, "2018-01-18 10:16:16", 4);
INSERT INTO `PRODUCT_has_TRANSACTION`(`PRODUCT_Barcode`, `PRODUCT_Category_Category_id`, `Pieces`, `TRANSACTION_Date_Time`, `TRANSACTION_STORE_STORE_id`) VALUES (10008, 1, 1, "2018-01-18 10:16:16", 4);

INSERT INTO `PRODUCT_has_TRANSACTION`(`PRODUCT_Barcode`, `PRODUCT_Category_Category_id`, `Pieces`, `TRANSACTION_Date_Time`, `TRANSACTION_STORE_STORE_id`) VALUES (10009, 1, 1, "2018-01-23 11:16:16", 8);
INSERT INTO `PRODUCT_has_TRANSACTION`(`PRODUCT_Barcode`, `PRODUCT_Category_Category_id`, `Pieces`, `TRANSACTION_Date_Time`, `TRANSACTION_STORE_STORE_id`) VALUES (10010, 1, 1, "2018-01-23 11:16:16", 8);
INSERT INTO `PRODUCT_has_TRANSACTION`(`PRODUCT_Barcode`, `PRODUCT_Category_Category_id`, `Pieces`, `TRANSACTION_Date_Time`, `TRANSACTION_STORE_STORE_id`) VALUES (10011, 1, 1, "2018-01-23 11:16:16", 8);

INSERT INTO `PRODUCT_has_TRANSACTION`(`PRODUCT_Barcode`, `PRODUCT_Category_Category_id`, `Pieces`, `TRANSACTION_Date_Time`, `TRANSACTION_STORE_STORE_id`) VALUES (10012, 1, 1, "2018-02-02 12:21:18", 1);
INSERT INTO `PRODUCT_has_TRANSACTION`(`PRODUCT_Barcode`, `PRODUCT_Category_Category_id`, `Pieces`, `TRANSACTION_Date_Time`, `TRANSACTION_STORE_STORE_id`) VALUES (10013, 1, 1, "2018-02-02 12:21:18", 1);

INSERT INTO `PRODUCT_has_TRANSACTION`(`PRODUCT_Barcode`, `PRODUCT_Category_Category_id`, `Pieces`, `TRANSACTION_Date_Time`, `TRANSACTION_STORE_STORE_id`) VALUES (10014, 1, 1, "2018-02-13 13:16:16", 4);
INSERT INTO `PRODUCT_has_TRANSACTION`(`PRODUCT_Barcode`, `PRODUCT_Category_Category_id`, `Pieces`, `TRANSACTION_Date_Time`, `TRANSACTION_STORE_STORE_id`) VALUES (10015, 1, 1, "2018-02-13 13:16:16", 4);
INSERT INTO `PRODUCT_has_TRANSACTION`(`PRODUCT_Barcode`, `PRODUCT_Category_Category_id`, `Pieces`, `TRANSACTION_Date_Time`, `TRANSACTION_STORE_STORE_id`) VALUES (10016, 1, 1, "2018-02-13 13:16:16", 4);

INSERT INTO `PRODUCT_has_TRANSACTION`(`PRODUCT_Barcode`, `PRODUCT_Category_Category_id`, `Pieces`, `TRANSACTION_Date_Time`, `TRANSACTION_STORE_STORE_id`) VALUES (10017, 2, 1, "2018-03-01 14:16:16", 8);
INSERT INTO `PRODUCT_has_TRANSACTION`(`PRODUCT_Barcode`, `PRODUCT_Category_Category_id`, `Pieces`, `TRANSACTION_Date_Time`, `TRANSACTION_STORE_STORE_id`) VALUES (10018, 2, 1, "2018-03-01 14:16:16", 8);
INSERT INTO `PRODUCT_has_TRANSACTION`(`PRODUCT_Barcode`, `PRODUCT_Category_Category_id`, `Pieces`, `TRANSACTION_Date_Time`, `TRANSACTION_STORE_STORE_id`) VALUES (10019, 2, 5, "2018-03-01 14:16:16", 8);

INSERT INTO `PRODUCT_has_TRANSACTION`(`PRODUCT_Barcode`, `PRODUCT_Category_Category_id`, `Pieces`, `TRANSACTION_Date_Time`, `TRANSACTION_STORE_STORE_id`) VALUES (10020, 2, 1, "2018-03-08 15:16:16", 4);
INSERT INTO `PRODUCT_has_TRANSACTION`(`PRODUCT_Barcode`, `PRODUCT_Category_Category_id`, `Pieces`, `TRANSACTION_Date_Time`, `TRANSACTION_STORE_STORE_id`) VALUES (10021, 2, 1, "2018-03-08 15:16:16", 4);
INSERT INTO `PRODUCT_has_TRANSACTION`(`PRODUCT_Barcode`, `PRODUCT_Category_Category_id`, `Pieces`, `TRANSACTION_Date_Time`, `TRANSACTION_STORE_STORE_id`) VALUES (10022, 2, 1, "2018-03-08 15:16:16", 4);

INSERT INTO `PRODUCT_has_TRANSACTION`(`PRODUCT_Barcode`, `PRODUCT_Category_Category_id`, `Pieces`, `TRANSACTION_Date_Time`, `TRANSACTION_STORE_STORE_id`) VALUES (10023, 2, 1, "2018-03-10 16:16:16", 1);
INSERT INTO `PRODUCT_has_TRANSACTION`(`PRODUCT_Barcode`, `PRODUCT_Category_Category_id`, `Pieces`, `TRANSACTION_Date_Time`, `TRANSACTION_STORE_STORE_id`) VALUES (10024, 2, 1, "2018-03-10 16:16:16", 1);
INSERT INTO `PRODUCT_has_TRANSACTION`(`PRODUCT_Barcode`, `PRODUCT_Category_Category_id`, `Pieces`, `TRANSACTION_Date_Time`, `TRANSACTION_STORE_STORE_id`) VALUES (10025, 2, 1, "2018-03-10 16:16:16", 1);
INSERT INTO `PRODUCT_has_TRANSACTION`(`PRODUCT_Barcode`, `PRODUCT_Category_Category_id`, `Pieces`, `TRANSACTION_Date_Time`, `TRANSACTION_STORE_STORE_id`) VALUES (10026, 2, 1, "2018-03-10 16:16:16", 1);

INSERT INTO `PRODUCT_has_TRANSACTION`(`PRODUCT_Barcode`, `PRODUCT_Category_Category_id`, `Pieces`, `TRANSACTION_Date_Time`, `TRANSACTION_STORE_STORE_id`) VALUES (10027, 2, 1, "2018-03-15 17:16:16", 8);
INSERT INTO `PRODUCT_has_TRANSACTION`(`PRODUCT_Barcode`, `PRODUCT_Category_Category_id`, `Pieces`, `TRANSACTION_Date_Time`, `TRANSACTION_STORE_STORE_id`) VALUES (10028, 2, 1, "2018-03-15 17:16:16", 8);

INSERT INTO `PRODUCT_has_TRANSACTION`(`PRODUCT_Barcode`, `PRODUCT_Category_Category_id`, `Pieces`, `TRANSACTION_Date_Time`, `TRANSACTION_STORE_STORE_id`) VALUES (10029, 2, 1, "2018-03-20 18:16:16", 8);
INSERT INTO `PRODUCT_has_TRANSACTION`(`PRODUCT_Barcode`, `PRODUCT_Category_Category_id`, `Pieces`, `TRANSACTION_Date_Time`, `TRANSACTION_STORE_STORE_id`) VALUES (10030, 2, 1, "2018-03-20 18:16:16", 8);


INSERT INTO `PRODUCT_has_TRANSACTION`(`PRODUCT_Barcode`, `PRODUCT_Category_Category_id`, `Pieces`, `TRANSACTION_Date_Time`, `TRANSACTION_STORE_STORE_id`) VALUES (10031, 2, 1, "2018-01-04 19:16:16", 1);
INSERT INTO `PRODUCT_has_TRANSACTION`(`PRODUCT_Barcode`, `PRODUCT_Category_Category_id`, `Pieces`, `TRANSACTION_Date_Time`, `TRANSACTION_STORE_STORE_id`) VALUES (10032, 2, 1, "2018-01-04 19:16:16", 1);


INSERT INTO `PRODUCT_has_TRANSACTION`(`PRODUCT_Barcode`, `PRODUCT_Category_Category_id`, `Pieces`, `TRANSACTION_Date_Time`, `TRANSACTION_STORE_STORE_id`) VALUES (10033, 3, 1, "2018-02-14 20:16:16", 1);
INSERT INTO `PRODUCT_has_TRANSACTION`(`PRODUCT_Barcode`, `PRODUCT_Category_Category_id`, `Pieces`, `TRANSACTION_Date_Time`, `TRANSACTION_STORE_STORE_id`) VALUES (10034, 3, 1, "2018-02-14 20:16:16", 1);

INSERT INTO `PRODUCT_has_TRANSACTION`(`PRODUCT_Barcode`, `PRODUCT_Category_Category_id`, `Pieces`, `TRANSACTION_Date_Time`, `TRANSACTION_STORE_STORE_id`) VALUES (10035, 3, 1, "2018-03-19 08:16:16", 1);
INSERT INTO `PRODUCT_has_TRANSACTION`(`PRODUCT_Barcode`, `PRODUCT_Category_Category_id`, `Pieces`, `TRANSACTION_Date_Time`, `TRANSACTION_STORE_STORE_id`) VALUES (10036, 3, 1, "2018-03-19 08:16:16", 1);

INSERT INTO `PRODUCT_has_TRANSACTION`(`PRODUCT_Barcode`, `PRODUCT_Category_Category_id`, `Pieces`, `TRANSACTION_Date_Time`, `TRANSACTION_STORE_STORE_id`) VALUES (10037, 3, 1, "2018-03-30 16:01:16", 1);
INSERT INTO `PRODUCT_has_TRANSACTION`(`PRODUCT_Barcode`, `PRODUCT_Category_Category_id`, `Pieces`, `TRANSACTION_Date_Time`, `TRANSACTION_STORE_STORE_id`) VALUES (10038, 3, 1, "2018-03-30 16:01:16", 1);

INSERT INTO `PRODUCT_has_TRANSACTION`(`PRODUCT_Barcode`, `PRODUCT_Category_Category_id`, `Pieces`, `TRANSACTION_Date_Time`, `TRANSACTION_STORE_STORE_id`) VALUES (10039, 3, 1, "2018-01-15 16:02:16", 1);
INSERT INTO `PRODUCT_has_TRANSACTION`(`PRODUCT_Barcode`, `PRODUCT_Category_Category_id`, `Pieces`, `TRANSACTION_Date_Time`, `TRANSACTION_STORE_STORE_id`) VALUES (10040, 3, 1, "2018-01-15 16:02:16", 1);
INSERT INTO `PRODUCT_has_TRANSACTION`(`PRODUCT_Barcode`, `PRODUCT_Category_Category_id`, `Pieces`, `TRANSACTION_Date_Time`, `TRANSACTION_STORE_STORE_id`) VALUES (10041, 3, 1, "2018-01-15 16:02:16", 1);

INSERT INTO `PRODUCT_has_TRANSACTION`(`PRODUCT_Barcode`, `PRODUCT_Category_Category_id`, `Pieces`, `TRANSACTION_Date_Time`, `TRANSACTION_STORE_STORE_id`) VALUES (10042, 3, 2, "2018-01-19 16:03:16", 1);
INSERT INTO `PRODUCT_has_TRANSACTION`(`PRODUCT_Barcode`, `PRODUCT_Category_Category_id`, `Pieces`, `TRANSACTION_Date_Time`, `TRANSACTION_STORE_STORE_id`) VALUES (10043, 3, 1, "2018-01-19 16:03:16", 1);
INSERT INTO `PRODUCT_has_TRANSACTION`(`PRODUCT_Barcode`, `PRODUCT_Category_Category_id`, `Pieces`, `TRANSACTION_Date_Time`, `TRANSACTION_STORE_STORE_id`) VALUES (10044, 3, 2, "2018-01-19 16:03:16", 1);

INSERT INTO `PRODUCT_has_TRANSACTION`(`PRODUCT_Barcode`, `PRODUCT_Category_Category_id`, `Pieces`, `TRANSACTION_Date_Time`, `TRANSACTION_STORE_STORE_id`) VALUES (10045, 3, 2, "2018-01-21 16:04:16", 1);
INSERT INTO `PRODUCT_has_TRANSACTION`(`PRODUCT_Barcode`, `PRODUCT_Category_Category_id`, `Pieces`, `TRANSACTION_Date_Time`, `TRANSACTION_STORE_STORE_id`) VALUES (10046, 3, 2, "2018-01-21 16:04:16", 1);
INSERT INTO `PRODUCT_has_TRANSACTION`(`PRODUCT_Barcode`, `PRODUCT_Category_Category_id`, `Pieces`, `TRANSACTION_Date_Time`, `TRANSACTION_STORE_STORE_id`) VALUES (10047, 3, 1, "2018-01-21 16:04:16", 1);

INSERT INTO `PRODUCT_has_TRANSACTION`(`PRODUCT_Barcode`, `PRODUCT_Category_Category_id`, `Pieces`, `TRANSACTION_Date_Time`, `TRANSACTION_STORE_STORE_id`) VALUES (10048, 3, 1, "2018-01-25 16:05:16", 4);
INSERT INTO `PRODUCT_has_TRANSACTION`(`PRODUCT_Barcode`, `PRODUCT_Category_Category_id`, `Pieces`, `TRANSACTION_Date_Time`, `TRANSACTION_STORE_STORE_id`) VALUES (10049, 4, 1, "2018-01-25 16:05:16", 4);


INSERT INTO `PRODUCT_has_TRANSACTION`(`PRODUCT_Barcode`, `PRODUCT_Category_Category_id`, `Pieces`, `TRANSACTION_Date_Time`, `TRANSACTION_STORE_STORE_id`) VALUES (10050, 4, 1, "2018-01-29 16:06:16", 4);
INSERT INTO `PRODUCT_has_TRANSACTION`(`PRODUCT_Barcode`, `PRODUCT_Category_Category_id`, `Pieces`, `TRANSACTION_Date_Time`, `TRANSACTION_STORE_STORE_id`) VALUES (10051, 4, 1, "2018-01-29 16:06:16", 4);

INSERT INTO `PRODUCT_has_TRANSACTION`(`PRODUCT_Barcode`, `PRODUCT_Category_Category_id`, `Pieces`, `TRANSACTION_Date_Time`, `TRANSACTION_STORE_STORE_id`) VALUES (10052, 4, 1, "2018-01-20 16:07:16", 1);
INSERT INTO `PRODUCT_has_TRANSACTION`(`PRODUCT_Barcode`, `PRODUCT_Category_Category_id`, `Pieces`, `TRANSACTION_Date_Time`, `TRANSACTION_STORE_STORE_id`) VALUES (10053, 4, 10, "2018-01-20 16:07:16", 1);
INSERT INTO `PRODUCT_has_TRANSACTION`(`PRODUCT_Barcode`, `PRODUCT_Category_Category_id`, `Pieces`, `TRANSACTION_Date_Time`, `TRANSACTION_STORE_STORE_id`) VALUES (10054, 4, 10, "2018-01-20 16:07:16", 1);
INSERT INTO `PRODUCT_has_TRANSACTION`(`PRODUCT_Barcode`, `PRODUCT_Category_Category_id`, `Pieces`, `TRANSACTION_Date_Time`, `TRANSACTION_STORE_STORE_id`) VALUES (10055, 4, 1, "2018-01-20 16:07:16", 1);

INSERT INTO `PRODUCT_has_TRANSACTION`(`PRODUCT_Barcode`, `PRODUCT_Category_Category_id`, `Pieces`, `TRANSACTION_Date_Time`, `TRANSACTION_STORE_STORE_id`) VALUES (10056, 4, 10, "2018-02-07 16:08:16", 1);
INSERT INTO `PRODUCT_has_TRANSACTION`(`PRODUCT_Barcode`, `PRODUCT_Category_Category_id`, `Pieces`, `TRANSACTION_Date_Time`, `TRANSACTION_STORE_STORE_id`) VALUES (10057, 4, 1, "2018-02-07 16:08:16", 1);
INSERT INTO `PRODUCT_has_TRANSACTION`(`PRODUCT_Barcode`, `PRODUCT_Category_Category_id`, `Pieces`, `TRANSACTION_Date_Time`, `TRANSACTION_STORE_STORE_id`) VALUES (10058, 4, 1, "2018-02-07 16:08:16", 1);
INSERT INTO `PRODUCT_has_TRANSACTION`(`PRODUCT_Barcode`, `PRODUCT_Category_Category_id`, `Pieces`, `TRANSACTION_Date_Time`, `TRANSACTION_STORE_STORE_id`) VALUES (10059, 4, 1, "2018-02-07 16:08:16", 1);

INSERT INTO `PRODUCT_has_TRANSACTION`(`PRODUCT_Barcode`, `PRODUCT_Category_Category_id`, `Pieces`, `TRANSACTION_Date_Time`, `TRANSACTION_STORE_STORE_id`) VALUES (10060, 4, 1, "2018-02-15 16:09:16", 8);
INSERT INTO `PRODUCT_has_TRANSACTION`(`PRODUCT_Barcode`, `PRODUCT_Category_Category_id`, `Pieces`, `TRANSACTION_Date_Time`, `TRANSACTION_STORE_STORE_id`) VALUES (10061, 4, 1, "2018-02-15 16:09:16", 8);
INSERT INTO `PRODUCT_has_TRANSACTION`(`PRODUCT_Barcode`, `PRODUCT_Category_Category_id`, `Pieces`, `TRANSACTION_Date_Time`, `TRANSACTION_STORE_STORE_id`) VALUES (10062, 4, 1, "2018-02-15 16:09:16", 8);
INSERT INTO `PRODUCT_has_TRANSACTION`(`PRODUCT_Barcode`, `PRODUCT_Category_Category_id`, `Pieces`, `TRANSACTION_Date_Time`, `TRANSACTION_STORE_STORE_id`) VALUES (10063, 4, 1, "2018-02-15 16:09:16", 8);

INSERT INTO `PRODUCT_has_TRANSACTION`(`PRODUCT_Barcode`, `PRODUCT_Category_Category_id`, `Pieces`, `TRANSACTION_Date_Time`, `TRANSACTION_STORE_STORE_id`) VALUES (10064, 4, 1, "2018-02-27 16:10:16", 4);
INSERT INTO `PRODUCT_has_TRANSACTION`(`PRODUCT_Barcode`, `PRODUCT_Category_Category_id`, `Pieces`, `TRANSACTION_Date_Time`, `TRANSACTION_STORE_STORE_id`) VALUES (10065, 5, 1, "2018-02-27 16:10:16", 4);
INSERT INTO `PRODUCT_has_TRANSACTION`(`PRODUCT_Barcode`, `PRODUCT_Category_Category_id`, `Pieces`, `TRANSACTION_Date_Time`, `TRANSACTION_STORE_STORE_id`) VALUES (10066, 5, 1, "2018-02-27 16:10:16", 4);
INSERT INTO `PRODUCT_has_TRANSACTION`(`PRODUCT_Barcode`, `PRODUCT_Category_Category_id`, `Pieces`, `TRANSACTION_Date_Time`, `TRANSACTION_STORE_STORE_id`) VALUES (10067, 5, 1, "2018-02-27 16:10:16", 4);

INSERT INTO `PRODUCT_has_TRANSACTION`(`PRODUCT_Barcode`, `PRODUCT_Category_Category_id`, `Pieces`, `TRANSACTION_Date_Time`, `TRANSACTION_STORE_STORE_id`) VALUES (10068, 5, 10, "2018-01-03 16:11:16", 8);

INSERT INTO `PRODUCT_has_TRANSACTION`(`PRODUCT_Barcode`, `PRODUCT_Category_Category_id`, `Pieces`, `TRANSACTION_Date_Time`, `TRANSACTION_STORE_STORE_id`) VALUES (10069, 5, 1, "2018-01-05 16:12:16", 8);
INSERT INTO `PRODUCT_has_TRANSACTION`(`PRODUCT_Barcode`, `PRODUCT_Category_Category_id`, `Pieces`, `TRANSACTION_Date_Time`, `TRANSACTION_STORE_STORE_id`) VALUES (10070, 5, 1, "2018-01-05 16:12:16", 8);

INSERT INTO `PRODUCT_has_TRANSACTION`(`PRODUCT_Barcode`, `PRODUCT_Category_Category_id`, `Pieces`, `TRANSACTION_Date_Time`, `TRANSACTION_STORE_STORE_id`) VALUES (10071, 5, 1, "2018-01-16 16:13:16", 8);
INSERT INTO `PRODUCT_has_TRANSACTION`(`PRODUCT_Barcode`, `PRODUCT_Category_Category_id`, `Pieces`, `TRANSACTION_Date_Time`, `TRANSACTION_STORE_STORE_id`) VALUES (10072, 5, 1, "2018-01-16 16:13:16", 8);
INSERT INTO `PRODUCT_has_TRANSACTION`(`PRODUCT_Barcode`, `PRODUCT_Category_Category_id`, `Pieces`, `TRANSACTION_Date_Time`, `TRANSACTION_STORE_STORE_id`) VALUES (10073, 5, 1, "2018-01-16 16:13:16", 8);

INSERT INTO `PRODUCT_has_TRANSACTION`(`PRODUCT_Barcode`, `PRODUCT_Category_Category_id`, `Pieces`, `TRANSACTION_Date_Time`, `TRANSACTION_STORE_STORE_id`) VALUES (10074, 5, 1, "2018-02-17 16:14:16", 8);
INSERT INTO `PRODUCT_has_TRANSACTION`(`PRODUCT_Barcode`, `PRODUCT_Category_Category_id`, `Pieces`, `TRANSACTION_Date_Time`, `TRANSACTION_STORE_STORE_id`) VALUES (10075, 5, 1, "2018-02-17 16:14:16", 8);
INSERT INTO `PRODUCT_has_TRANSACTION`(`PRODUCT_Barcode`, `PRODUCT_Category_Category_id`, `Pieces`, `TRANSACTION_Date_Time`, `TRANSACTION_STORE_STORE_id`) VALUES (10076, 5, 1, "2018-02-17 16:14:16", 8);
INSERT INTO `PRODUCT_has_TRANSACTION`(`PRODUCT_Barcode`, `PRODUCT_Category_Category_id`, `Pieces`, `TRANSACTION_Date_Time`, `TRANSACTION_STORE_STORE_id`) VALUES (10077, 5, 1, "2018-02-17 16:14:16", 8);

INSERT INTO `PRODUCT_has_TRANSACTION`(`PRODUCT_Barcode`, `PRODUCT_Category_Category_id`, `Pieces`, `TRANSACTION_Date_Time`, `TRANSACTION_STORE_STORE_id`) VALUES (10078, 5, 2, "2018-03-09 16:15:16", 4);
INSERT INTO `PRODUCT_has_TRANSACTION`(`PRODUCT_Barcode`, `PRODUCT_Category_Category_id`, `Pieces`, `TRANSACTION_Date_Time`, `TRANSACTION_STORE_STORE_id`) VALUES (10079, 5, 2, "2018-03-09 16:15:16", 4);
INSERT INTO `PRODUCT_has_TRANSACTION`(`PRODUCT_Barcode`, `PRODUCT_Category_Category_id`, `Pieces`, `TRANSACTION_Date_Time`, `TRANSACTION_STORE_STORE_id`) VALUES (10080, 6, 4, "2018-03-09 16:15:16", 4);

INSERT INTO `PRODUCT_has_TRANSACTION`(`PRODUCT_Barcode`, `PRODUCT_Category_Category_id`, `Pieces`, `TRANSACTION_Date_Time`, `TRANSACTION_STORE_STORE_id`) VALUES (10081, 6, 4, "2018-03-12 16:17:16", 4);
INSERT INTO `PRODUCT_has_TRANSACTION`(`PRODUCT_Barcode`, `PRODUCT_Category_Category_id`, `Pieces`, `TRANSACTION_Date_Time`, `TRANSACTION_STORE_STORE_id`) VALUES (10082, 6, 4, "2018-03-12 16:17:16", 4);
INSERT INTO `PRODUCT_has_TRANSACTION`(`PRODUCT_Barcode`, `PRODUCT_Category_Category_id`, `Pieces`, `TRANSACTION_Date_Time`, `TRANSACTION_STORE_STORE_id`) VALUES (10083, 6, 8, "2018-03-12 16:17:16", 4);
INSERT INTO `PRODUCT_has_TRANSACTION`(`PRODUCT_Barcode`, `PRODUCT_Category_Category_id`, `Pieces`, `TRANSACTION_Date_Time`, `TRANSACTION_STORE_STORE_id`) VALUES (10084, 6, 1, "2018-03-12 16:17:16", 4);

INSERT INTO `PRODUCT_has_TRANSACTION`(`PRODUCT_Barcode`, `PRODUCT_Category_Category_id`, `Pieces`, `TRANSACTION_Date_Time`, `TRANSACTION_STORE_STORE_id`) VALUES (10085, 6, 1, "2018-03-16 16:18:16", 4);
INSERT INTO `PRODUCT_has_TRANSACTION`(`PRODUCT_Barcode`, `PRODUCT_Category_Category_id`, `Pieces`, `TRANSACTION_Date_Time`, `TRANSACTION_STORE_STORE_id`) VALUES (10086, 6, 1, "2018-03-16 16:18:16", 4);
INSERT INTO `PRODUCT_has_TRANSACTION`(`PRODUCT_Barcode`, `PRODUCT_Category_Category_id`, `Pieces`, `TRANSACTION_Date_Time`, `TRANSACTION_STORE_STORE_id`) VALUES (10087, 6, 1, "2018-03-16 16:18:16", 4);

INSERT INTO `PRODUCT_has_TRANSACTION`(`PRODUCT_Barcode`, `PRODUCT_Category_Category_id`, `Pieces`, `TRANSACTION_Date_Time`, `TRANSACTION_STORE_STORE_id`) VALUES (10088, 6, 1, "2018-03-18 16:19:16", 1);
INSERT INTO `PRODUCT_has_TRANSACTION`(`PRODUCT_Barcode`, `PRODUCT_Category_Category_id`, `Pieces`, `TRANSACTION_Date_Time`, `TRANSACTION_STORE_STORE_id`) VALUES (10089, 6, 1, "2018-03-18 16:19:16", 1);

INSERT INTO `PRODUCT_has_TRANSACTION`(`PRODUCT_Barcode`, `PRODUCT_Category_Category_id`, `Pieces`, `TRANSACTION_Date_Time`, `TRANSACTION_STORE_STORE_id`) VALUES (10090, 6, 1, "2018-03-22 16:20:16", 4);
INSERT INTO `PRODUCT_has_TRANSACTION`(`PRODUCT_Barcode`, `PRODUCT_Category_Category_id`, `Pieces`, `TRANSACTION_Date_Time`, `TRANSACTION_STORE_STORE_id`) VALUES (10001, 1, 1, "2018-03-22 16:20:16", 4);
INSERT INTO `PRODUCT_has_TRANSACTION`(`PRODUCT_Barcode`, `PRODUCT_Category_Category_id`, `Pieces`, `TRANSACTION_Date_Time`, `TRANSACTION_STORE_STORE_id`) VALUES (10002, 1, 1, "2018-03-22 16:20:16", 4);
INSERT INTO `PRODUCT_has_TRANSACTION`(`PRODUCT_Barcode`, `PRODUCT_Category_Category_id`, `Pieces`, `TRANSACTION_Date_Time`, `TRANSACTION_STORE_STORE_id`) VALUES (10003, 1, 1, "2018-03-22 16:20:16", 4);

INSERT INTO `PRODUCT_has_TRANSACTION`(`PRODUCT_Barcode`, `PRODUCT_Category_Category_id`, `Pieces`, `TRANSACTION_Date_Time`, `TRANSACTION_STORE_STORE_id`) VALUES (10004, 1, 1, "2018-03-09 16:21:16", 1);
INSERT INTO `PRODUCT_has_TRANSACTION`(`PRODUCT_Barcode`, `PRODUCT_Category_Category_id`, `Pieces`, `TRANSACTION_Date_Time`, `TRANSACTION_STORE_STORE_id`) VALUES (10005, 1, 3, "2018-03-09 16:21:16", 1);

INSERT INTO `PRODUCT_has_TRANSACTION`(`PRODUCT_Barcode`, `PRODUCT_Category_Category_id`, `Pieces`, `TRANSACTION_Date_Time`, `TRANSACTION_STORE_STORE_id`) VALUES (10006, 1, 4, "2018-03-12 16:22:16", 1);
INSERT INTO `PRODUCT_has_TRANSACTION`(`PRODUCT_Barcode`, `PRODUCT_Category_Category_id`, `Pieces`, `TRANSACTION_Date_Time`, `TRANSACTION_STORE_STORE_id`) VALUES (10007, 1, 4, "2018-03-12 16:22:16", 1);
INSERT INTO `PRODUCT_has_TRANSACTION`(`PRODUCT_Barcode`, `PRODUCT_Category_Category_id`, `Pieces`, `TRANSACTION_Date_Time`, `TRANSACTION_STORE_STORE_id`) VALUES (10008, 1, 7, "2018-03-12 16:22:16", 1);
INSERT INTO `PRODUCT_has_TRANSACTION`(`PRODUCT_Barcode`, `PRODUCT_Category_Category_id`, `Pieces`, `TRANSACTION_Date_Time`, `TRANSACTION_STORE_STORE_id`) VALUES (10009, 1, 1, "2018-03-12 16:22:16", 1);

INSERT INTO `PRODUCT_has_TRANSACTION`(`PRODUCT_Barcode`, `PRODUCT_Category_Category_id`, `Pieces`, `TRANSACTION_Date_Time`, `TRANSACTION_STORE_STORE_id`) VALUES (10010, 1, 1, "2018-03-18 16:23:16", 1);
INSERT INTO `PRODUCT_has_TRANSACTION`(`PRODUCT_Barcode`, `PRODUCT_Category_Category_id`, `Pieces`, `TRANSACTION_Date_Time`, `TRANSACTION_STORE_STORE_id`) VALUES (10011, 1, 1, "2018-03-18 16:23:16", 1);
INSERT INTO `PRODUCT_has_TRANSACTION`(`PRODUCT_Barcode`, `PRODUCT_Category_Category_id`, `Pieces`, `TRANSACTION_Date_Time`, `TRANSACTION_STORE_STORE_id`) VALUES (10012, 1, 10, "2018-03-18 16:23:16", 1);

INSERT INTO `PRODUCT_has_TRANSACTION`(`PRODUCT_Barcode`, `PRODUCT_Category_Category_id`, `Pieces`, `TRANSACTION_Date_Time`, `TRANSACTION_STORE_STORE_id`) VALUES (10013, 1, 1, "2018-03-22 16:24:16", 1);
INSERT INTO `PRODUCT_has_TRANSACTION`(`PRODUCT_Barcode`, `PRODUCT_Category_Category_id`, `Pieces`, `TRANSACTION_Date_Time`, `TRANSACTION_STORE_STORE_id`) VALUES (10014, 1, 1, "2018-03-22 16:24:16", 1);
INSERT INTO `PRODUCT_has_TRANSACTION`(`PRODUCT_Barcode`, `PRODUCT_Category_Category_id`, `Pieces`, `TRANSACTION_Date_Time`, `TRANSACTION_STORE_STORE_id`) VALUES (10015, 1, 1, "2018-03-22 16:24:16", 1);

INSERT INTO `PRODUCT_has_TRANSACTION`(`PRODUCT_Barcode`, `PRODUCT_Category_Category_id`, `Pieces`, `TRANSACTION_Date_Time`, `TRANSACTION_STORE_STORE_id`) VALUES (10016, 1, 5, "2018-03-19 16:28:16", 4);

INSERT INTO `PRODUCT_has_TRANSACTION`(`PRODUCT_Barcode`, `PRODUCT_Category_Category_id`, `Pieces`, `TRANSACTION_Date_Time`, `TRANSACTION_STORE_STORE_id`) VALUES (10017, 2, 5, "2018-03-24 16:29:16", 4);
INSERT INTO `PRODUCT_has_TRANSACTION`(`PRODUCT_Barcode`, `PRODUCT_Category_Category_id`, `Pieces`, `TRANSACTION_Date_Time`, `TRANSACTION_STORE_STORE_id`) VALUES (10018, 2, 10, "2018-03-24 16:29:16", 4);

INSERT INTO `PRODUCT_has_TRANSACTION`(`PRODUCT_Barcode`, `PRODUCT_Category_Category_id`, `Pieces`, `TRANSACTION_Date_Time`, `TRANSACTION_STORE_STORE_id`) VALUES (10019, 2, 1, "2018-02-03 16:30:16", 8);
INSERT INTO `PRODUCT_has_TRANSACTION`(`PRODUCT_Barcode`, `PRODUCT_Category_Category_id`, `Pieces`, `TRANSACTION_Date_Time`, `TRANSACTION_STORE_STORE_id`) VALUES (10020, 2, 1, "2018-02-03 16:30:16", 8);
INSERT INTO `PRODUCT_has_TRANSACTION`(`PRODUCT_Barcode`, `PRODUCT_Category_Category_id`, `Pieces`, `TRANSACTION_Date_Time`, `TRANSACTION_STORE_STORE_id`) VALUES (10021, 2, 1, "2018-02-03 16:30:16", 8);

INSERT INTO `PRODUCT_has_TRANSACTION`(`PRODUCT_Barcode`, `PRODUCT_Category_Category_id`, `Pieces`, `TRANSACTION_Date_Time`, `TRANSACTION_STORE_STORE_id`) VALUES (10022, 2, 1, "2018-02-04 16:31:16", 8);
INSERT INTO `PRODUCT_has_TRANSACTION`(`PRODUCT_Barcode`, `PRODUCT_Category_Category_id`, `Pieces`, `TRANSACTION_Date_Time`, `TRANSACTION_STORE_STORE_id`) VALUES (10023, 2, 1, "2018-02-04 16:31:16", 8);
INSERT INTO `PRODUCT_has_TRANSACTION`(`PRODUCT_Barcode`, `PRODUCT_Category_Category_id`, `Pieces`, `TRANSACTION_Date_Time`, `TRANSACTION_STORE_STORE_id`) VALUES (10024, 2, 1, "2018-02-04 16:31:16", 8);

INSERT INTO `PRODUCT_has_TRANSACTION`(`PRODUCT_Barcode`, `PRODUCT_Category_Category_id`, `Pieces`, `TRANSACTION_Date_Time`, `TRANSACTION_STORE_STORE_id`) VALUES (10025, 2, 1, "2018-02-08 16:32:16", 8);
INSERT INTO `PRODUCT_has_TRANSACTION`(`PRODUCT_Barcode`, `PRODUCT_Category_Category_id`, `Pieces`, `TRANSACTION_Date_Time`, `TRANSACTION_STORE_STORE_id`) VALUES (10026, 2, 1, "2018-02-08 16:32:16", 8);
INSERT INTO `PRODUCT_has_TRANSACTION`(`PRODUCT_Barcode`, `PRODUCT_Category_Category_id`, `Pieces`, `TRANSACTION_Date_Time`, `TRANSACTION_STORE_STORE_id`) VALUES (10027, 2, 1, "2018-02-08 16:32:16", 8);

INSERT INTO `PRODUCT_has_TRANSACTION`(`PRODUCT_Barcode`, `PRODUCT_Category_Category_id`, `Pieces`, `TRANSACTION_Date_Time`, `TRANSACTION_STORE_STORE_id`) VALUES (10028, 2, 10, "2018-02-12 16:33:16", 1);
INSERT INTO `PRODUCT_has_TRANSACTION`(`PRODUCT_Barcode`, `PRODUCT_Category_Category_id`, `Pieces`, `TRANSACTION_Date_Time`, `TRANSACTION_STORE_STORE_id`) VALUES (10029, 2, 10, "2018-02-12 16:33:16", 1);
INSERT INTO `PRODUCT_has_TRANSACTION`(`PRODUCT_Barcode`, `PRODUCT_Category_Category_id`, `Pieces`, `TRANSACTION_Date_Time`, `TRANSACTION_STORE_STORE_id`) VALUES (10030, 2, 10, "2018-02-12 16:33:16", 1);

INSERT INTO `PRODUCT_has_TRANSACTION`(`PRODUCT_Barcode`, `PRODUCT_Category_Category_id`, `Pieces`, `TRANSACTION_Date_Time`, `TRANSACTION_STORE_STORE_id`) VALUES (10031, 2, 10, "2018-03-13 16:34:16", 8);
INSERT INTO `PRODUCT_has_TRANSACTION`(`PRODUCT_Barcode`, `PRODUCT_Category_Category_id`, `Pieces`, `TRANSACTION_Date_Time`, `TRANSACTION_STORE_STORE_id`) VALUES (10032, 2, 10, "2018-03-13 16:34:16", 8);

INSERT INTO `PRODUCT_has_TRANSACTION`(`PRODUCT_Barcode`, `PRODUCT_Category_Category_id`, `Pieces`, `TRANSACTION_Date_Time`, `TRANSACTION_STORE_STORE_id`) VALUES (10033, 3, 10, "2018-03-01 16:35:16", 4);
INSERT INTO `PRODUCT_has_TRANSACTION`(`PRODUCT_Barcode`, `PRODUCT_Category_Category_id`, `Pieces`, `TRANSACTION_Date_Time`, `TRANSACTION_STORE_STORE_id`) VALUES (10034, 3, 10, "2018-03-01 16:35:16", 4);
INSERT INTO `PRODUCT_has_TRANSACTION`(`PRODUCT_Barcode`, `PRODUCT_Category_Category_id`, `Pieces`, `TRANSACTION_Date_Time`, `TRANSACTION_STORE_STORE_id`) VALUES (10035, 3, 10, "2018-03-01 16:35:16", 4);

INSERT INTO `PRODUCT_has_TRANSACTION`(`PRODUCT_Barcode`, `PRODUCT_Category_Category_id`, `Pieces`, `TRANSACTION_Date_Time`, `TRANSACTION_STORE_STORE_id`) VALUES (10036, 3, 10, "2018-03-05 16:36:16", 1);
INSERT INTO `PRODUCT_has_TRANSACTION`(`PRODUCT_Barcode`, `PRODUCT_Category_Category_id`, `Pieces`, `TRANSACTION_Date_Time`, `TRANSACTION_STORE_STORE_id`) VALUES (10037, 3, 10, "2018-03-05 16:36:16", 1);

INSERT INTO `PRODUCT_has_TRANSACTION`(`PRODUCT_Barcode`, `PRODUCT_Category_Category_id`, `Pieces`, `TRANSACTION_Date_Time`, `TRANSACTION_STORE_STORE_id`) VALUES (10038, 3, 10, "2018-03-10 16:37:16", 1);
INSERT INTO `PRODUCT_has_TRANSACTION`(`PRODUCT_Barcode`, `PRODUCT_Category_Category_id`, `Pieces`, `TRANSACTION_Date_Time`, `TRANSACTION_STORE_STORE_id`) VALUES (10039, 3, 10, "2018-03-10 16:37:16", 1);

INSERT INTO `PRODUCT_has_TRANSACTION`(`PRODUCT_Barcode`, `PRODUCT_Category_Category_id`, `Pieces`, `TRANSACTION_Date_Time`, `TRANSACTION_STORE_STORE_id`) VALUES (10040, 3, 10, "2018-03-15 16:38:16", 4);
INSERT INTO `PRODUCT_has_TRANSACTION`(`PRODUCT_Barcode`, `PRODUCT_Category_Category_id`, `Pieces`, `TRANSACTION_Date_Time`, `TRANSACTION_STORE_STORE_id`) VALUES (10041, 3, 10, "2018-03-15 16:38:16", 4);
INSERT INTO `PRODUCT_has_TRANSACTION`(`PRODUCT_Barcode`, `PRODUCT_Category_Category_id`, `Pieces`, `TRANSACTION_Date_Time`, `TRANSACTION_STORE_STORE_id`) VALUES (10042, 3, 10, "2018-03-15 16:38:16", 4);

INSERT INTO `PRODUCT_has_TRANSACTION`(`PRODUCT_Barcode`, `PRODUCT_Category_Category_id`, `Pieces`, `TRANSACTION_Date_Time`, `TRANSACTION_STORE_STORE_id`) VALUES (10043, 3, 4, "2018-03-28 16:39:16", 1);
INSERT INTO `PRODUCT_has_TRANSACTION`(`PRODUCT_Barcode`, `PRODUCT_Category_Category_id`, `Pieces`, `TRANSACTION_Date_Time`, `TRANSACTION_STORE_STORE_id`) VALUES (10044, 3, 5, "2018-03-28 16:39:16", 1);
INSERT INTO `PRODUCT_has_TRANSACTION`(`PRODUCT_Barcode`, `PRODUCT_Category_Category_id`, `Pieces`, `TRANSACTION_Date_Time`, `TRANSACTION_STORE_STORE_id`) VALUES (10045, 3, 10, "2018-03-28 16:39:16", 1);

INSERT INTO `PRODUCT_has_TRANSACTION`(`PRODUCT_Barcode`, `PRODUCT_Category_Category_id`, `Pieces`, `TRANSACTION_Date_Time`, `TRANSACTION_STORE_STORE_id`) VALUES (10046, 3, 10, "2018-04-19 16:43:16", 8);
INSERT INTO `PRODUCT_has_TRANSACTION`(`PRODUCT_Barcode`, `PRODUCT_Category_Category_id`, `Pieces`, `TRANSACTION_Date_Time`, `TRANSACTION_STORE_STORE_id`) VALUES (10047, 3, 10, "2018-04-19 16:43:16", 8);
INSERT INTO `PRODUCT_has_TRANSACTION`(`PRODUCT_Barcode`, `PRODUCT_Category_Category_id`, `Pieces`, `TRANSACTION_Date_Time`, `TRANSACTION_STORE_STORE_id`) VALUES (10048, 3, 10, "2018-04-19 16:43:16", 8);

INSERT INTO `PRODUCT_has_TRANSACTION`(`PRODUCT_Barcode`, `PRODUCT_Category_Category_id`, `Pieces`, `TRANSACTION_Date_Time`, `TRANSACTION_STORE_STORE_id`) VALUES (10049, 4, 10, "2018-04-29 16:44:16", 1);
INSERT INTO `PRODUCT_has_TRANSACTION`(`PRODUCT_Barcode`, `PRODUCT_Category_Category_id`, `Pieces`, `TRANSACTION_Date_Time`, `TRANSACTION_STORE_STORE_id`) VALUES (10050, 4, 10, "2018-04-29 16:44:16", 1);
INSERT INTO `PRODUCT_has_TRANSACTION`(`PRODUCT_Barcode`, `PRODUCT_Category_Category_id`, `Pieces`, `TRANSACTION_Date_Time`, `TRANSACTION_STORE_STORE_id`) VALUES (10051, 4, 10, "2018-04-29 16:44:16", 1);

INSERT INTO `PRODUCT_has_TRANSACTION`(`PRODUCT_Barcode`, `PRODUCT_Category_Category_id`, `Pieces`, `TRANSACTION_Date_Time`, `TRANSACTION_STORE_STORE_id`) VALUES (10052, 4, 10, "2018-02-26 16:45:16", 4);
INSERT INTO `PRODUCT_has_TRANSACTION`(`PRODUCT_Barcode`, `PRODUCT_Category_Category_id`, `Pieces`, `TRANSACTION_Date_Time`, `TRANSACTION_STORE_STORE_id`) VALUES (10053, 4, 10, "2018-02-26 16:45:16", 4);
INSERT INTO `PRODUCT_has_TRANSACTION`(`PRODUCT_Barcode`, `PRODUCT_Category_Category_id`, `Pieces`, `TRANSACTION_Date_Time`, `TRANSACTION_STORE_STORE_id`) VALUES (10054, 4, 10, "2018-02-26 16:45:16", 4);

INSERT INTO `PRODUCT_has_TRANSACTION`(`PRODUCT_Barcode`, `PRODUCT_Category_Category_id`, `Pieces`, `TRANSACTION_Date_Time`, `TRANSACTION_STORE_STORE_id`) VALUES (10055, 4, 10, "2018-03-01 16:46:16", 4);
INSERT INTO `PRODUCT_has_TRANSACTION`(`PRODUCT_Barcode`, `PRODUCT_Category_Category_id`, `Pieces`, `TRANSACTION_Date_Time`, `TRANSACTION_STORE_STORE_id`) VALUES (10056, 4, 10, "2018-03-01 16:46:16", 4);

INSERT INTO `PRODUCT_has_TRANSACTION`(`PRODUCT_Barcode`, `PRODUCT_Category_Category_id`, `Pieces`, `TRANSACTION_Date_Time`, `TRANSACTION_STORE_STORE_id`) VALUES (10057, 4, 7, "2018-03-04 16:47:16", 1);
INSERT INTO `PRODUCT_has_TRANSACTION`(`PRODUCT_Barcode`, `PRODUCT_Category_Category_id`, `Pieces`, `TRANSACTION_Date_Time`, `TRANSACTION_STORE_STORE_id`) VALUES (10058, 4, 4, "2018-03-04 16:47:16", 1);

INSERT INTO `PRODUCT_has_TRANSACTION`(`PRODUCT_Barcode`, `PRODUCT_Category_Category_id`, `Pieces`, `TRANSACTION_Date_Time`, `TRANSACTION_STORE_STORE_id`) VALUES (10059, 4, 10, "2018-03-09 16:48:16", 4);
INSERT INTO `PRODUCT_has_TRANSACTION`(`PRODUCT_Barcode`, `PRODUCT_Category_Category_id`, `Pieces`, `TRANSACTION_Date_Time`, `TRANSACTION_STORE_STORE_id`) VALUES (10060, 4, 10, "2018-03-09 16:48:16", 4);
INSERT INTO `PRODUCT_has_TRANSACTION`(`PRODUCT_Barcode`, `PRODUCT_Category_Category_id`, `Pieces`, `TRANSACTION_Date_Time`, `TRANSACTION_STORE_STORE_id`) VALUES (10061, 4, 10, "2018-03-09 16:48:16", 4);

INSERT INTO `PRODUCT_has_TRANSACTION`(`PRODUCT_Barcode`, `PRODUCT_Category_Category_id`, `Pieces`, `TRANSACTION_Date_Time`, `TRANSACTION_STORE_STORE_id`) VALUES (10062, 4, 10, "2018-03-30 16:49:16", 1);
INSERT INTO `PRODUCT_has_TRANSACTION`(`PRODUCT_Barcode`, `PRODUCT_Category_Category_id`, `Pieces`, `TRANSACTION_Date_Time`, `TRANSACTION_STORE_STORE_id`) VALUES (10063, 4, 10, "2018-03-30 16:49:16", 1);
INSERT INTO `PRODUCT_has_TRANSACTION`(`PRODUCT_Barcode`, `PRODUCT_Category_Category_id`, `Pieces`, `TRANSACTION_Date_Time`, `TRANSACTION_STORE_STORE_id`) VALUES (10064, 4, 10, "2018-03-30 16:49:16", 1);

INSERT INTO `PRODUCT_has_TRANSACTION`(`PRODUCT_Barcode`, `PRODUCT_Category_Category_id`, `Pieces`, `TRANSACTION_Date_Time`, `TRANSACTION_STORE_STORE_id`) VALUES (10065, 5, 10, "2018-03-18 16:50:16", 1);
INSERT INTO `PRODUCT_has_TRANSACTION`(`PRODUCT_Barcode`, `PRODUCT_Category_Category_id`, `Pieces`, `TRANSACTION_Date_Time`, `TRANSACTION_STORE_STORE_id`) VALUES (10066, 5, 10, "2018-03-18 16:50:16", 1);
INSERT INTO `PRODUCT_has_TRANSACTION`(`PRODUCT_Barcode`, `PRODUCT_Category_Category_id`, `Pieces`, `TRANSACTION_Date_Time`, `TRANSACTION_STORE_STORE_id`) VALUES (10067, 5, 10, "2018-03-18 16:50:16", 1);

INSERT INTO `PRODUCT_has_TRANSACTION`(`PRODUCT_Barcode`, `PRODUCT_Category_Category_id`, `Pieces`, `TRANSACTION_Date_Time`, `TRANSACTION_STORE_STORE_id`) VALUES (10068, 5, 10, "2018-03-30 16:51:16", 8);
INSERT INTO `PRODUCT_has_TRANSACTION`(`PRODUCT_Barcode`, `PRODUCT_Category_Category_id`, `Pieces`, `TRANSACTION_Date_Time`, `TRANSACTION_STORE_STORE_id`) VALUES (10069, 5, 10, "2018-03-30 16:51:16", 8);
INSERT INTO `PRODUCT_has_TRANSACTION`(`PRODUCT_Barcode`, `PRODUCT_Category_Category_id`, `Pieces`, `TRANSACTION_Date_Time`, `TRANSACTION_STORE_STORE_id`) VALUES (10070, 5, 10, "2018-03-30 16:51:16", 8);

INSERT INTO `PRODUCT_has_TRANSACTION`(`PRODUCT_Barcode`, `PRODUCT_Category_Category_id`, `Pieces`, `TRANSACTION_Date_Time`, `TRANSACTION_STORE_STORE_id`) VALUES (10071, 5, 10, "2018-04-01 16:52:16", 1);
INSERT INTO `PRODUCT_has_TRANSACTION`(`PRODUCT_Barcode`, `PRODUCT_Category_Category_id`, `Pieces`, `TRANSACTION_Date_Time`, `TRANSACTION_STORE_STORE_id`) VALUES (10072, 5, 10, "2018-04-01 16:52:16", 1);
INSERT INTO `PRODUCT_has_TRANSACTION`(`PRODUCT_Barcode`, `PRODUCT_Category_Category_id`, `Pieces`, `TRANSACTION_Date_Time`, `TRANSACTION_STORE_STORE_id`) VALUES (10073, 5, 10, "2018-04-01 16:52:16", 1);

INSERT INTO `PRODUCT_has_TRANSACTION`(`PRODUCT_Barcode`, `PRODUCT_Category_Category_id`, `Pieces`, `TRANSACTION_Date_Time`, `TRANSACTION_STORE_STORE_id`) VALUES (10074, 5, 10, "2018-04-30 16:53:16", 8);
INSERT INTO `PRODUCT_has_TRANSACTION`(`PRODUCT_Barcode`, `PRODUCT_Category_Category_id`, `Pieces`, `TRANSACTION_Date_Time`, `TRANSACTION_STORE_STORE_id`) VALUES (10075, 5, 10, "2018-04-30 16:53:16", 8);

INSERT INTO `PRODUCT_has_TRANSACTION`(`PRODUCT_Barcode`, `PRODUCT_Category_Category_id`, `Pieces`, `TRANSACTION_Date_Time`, `TRANSACTION_STORE_STORE_id`) VALUES (10076, 5, 10, "2018-04-01 16:54:16", 1);
INSERT INTO `PRODUCT_has_TRANSACTION`(`PRODUCT_Barcode`, `PRODUCT_Category_Category_id`, `Pieces`, `TRANSACTION_Date_Time`, `TRANSACTION_STORE_STORE_id`) VALUES (10077, 5, 10, "2018-04-01 16:54:16", 1);

INSERT INTO `PRODUCT_has_TRANSACTION`(`PRODUCT_Barcode`, `PRODUCT_Category_Category_id`, `Pieces`, `TRANSACTION_Date_Time`, `TRANSACTION_STORE_STORE_id`) VALUES (10078, 5, 10, "2018-04-17 16:55:16", 1);
INSERT INTO `PRODUCT_has_TRANSACTION`(`PRODUCT_Barcode`, `PRODUCT_Category_Category_id`, `Pieces`, `TRANSACTION_Date_Time`, `TRANSACTION_STORE_STORE_id`) VALUES (10079, 5, 10, "2018-04-17 16:55:16", 1);

INSERT INTO `PRODUCT_has_TRANSACTION`(`PRODUCT_Barcode`, `PRODUCT_Category_Category_id`, `Pieces`, `TRANSACTION_Date_Time`, `TRANSACTION_STORE_STORE_id`) VALUES (10080, 6, 10, "2018-04-27 16:56:16", 8);
INSERT INTO `PRODUCT_has_TRANSACTION`(`PRODUCT_Barcode`, `PRODUCT_Category_Category_id`, `Pieces`, `TRANSACTION_Date_Time`, `TRANSACTION_STORE_STORE_id`) VALUES (10081, 6, 10, "2018-04-27 16:56:16", 8);

INSERT INTO `PRODUCT_has_TRANSACTION`(`PRODUCT_Barcode`, `PRODUCT_Category_Category_id`, `Pieces`, `TRANSACTION_Date_Time`, `TRANSACTION_STORE_STORE_id`) VALUES (10082, 6, 10, "2018-04-30 16:57:16", 4);
INSERT INTO `PRODUCT_has_TRANSACTION`(`PRODUCT_Barcode`, `PRODUCT_Category_Category_id`, `Pieces`, `TRANSACTION_Date_Time`, `TRANSACTION_STORE_STORE_id`) VALUES (10083, 6, 10, "2018-04-30 16:57:16", 4);

INSERT INTO `PRODUCT_has_TRANSACTION`(`PRODUCT_Barcode`, `PRODUCT_Category_Category_id`, `Pieces`, `TRANSACTION_Date_Time`, `TRANSACTION_STORE_STORE_id`) VALUES (10084, 6, 10, "2018-03-15 18:16:16", 1);
INSERT INTO `PRODUCT_has_TRANSACTION`(`PRODUCT_Barcode`, `PRODUCT_Category_Category_id`, `Pieces`, `TRANSACTION_Date_Time`, `TRANSACTION_STORE_STORE_id`) VALUES (10085, 6, 10, "2018-03-15 18:16:16", 1);

INSERT INTO `PRODUCT_has_TRANSACTION`(`PRODUCT_Barcode`, `PRODUCT_Category_Category_id`, `Pieces`, `TRANSACTION_Date_Time`, `TRANSACTION_STORE_STORE_id`) VALUES (10086, 6, 10, "2018-04-25 19:16:16", 1);
INSERT INTO `PRODUCT_has_TRANSACTION`(`PRODUCT_Barcode`, `PRODUCT_Category_Category_id`, `Pieces`, `TRANSACTION_Date_Time`, `TRANSACTION_STORE_STORE_id`) VALUES (10087, 6, 10, "2018-04-25 19:16:16", 1);

INSERT INTO `PRODUCT_has_TRANSACTION`(`PRODUCT_Barcode`, `PRODUCT_Category_Category_id`, `Pieces`, `TRANSACTION_Date_Time`, `TRANSACTION_STORE_STORE_id`) VALUES (10088, 6, 10, "2018-03-17 20:21:16", 4);
INSERT INTO `PRODUCT_has_TRANSACTION`(`PRODUCT_Barcode`, `PRODUCT_Category_Category_id`, `Pieces`, `TRANSACTION_Date_Time`, `TRANSACTION_STORE_STORE_id`) VALUES (10089, 6, 10, "2018-03-17 20:21:16", 4);

INSERT INTO `PRODUCT_has_TRANSACTION`(`PRODUCT_Barcode`, `PRODUCT_Category_Category_id`, `Pieces`, `TRANSACTION_Date_Time`, `TRANSACTION_STORE_STORE_id`) VALUES (10090, 6, 10, "2018-04-01 20:22:16", 4);
INSERT INTO `PRODUCT_has_TRANSACTION`(`PRODUCT_Barcode`, `PRODUCT_Category_Category_id`, `Pieces`, `TRANSACTION_Date_Time`, `TRANSACTION_STORE_STORE_id`) VALUES (10001, 1, 10, "2018-04-01 20:22:16", 4);

INSERT INTO `PRODUCT_has_TRANSACTION`(`PRODUCT_Barcode`, `PRODUCT_Category_Category_id`, `Pieces`, `TRANSACTION_Date_Time`, `TRANSACTION_STORE_STORE_id`) VALUES (10002, 1, 10, "2018-04-10 11:04:16", 8);

INSERT INTO `PRODUCT_has_TRANSACTION`(`PRODUCT_Barcode`, `PRODUCT_Category_Category_id`, `Pieces`, `TRANSACTION_Date_Time`, `TRANSACTION_STORE_STORE_id`) VALUES (10003, 1, 10, "2018-04-10 11:04:16", 8);
INSERT INTO `PRODUCT_has_TRANSACTION`(`PRODUCT_Barcode`, `PRODUCT_Category_Category_id`, `Pieces`, `TRANSACTION_Date_Time`, `TRANSACTION_STORE_STORE_id`) VALUES (10004, 1, 10, "2018-04-10 11:04:16", 8);

INSERT INTO `PRODUCT_has_TRANSACTION`(`PRODUCT_Barcode`, `PRODUCT_Category_Category_id`, `Pieces`, `TRANSACTION_Date_Time`, `TRANSACTION_STORE_STORE_id`) VALUES (10005, 1, 10, "2018-04-18 11:05:16", 8);
INSERT INTO `PRODUCT_has_TRANSACTION`(`PRODUCT_Barcode`, `PRODUCT_Category_Category_id`, `Pieces`, `TRANSACTION_Date_Time`, `TRANSACTION_STORE_STORE_id`) VALUES (10007, 1, 10, "2018-04-18 11:05:16", 8);

INSERT INTO `PRODUCT_has_TRANSACTION`(`PRODUCT_Barcode`, `PRODUCT_Category_Category_id`, `Pieces`, `TRANSACTION_Date_Time`, `TRANSACTION_STORE_STORE_id`) VALUES (10009, 1, 10, "2018-03-05 11:06:16", 1);
INSERT INTO `PRODUCT_has_TRANSACTION`(`PRODUCT_Barcode`, `PRODUCT_Category_Category_id`, `Pieces`, `TRANSACTION_Date_Time`, `TRANSACTION_STORE_STORE_id`) VALUES (10011, 1, 10, "2018-03-05 11:06:16", 1);
INSERT INTO `PRODUCT_has_TRANSACTION`(`PRODUCT_Barcode`, `PRODUCT_Category_Category_id`, `Pieces`, `TRANSACTION_Date_Time`, `TRANSACTION_STORE_STORE_id`) VALUES (10013, 1, 10, "2018-03-05 11:06:16", 1);

INSERT INTO `PRODUCT_has_TRANSACTION`(`PRODUCT_Barcode`, `PRODUCT_Category_Category_id`, `Pieces`, `TRANSACTION_Date_Time`, `TRANSACTION_STORE_STORE_id`) VALUES (10015, 1, 10, "2018-04-07 11:07:16", 4);
INSERT INTO `PRODUCT_has_TRANSACTION`(`PRODUCT_Barcode`, `PRODUCT_Category_Category_id`, `Pieces`, `TRANSACTION_Date_Time`, `TRANSACTION_STORE_STORE_id`) VALUES (10017, 2, 10, "2018-04-07 11:07:16", 4);
INSERT INTO `PRODUCT_has_TRANSACTION`(`PRODUCT_Barcode`, `PRODUCT_Category_Category_id`, `Pieces`, `TRANSACTION_Date_Time`, `TRANSACTION_STORE_STORE_id`) VALUES (10019, 2, 10, "2018-04-07 11:07:16", 4);

INSERT INTO `PRODUCT_has_TRANSACTION`(`PRODUCT_Barcode`, `PRODUCT_Category_Category_id`, `Pieces`, `TRANSACTION_Date_Time`, `TRANSACTION_STORE_STORE_id`) VALUES (10021, 2, 10, "2018-04-16 11:08:16", 1);
INSERT INTO `PRODUCT_has_TRANSACTION`(`PRODUCT_Barcode`, `PRODUCT_Category_Category_id`, `Pieces`, `TRANSACTION_Date_Time`, `TRANSACTION_STORE_STORE_id`) VALUES (10023, 2, 10, "2018-04-16 11:08:16", 1);
INSERT INTO `PRODUCT_has_TRANSACTION`(`PRODUCT_Barcode`, `PRODUCT_Category_Category_id`, `Pieces`, `TRANSACTION_Date_Time`, `TRANSACTION_STORE_STORE_id`) VALUES (10025, 2, 10, "2018-04-16 11:08:16", 1);

INSERT INTO `PRODUCT_has_TRANSACTION`(`PRODUCT_Barcode`, `PRODUCT_Category_Category_id`, `Pieces`, `TRANSACTION_Date_Time`, `TRANSACTION_STORE_STORE_id`) VALUES (10027, 2, 10, "2018-04-23 11:09:16", 8);
INSERT INTO `PRODUCT_has_TRANSACTION`(`PRODUCT_Barcode`, `PRODUCT_Category_Category_id`, `Pieces`, `TRANSACTION_Date_Time`, `TRANSACTION_STORE_STORE_id`) VALUES (10029, 2, 10, "2018-04-23 11:09:16", 8);
INSERT INTO `PRODUCT_has_TRANSACTION`(`PRODUCT_Barcode`, `PRODUCT_Category_Category_id`, `Pieces`, `TRANSACTION_Date_Time`, `TRANSACTION_STORE_STORE_id`) VALUES (10031, 2, 10, "2018-04-23 11:09:16", 8);

INSERT INTO `PRODUCT_has_TRANSACTION`(`PRODUCT_Barcode`, `PRODUCT_Category_Category_id`, `Pieces`, `TRANSACTION_Date_Time`, `TRANSACTION_STORE_STORE_id`) VALUES (10033, 3, 10, "2018-04-29 11:10:16", 1);
INSERT INTO `PRODUCT_has_TRANSACTION`(`PRODUCT_Barcode`, `PRODUCT_Category_Category_id`, `Pieces`, `TRANSACTION_Date_Time`, `TRANSACTION_STORE_STORE_id`) VALUES (10035, 3, 10, "2018-04-29 11:10:16", 1);
INSERT INTO `PRODUCT_has_TRANSACTION`(`PRODUCT_Barcode`, `PRODUCT_Category_Category_id`, `Pieces`, `TRANSACTION_Date_Time`, `TRANSACTION_STORE_STORE_id`) VALUES (10037, 3, 10, "2018-04-29 11:10:16", 1);

INSERT INTO `PRODUCT_has_TRANSACTION`(`PRODUCT_Barcode`, `PRODUCT_Category_Category_id`, `Pieces`, `TRANSACTION_Date_Time`, `TRANSACTION_STORE_STORE_id`) VALUES (10039, 3, 10, "2018-01-16 12:14:16", 10);
INSERT INTO `PRODUCT_has_TRANSACTION`(`PRODUCT_Barcode`, `PRODUCT_Category_Category_id`, `Pieces`, `TRANSACTION_Date_Time`, `TRANSACTION_STORE_STORE_id`) VALUES (10041, 3, 10, "2018-01-16 12:14:16", 10);

INSERT INTO `PRODUCT_has_TRANSACTION`(`PRODUCT_Barcode`, `PRODUCT_Category_Category_id`, `Pieces`, `TRANSACTION_Date_Time`, `TRANSACTION_STORE_STORE_id`) VALUES (10043, 3, 10, "2018-01-21 12:15:16", 10);
INSERT INTO `PRODUCT_has_TRANSACTION`(`PRODUCT_Barcode`, `PRODUCT_Category_Category_id`, `Pieces`, `TRANSACTION_Date_Time`, `TRANSACTION_STORE_STORE_id`) VALUES (10045, 3, 10, "2018-01-21 12:15:16", 10);

INSERT INTO `PRODUCT_has_TRANSACTION`(`PRODUCT_Barcode`, `PRODUCT_Category_Category_id`, `Pieces`, `TRANSACTION_Date_Time`, `TRANSACTION_STORE_STORE_id`) VALUES (10047, 3, 10, "2018-01-02 12:16:16", 5);
INSERT INTO `PRODUCT_has_TRANSACTION`(`PRODUCT_Barcode`, `PRODUCT_Category_Category_id`, `Pieces`, `TRANSACTION_Date_Time`, `TRANSACTION_STORE_STORE_id`) VALUES (10049, 4, 10, "2018-01-02 12:16:16", 5);

INSERT INTO `PRODUCT_has_TRANSACTION`(`PRODUCT_Barcode`, `PRODUCT_Category_Category_id`, `Pieces`, `TRANSACTION_Date_Time`, `TRANSACTION_STORE_STORE_id`) VALUES (10051, 4, 10, "2018-01-22 12:20:16", 10);
INSERT INTO `PRODUCT_has_TRANSACTION`(`PRODUCT_Barcode`, `PRODUCT_Category_Category_id`, `Pieces`, `TRANSACTION_Date_Time`, `TRANSACTION_STORE_STORE_id`) VALUES (10053, 4, 10, "2018-01-22 12:20:16", 10);

INSERT INTO `PRODUCT_has_TRANSACTION`(`PRODUCT_Barcode`, `PRODUCT_Category_Category_id`, `Pieces`, `TRANSACTION_Date_Time`, `TRANSACTION_STORE_STORE_id`) VALUES (10055, 4, 10, "2018-01-03 12:21:16", 5);
INSERT INTO `PRODUCT_has_TRANSACTION`(`PRODUCT_Barcode`, `PRODUCT_Category_Category_id`, `Pieces`, `TRANSACTION_Date_Time`, `TRANSACTION_STORE_STORE_id`) VALUES (10057, 4, 10, "2018-01-03 12:21:16", 5);

INSERT INTO `PRODUCT_has_TRANSACTION`(`PRODUCT_Barcode`, `PRODUCT_Category_Category_id`, `Pieces`, `TRANSACTION_Date_Time`, `TRANSACTION_STORE_STORE_id`) VALUES (10059, 4, 10, "2018-01-08 12:22:16", 5);
INSERT INTO `PRODUCT_has_TRANSACTION`(`PRODUCT_Barcode`, `PRODUCT_Category_Category_id`, `Pieces`, `TRANSACTION_Date_Time`, `TRANSACTION_STORE_STORE_id`) VALUES (10061, 4, 10, "2018-01-08 12:22:16", 5);

INSERT INTO `PRODUCT_has_TRANSACTION`(`PRODUCT_Barcode`, `PRODUCT_Category_Category_id`, `Pieces`, `TRANSACTION_Date_Time`, `TRANSACTION_STORE_STORE_id`) VALUES (10063, 4, 10, "2018-01-23 12:25:16", 5);
INSERT INTO `PRODUCT_has_TRANSACTION`(`PRODUCT_Barcode`, `PRODUCT_Category_Category_id`, `Pieces`, `TRANSACTION_Date_Time`, `TRANSACTION_STORE_STORE_id`) VALUES (10065, 5, 10, "2018-01-23 12:25:16", 5);

INSERT INTO `PRODUCT_has_TRANSACTION`(`PRODUCT_Barcode`, `PRODUCT_Category_Category_id`, `Pieces`, `TRANSACTION_Date_Time`, `TRANSACTION_STORE_STORE_id`) VALUES (10067, 5, 10, "2018-02-01 12:26:16", 10);
INSERT INTO `PRODUCT_has_TRANSACTION`(`PRODUCT_Barcode`, `PRODUCT_Category_Category_id`, `Pieces`, `TRANSACTION_Date_Time`, `TRANSACTION_STORE_STORE_id`) VALUES (10069, 5, 10, "2018-02-01 12:26:16", 10);

INSERT INTO `PRODUCT_has_TRANSACTION`(`PRODUCT_Barcode`, `PRODUCT_Category_Category_id`, `Pieces`, `TRANSACTION_Date_Time`, `TRANSACTION_STORE_STORE_id`) VALUES (10071, 5, 10, "2018-02-06 12:27:16", 5);
INSERT INTO `PRODUCT_has_TRANSACTION`(`PRODUCT_Barcode`, `PRODUCT_Category_Category_id`, `Pieces`, `TRANSACTION_Date_Time`, `TRANSACTION_STORE_STORE_id`) VALUES (10073, 5, 10, "2018-02-06 12:27:16", 5);
INSERT INTO `PRODUCT_has_TRANSACTION`(`PRODUCT_Barcode`, `PRODUCT_Category_Category_id`, `Pieces`, `TRANSACTION_Date_Time`, `TRANSACTION_STORE_STORE_id`) VALUES (10075, 5, 10, "2018-02-06 12:27:16", 5);

INSERT INTO `PRODUCT_has_TRANSACTION`(`PRODUCT_Barcode`, `PRODUCT_Category_Category_id`, `Pieces`, `TRANSACTION_Date_Time`, `TRANSACTION_STORE_STORE_id`) VALUES (10077, 5, 10, "2018-02-11 12:28:16", 10);
INSERT INTO `PRODUCT_has_TRANSACTION`(`PRODUCT_Barcode`, `PRODUCT_Category_Category_id`, `Pieces`, `TRANSACTION_Date_Time`, `TRANSACTION_STORE_STORE_id`) VALUES (10079, 5, 10, "2018-02-11 12:28:16", 10);

INSERT INTO `PRODUCT_has_TRANSACTION`(`PRODUCT_Barcode`, `PRODUCT_Category_Category_id`, `Pieces`, `TRANSACTION_Date_Time`, `TRANSACTION_STORE_STORE_id`) VALUES (10081, 6, 10, "2018-02-14 12:29:16", 10);
INSERT INTO `PRODUCT_has_TRANSACTION`(`PRODUCT_Barcode`, `PRODUCT_Category_Category_id`, `Pieces`, `TRANSACTION_Date_Time`, `TRANSACTION_STORE_STORE_id`) VALUES (10083, 6, 10, "2018-02-14 12:29:16", 10);

INSERT INTO `PRODUCT_has_TRANSACTION`(`PRODUCT_Barcode`, `PRODUCT_Category_Category_id`, `Pieces`, `TRANSACTION_Date_Time`, `TRANSACTION_STORE_STORE_id`) VALUES (10085, 6, 10, "2018-02-19 12:30:16", 10);
INSERT INTO `PRODUCT_has_TRANSACTION`(`PRODUCT_Barcode`, `PRODUCT_Category_Category_id`, `Pieces`, `TRANSACTION_Date_Time`, `TRANSACTION_STORE_STORE_id`) VALUES (10087, 6, 10, "2018-02-19 12:30:16", 10);

INSERT INTO `PRODUCT_has_TRANSACTION`(`PRODUCT_Barcode`, `PRODUCT_Category_Category_id`, `Pieces`, `TRANSACTION_Date_Time`, `TRANSACTION_STORE_STORE_id`) VALUES (10089, 6, 10, "2018-01-23 12:31:16", 10);
INSERT INTO `PRODUCT_has_TRANSACTION`(`PRODUCT_Barcode`, `PRODUCT_Category_Category_id`, `Pieces`, `TRANSACTION_Date_Time`, `TRANSACTION_STORE_STORE_id`) VALUES (10002, 1, 10, "2018-01-23 12:31:16", 10);
INSERT INTO `PRODUCT_has_TRANSACTION`(`PRODUCT_Barcode`, `PRODUCT_Category_Category_id`, `Pieces`, `TRANSACTION_Date_Time`, `TRANSACTION_STORE_STORE_id`) VALUES (10004, 1, 10, "2018-01-23 12:31:16", 10);

INSERT INTO `PRODUCT_has_TRANSACTION`(`PRODUCT_Barcode`, `PRODUCT_Category_Category_id`, `Pieces`, `TRANSACTION_Date_Time`, `TRANSACTION_STORE_STORE_id`) VALUES (10006, 1, 10, "2018-02-12 12:32:16", 5);
INSERT INTO `PRODUCT_has_TRANSACTION`(`PRODUCT_Barcode`, `PRODUCT_Category_Category_id`, `Pieces`, `TRANSACTION_Date_Time`, `TRANSACTION_STORE_STORE_id`) VALUES (10008, 1, 10, "2018-02-12 12:32:16", 5);
INSERT INTO `PRODUCT_has_TRANSACTION`(`PRODUCT_Barcode`, `PRODUCT_Category_Category_id`, `Pieces`, `TRANSACTION_Date_Time`, `TRANSACTION_STORE_STORE_id`) VALUES (10010, 1, 10, "2018-02-12 12:32:16", 5);
INSERT INTO `PRODUCT_has_TRANSACTION`(`PRODUCT_Barcode`, `PRODUCT_Category_Category_id`, `Pieces`, `TRANSACTION_Date_Time`, `TRANSACTION_STORE_STORE_id`) VALUES (10012, 1, 10, "2018-02-12 12:32:16", 5);

INSERT INTO `PRODUCT_has_TRANSACTION`(`PRODUCT_Barcode`, `PRODUCT_Category_Category_id`, `Pieces`, `TRANSACTION_Date_Time`, `TRANSACTION_STORE_STORE_id`) VALUES (10014, 1, 10, "2018-01-10 12:33:16", 5);
INSERT INTO `PRODUCT_has_TRANSACTION`(`PRODUCT_Barcode`, `PRODUCT_Category_Category_id`, `Pieces`, `TRANSACTION_Date_Time`, `TRANSACTION_STORE_STORE_id`) VALUES (10016, 1, 10, "2018-01-10 12:33:16", 5);
INSERT INTO `PRODUCT_has_TRANSACTION`(`PRODUCT_Barcode`, `PRODUCT_Category_Category_id`, `Pieces`, `TRANSACTION_Date_Time`, `TRANSACTION_STORE_STORE_id`) VALUES (10018, 2, 10, "2018-01-10 12:33:16", 5);
INSERT INTO `PRODUCT_has_TRANSACTION`(`PRODUCT_Barcode`, `PRODUCT_Category_Category_id`, `Pieces`, `TRANSACTION_Date_Time`, `TRANSACTION_STORE_STORE_id`) VALUES (10020, 2, 10, "2018-01-10 12:33:16", 5);

INSERT INTO `PRODUCT_has_TRANSACTION`(`PRODUCT_Barcode`, `PRODUCT_Category_Category_id`, `Pieces`, `TRANSACTION_Date_Time`, `TRANSACTION_STORE_STORE_id`) VALUES (10022, 2, 10, "2018-01-21 12:34:16", 10);
INSERT INTO `PRODUCT_has_TRANSACTION`(`PRODUCT_Barcode`, `PRODUCT_Category_Category_id`, `Pieces`, `TRANSACTION_Date_Time`, `TRANSACTION_STORE_STORE_id`) VALUES (10024, 2, 10, "2018-01-21 12:34:16", 10);

INSERT INTO `PRODUCT_has_TRANSACTION`(`PRODUCT_Barcode`, `PRODUCT_Category_Category_id`, `Pieces`, `TRANSACTION_Date_Time`, `TRANSACTION_STORE_STORE_id`) VALUES (10026, 2, 10, "2018-02-10 12:35:16", 10);
INSERT INTO `PRODUCT_has_TRANSACTION`(`PRODUCT_Barcode`, `PRODUCT_Category_Category_id`, `Pieces`, `TRANSACTION_Date_Time`, `TRANSACTION_STORE_STORE_id`) VALUES (10028, 2, 10, "2018-02-10 12:35:16", 10);

INSERT INTO `PRODUCT_has_TRANSACTION`(`PRODUCT_Barcode`, `PRODUCT_Category_Category_id`, `Pieces`, `TRANSACTION_Date_Time`, `TRANSACTION_STORE_STORE_id`) VALUES (10030, 2, 10, "2018-02-15 12:36:16", 5);
INSERT INTO `PRODUCT_has_TRANSACTION`(`PRODUCT_Barcode`, `PRODUCT_Category_Category_id`, `Pieces`, `TRANSACTION_Date_Time`, `TRANSACTION_STORE_STORE_id`) VALUES (10032, 2, 10, "2018-02-15 12:36:16", 5);

INSERT INTO `PRODUCT_has_TRANSACTION`(`PRODUCT_Barcode`, `PRODUCT_Category_Category_id`, `Pieces`, `TRANSACTION_Date_Time`, `TRANSACTION_STORE_STORE_id`) VALUES (10034, 3, 10, "2018-02-19 12:37:16", 10);
INSERT INTO `PRODUCT_has_TRANSACTION`(`PRODUCT_Barcode`, `PRODUCT_Category_Category_id`, `Pieces`, `TRANSACTION_Date_Time`, `TRANSACTION_STORE_STORE_id`) VALUES (10036, 3, 10, "2018-02-19 12:37:16", 10);
INSERT INTO `PRODUCT_has_TRANSACTION`(`PRODUCT_Barcode`, `PRODUCT_Category_Category_id`, `Pieces`, `TRANSACTION_Date_Time`, `TRANSACTION_STORE_STORE_id`) VALUES (10038, 3, 10, "2018-02-19 12:37:16", 10);

INSERT INTO `PRODUCT_has_TRANSACTION`(`PRODUCT_Barcode`, `PRODUCT_Category_Category_id`, `Pieces`, `TRANSACTION_Date_Time`, `TRANSACTION_STORE_STORE_id`) VALUES (10040, 3, 10, "2018-03-22 12:38:16", 5);
INSERT INTO `PRODUCT_has_TRANSACTION`(`PRODUCT_Barcode`, `PRODUCT_Category_Category_id`, `Pieces`, `TRANSACTION_Date_Time`, `TRANSACTION_STORE_STORE_id`) VALUES (10042, 3, 10, "2018-03-22 12:38:16", 5);
INSERT INTO `PRODUCT_has_TRANSACTION`(`PRODUCT_Barcode`, `PRODUCT_Category_Category_id`, `Pieces`, `TRANSACTION_Date_Time`, `TRANSACTION_STORE_STORE_id`) VALUES (10044, 3, 10, "2018-03-22 12:38:16", 5);

INSERT INTO `PRODUCT_has_TRANSACTION`(`PRODUCT_Barcode`, `PRODUCT_Category_Category_id`, `Pieces`, `TRANSACTION_Date_Time`, `TRANSACTION_STORE_STORE_id`) VALUES (10046, 3, 10, "2018-03-27 12:39:16", 10);
INSERT INTO `PRODUCT_has_TRANSACTION`(`PRODUCT_Barcode`, `PRODUCT_Category_Category_id`, `Pieces`, `TRANSACTION_Date_Time`, `TRANSACTION_STORE_STORE_id`) VALUES (10048, 3, 10, "2018-03-27 12:39:16", 10);
INSERT INTO `PRODUCT_has_TRANSACTION`(`PRODUCT_Barcode`, `PRODUCT_Category_Category_id`, `Pieces`, `TRANSACTION_Date_Time`, `TRANSACTION_STORE_STORE_id`) VALUES (10050, 4, 10, "2018-03-27 12:39:16", 10);

INSERT INTO `PRODUCT_has_TRANSACTION`(`PRODUCT_Barcode`, `PRODUCT_Category_Category_id`, `Pieces`, `TRANSACTION_Date_Time`, `TRANSACTION_STORE_STORE_id`) VALUES (10052, 4, 10, "2018-01-28 12:40:16", 10);
INSERT INTO `PRODUCT_has_TRANSACTION`(`PRODUCT_Barcode`, `PRODUCT_Category_Category_id`, `Pieces`, `TRANSACTION_Date_Time`, `TRANSACTION_STORE_STORE_id`) VALUES (10054, 4, 10, "2018-01-28 12:40:16", 10);
INSERT INTO `PRODUCT_has_TRANSACTION`(`PRODUCT_Barcode`, `PRODUCT_Category_Category_id`, `Pieces`, `TRANSACTION_Date_Time`, `TRANSACTION_STORE_STORE_id`) VALUES (10056, 4, 10, "2018-01-28 12:40:16", 10);

INSERT INTO `PRODUCT_has_TRANSACTION`(`PRODUCT_Barcode`, `PRODUCT_Category_Category_id`, `Pieces`, `TRANSACTION_Date_Time`, `TRANSACTION_STORE_STORE_id`) VALUES (10058, 4, 10, "2018-02-10 12:41:16", 10);
INSERT INTO `PRODUCT_has_TRANSACTION`(`PRODUCT_Barcode`, `PRODUCT_Category_Category_id`, `Pieces`, `TRANSACTION_Date_Time`, `TRANSACTION_STORE_STORE_id`) VALUES (10060, 4, 10, "2018-02-10 12:41:16", 10);
INSERT INTO `PRODUCT_has_TRANSACTION`(`PRODUCT_Barcode`, `PRODUCT_Category_Category_id`, `Pieces`, `TRANSACTION_Date_Time`, `TRANSACTION_STORE_STORE_id`) VALUES (10062, 4, 10, "2018-02-10 12:41:16", 10);

INSERT INTO `PRODUCT_has_TRANSACTION`(`PRODUCT_Barcode`, `PRODUCT_Category_Category_id`, `Pieces`, `TRANSACTION_Date_Time`, `TRANSACTION_STORE_STORE_id`) VALUES (10064, 4, 10, "2018-02-20 12:42:16", 5);
INSERT INTO `PRODUCT_has_TRANSACTION`(`PRODUCT_Barcode`, `PRODUCT_Category_Category_id`, `Pieces`, `TRANSACTION_Date_Time`, `TRANSACTION_STORE_STORE_id`) VALUES (10066, 5, 10, "2018-02-20 12:42:16", 5);

INSERT INTO `PRODUCT_has_TRANSACTION`(`PRODUCT_Barcode`, `PRODUCT_Category_Category_id`, `Pieces`, `TRANSACTION_Date_Time`, `TRANSACTION_STORE_STORE_id`) VALUES (10068, 5, 10, "2018-02-28 12:49:16", 10);
INSERT INTO `PRODUCT_has_TRANSACTION`(`PRODUCT_Barcode`, `PRODUCT_Category_Category_id`, `Pieces`, `TRANSACTION_Date_Time`, `TRANSACTION_STORE_STORE_id`) VALUES (10070, 5, 10, "2018-02-28 12:49:16", 10);

INSERT INTO `PRODUCT_has_TRANSACTION`(`PRODUCT_Barcode`, `PRODUCT_Category_Category_id`, `Pieces`, `TRANSACTION_Date_Time`, `TRANSACTION_STORE_STORE_id`) VALUES (10072, 5, 10, "2018-03-01 12:50:16", 5);
INSERT INTO `PRODUCT_has_TRANSACTION`(`PRODUCT_Barcode`, `PRODUCT_Category_Category_id`, `Pieces`, `TRANSACTION_Date_Time`, `TRANSACTION_STORE_STORE_id`) VALUES (10074, 5, 10, "2018-03-01 12:50:16", 5);

INSERT INTO `PRODUCT_has_TRANSACTION`(`PRODUCT_Barcode`, `PRODUCT_Category_Category_id`, `Pieces`, `TRANSACTION_Date_Time`, `TRANSACTION_STORE_STORE_id`) VALUES (10076, 5, 10, "2018-03-09 12:51:16", 10);
INSERT INTO `PRODUCT_has_TRANSACTION`(`PRODUCT_Barcode`, `PRODUCT_Category_Category_id`, `Pieces`, `TRANSACTION_Date_Time`, `TRANSACTION_STORE_STORE_id`) VALUES (10078, 5, 10, "2018-03-09 12:51:16", 10);

INSERT INTO `PRODUCT_has_TRANSACTION`(`PRODUCT_Barcode`, `PRODUCT_Category_Category_id`, `Pieces`, `TRANSACTION_Date_Time`, `TRANSACTION_STORE_STORE_id`) VALUES (10080, 6, 10, "2018-01-04 12:52:16", 10);
INSERT INTO `PRODUCT_has_TRANSACTION`(`PRODUCT_Barcode`, `PRODUCT_Category_Category_id`, `Pieces`, `TRANSACTION_Date_Time`, `TRANSACTION_STORE_STORE_id`) VALUES (10082, 6, 10, "2018-01-04 12:52:16", 10);

INSERT INTO `PRODUCT_has_TRANSACTION`(`PRODUCT_Barcode`, `PRODUCT_Category_Category_id`, `Pieces`, `TRANSACTION_Date_Time`, `TRANSACTION_STORE_STORE_id`) VALUES (10084, 6, 10, "2018-01-10 12:53:16", 10);
INSERT INTO `PRODUCT_has_TRANSACTION`(`PRODUCT_Barcode`, `PRODUCT_Category_Category_id`, `Pieces`, `TRANSACTION_Date_Time`, `TRANSACTION_STORE_STORE_id`) VALUES (10086, 6, 10, "2018-01-10 12:53:16", 10);

INSERT INTO `PRODUCT_has_TRANSACTION`(`PRODUCT_Barcode`, `PRODUCT_Category_Category_id`, `Pieces`, `TRANSACTION_Date_Time`, `TRANSACTION_STORE_STORE_id`) VALUES (10088, 6, 10, "2018-01-14 12:54:16", 5);
INSERT INTO `PRODUCT_has_TRANSACTION`(`PRODUCT_Barcode`, `PRODUCT_Category_Category_id`, `Pieces`, `TRANSACTION_Date_Time`, `TRANSACTION_STORE_STORE_id`) VALUES (10090, 6, 10, "2018-01-14 12:54:16", 5);

INSERT INTO `PRODUCT_has_TRANSACTION`(`PRODUCT_Barcode`, `PRODUCT_Category_Category_id`, `Pieces`, `TRANSACTION_Date_Time`, `TRANSACTION_STORE_STORE_id`) VALUES (10001, 1, 10, "2018-01-20 12:55:16", 5);
INSERT INTO `PRODUCT_has_TRANSACTION`(`PRODUCT_Barcode`, `PRODUCT_Category_Category_id`, `Pieces`, `TRANSACTION_Date_Time`, `TRANSACTION_STORE_STORE_id`) VALUES (10050, 4, 10, "2018-01-20 12:55:16", 5);
INSERT INTO `PRODUCT_has_TRANSACTION`(`PRODUCT_Barcode`, `PRODUCT_Category_Category_id`, `Pieces`, `TRANSACTION_Date_Time`, `TRANSACTION_STORE_STORE_id`) VALUES (10087, 6, 10, "2018-01-20 12:55:16", 5);

INSERT INTO `PRODUCT_has_TRANSACTION`(`PRODUCT_Barcode`, `PRODUCT_Category_Category_id`, `Pieces`, `TRANSACTION_Date_Time`, `TRANSACTION_STORE_STORE_id`) VALUES (10010, 1, 10, "2018-01-24 12:56:16", 10);
INSERT INTO `PRODUCT_has_TRANSACTION`(`PRODUCT_Barcode`, `PRODUCT_Category_Category_id`, `Pieces`, `TRANSACTION_Date_Time`, `TRANSACTION_STORE_STORE_id`) VALUES (10037, 3, 10, "2018-01-24 12:56:16", 10);

INSERT INTO `PRODUCT_has_TRANSACTION`(`PRODUCT_Barcode`, `PRODUCT_Category_Category_id`, `Pieces`, `TRANSACTION_Date_Time`, `TRANSACTION_STORE_STORE_id`) VALUES (10001, 1, 10, "2018-01-30 14:17:16", 10);
INSERT INTO `PRODUCT_has_TRANSACTION`(`PRODUCT_Barcode`, `PRODUCT_Category_Category_id`, `Pieces`, `TRANSACTION_Date_Time`, `TRANSACTION_STORE_STORE_id`) VALUES (10002, 1, 10, "2018-01-30 14:17:16", 10);

INSERT INTO `PRODUCT_has_TRANSACTION`(`PRODUCT_Barcode`, `PRODUCT_Category_Category_id`, `Pieces`, `TRANSACTION_Date_Time`, `TRANSACTION_STORE_STORE_id`) VALUES (10003, 1, 10, "2018-02-16 14:18:16", 10);
INSERT INTO `PRODUCT_has_TRANSACTION`(`PRODUCT_Barcode`, `PRODUCT_Category_Category_id`, `Pieces`, `TRANSACTION_Date_Time`, `TRANSACTION_STORE_STORE_id`) VALUES (10004, 1, 10, "2018-02-16 14:18:16", 10);
INSERT INTO `PRODUCT_has_TRANSACTION`(`PRODUCT_Barcode`, `PRODUCT_Category_Category_id`, `Pieces`, `TRANSACTION_Date_Time`, `TRANSACTION_STORE_STORE_id`) VALUES (10005, 1, 10, "2018-02-16 14:18:16", 10);

INSERT INTO `PRODUCT_has_TRANSACTION`(`PRODUCT_Barcode`, `PRODUCT_Category_Category_id`, `Pieces`, `TRANSACTION_Date_Time`, `TRANSACTION_STORE_STORE_id`) VALUES (10006, 1, 10, "2018-02-18 14:19:16", 10);
INSERT INTO `PRODUCT_has_TRANSACTION`(`PRODUCT_Barcode`, `PRODUCT_Category_Category_id`, `Pieces`, `TRANSACTION_Date_Time`, `TRANSACTION_STORE_STORE_id`) VALUES (10007, 1, 10, "2018-02-18 14:19:16", 10);
INSERT INTO `PRODUCT_has_TRANSACTION`(`PRODUCT_Barcode`, `PRODUCT_Category_Category_id`, `Pieces`, `TRANSACTION_Date_Time`, `TRANSACTION_STORE_STORE_id`) VALUES (10008, 1, 10, "2018-02-18 14:19:16", 10);

INSERT INTO `PRODUCT_has_TRANSACTION`(`PRODUCT_Barcode`, `PRODUCT_Category_Category_id`, `Pieces`, `TRANSACTION_Date_Time`, `TRANSACTION_STORE_STORE_id`) VALUES (10009, 1, 10, "2018-02-22 14:23:16", 10);
INSERT INTO `PRODUCT_has_TRANSACTION`(`PRODUCT_Barcode`, `PRODUCT_Category_Category_id`, `Pieces`, `TRANSACTION_Date_Time`, `TRANSACTION_STORE_STORE_id`) VALUES (10010, 1, 10, "2018-02-22 14:23:16", 10);

INSERT INTO `PRODUCT_has_TRANSACTION`(`PRODUCT_Barcode`, `PRODUCT_Category_Category_id`, `Pieces`, `TRANSACTION_Date_Time`, `TRANSACTION_STORE_STORE_id`) VALUES (10011, 1, 10, "2018-03-03 14:24:16", 5);
INSERT INTO `PRODUCT_has_TRANSACTION`(`PRODUCT_Barcode`, `PRODUCT_Category_Category_id`, `Pieces`, `TRANSACTION_Date_Time`, `TRANSACTION_STORE_STORE_id`) VALUES (10012, 1, 10, "2018-03-03 14:24:16", 5);

INSERT INTO `PRODUCT_has_TRANSACTION`(`PRODUCT_Barcode`, `PRODUCT_Category_Category_id`, `Pieces`, `TRANSACTION_Date_Time`, `TRANSACTION_STORE_STORE_id`) VALUES (10013, 1, 10, "2018-01-03 15:20:16", 5);
INSERT INTO `PRODUCT_has_TRANSACTION`(`PRODUCT_Barcode`, `PRODUCT_Category_Category_id`, `Pieces`, `TRANSACTION_Date_Time`, `TRANSACTION_STORE_STORE_id`) VALUES (10014, 1, 10, "2018-01-03 15:20:16", 5);
INSERT INTO `PRODUCT_has_TRANSACTION`(`PRODUCT_Barcode`, `PRODUCT_Category_Category_id`, `Pieces`, `TRANSACTION_Date_Time`, `TRANSACTION_STORE_STORE_id`) VALUES (10015, 1, 10, "2018-01-03 15:20:16", 5);

INSERT INTO `PRODUCT_has_TRANSACTION`(`PRODUCT_Barcode`, `PRODUCT_Category_Category_id`, `Pieces`, `TRANSACTION_Date_Time`, `TRANSACTION_STORE_STORE_id`) VALUES (10016, 1, 10, "2018-01-13 15:21:16", 5);
INSERT INTO `PRODUCT_has_TRANSACTION`(`PRODUCT_Barcode`, `PRODUCT_Category_Category_id`, `Pieces`, `TRANSACTION_Date_Time`, `TRANSACTION_STORE_STORE_id`) VALUES (10017, 2, 10, "2018-01-13 15:21:16", 5);

INSERT INTO `PRODUCT_has_TRANSACTION`(`PRODUCT_Barcode`, `PRODUCT_Category_Category_id`, `Pieces`, `TRANSACTION_Date_Time`, `TRANSACTION_STORE_STORE_id`) VALUES (10018, 2, 10, "2018-01-07 15:22:16", 5);
INSERT INTO `PRODUCT_has_TRANSACTION`(`PRODUCT_Barcode`, `PRODUCT_Category_Category_id`, `Pieces`, `TRANSACTION_Date_Time`, `TRANSACTION_STORE_STORE_id`) VALUES (10019, 2, 10, "2018-01-07 15:22:16", 5);

INSERT INTO `PRODUCT_has_TRANSACTION`(`PRODUCT_Barcode`, `PRODUCT_Category_Category_id`, `Pieces`, `TRANSACTION_Date_Time`, `TRANSACTION_STORE_STORE_id`) VALUES (10020, 2, 10, "2018-01-19 15:23:16", 5);
INSERT INTO `PRODUCT_has_TRANSACTION`(`PRODUCT_Barcode`, `PRODUCT_Category_Category_id`, `Pieces`, `TRANSACTION_Date_Time`, `TRANSACTION_STORE_STORE_id`) VALUES (10021, 2, 10, "2018-01-19 15:23:16", 5);

INSERT INTO `PRODUCT_has_TRANSACTION`(`PRODUCT_Barcode`, `PRODUCT_Category_Category_id`, `Pieces`, `TRANSACTION_Date_Time`, `TRANSACTION_STORE_STORE_id`) VALUES (10022, 2, 10, "2018-01-22 15:24:16", 5);
INSERT INTO `PRODUCT_has_TRANSACTION`(`PRODUCT_Barcode`, `PRODUCT_Category_Category_id`, `Pieces`, `TRANSACTION_Date_Time`, `TRANSACTION_STORE_STORE_id`) VALUES (10034, 3, 10, "2018-01-22 15:24:16", 5);
INSERT INTO `PRODUCT_has_TRANSACTION`(`PRODUCT_Barcode`, `PRODUCT_Category_Category_id`, `Pieces`, `TRANSACTION_Date_Time`, `TRANSACTION_STORE_STORE_id`) VALUES (10039, 3, 10, "2018-01-22 15:24:16", 5);

INSERT INTO `PRODUCT_has_TRANSACTION`(`PRODUCT_Barcode`, `PRODUCT_Category_Category_id`, `Pieces`, `TRANSACTION_Date_Time`, `TRANSACTION_STORE_STORE_id`) VALUES (10040, 3, 10, "2018-01-30 15:25:16", 10);
INSERT INTO `PRODUCT_has_TRANSACTION`(`PRODUCT_Barcode`, `PRODUCT_Category_Category_id`, `Pieces`, `TRANSACTION_Date_Time`, `TRANSACTION_STORE_STORE_id`) VALUES (10056, 4, 10, "2018-01-30 15:25:16", 10);
INSERT INTO `PRODUCT_has_TRANSACTION`(`PRODUCT_Barcode`, `PRODUCT_Category_Category_id`, `Pieces`, `TRANSACTION_Date_Time`, `TRANSACTION_STORE_STORE_id`) VALUES (10067, 5, 10, "2018-01-30 15:25:16", 10);
INSERT INTO `PRODUCT_has_TRANSACTION`(`PRODUCT_Barcode`, `PRODUCT_Category_Category_id`, `Pieces`, `TRANSACTION_Date_Time`, `TRANSACTION_STORE_STORE_id`) VALUES (10089, 6, 10, "2018-01-30 15:25:16", 10);

INSERT INTO `PRODUCT_has_TRANSACTION`(`PRODUCT_Barcode`, `PRODUCT_Category_Category_id`, `Pieces`, `TRANSACTION_Date_Time`, `TRANSACTION_STORE_STORE_id`) VALUES (10001, 1, 10, "2018-02-19 15:32:16", 5);
INSERT INTO `PRODUCT_has_TRANSACTION`(`PRODUCT_Barcode`, `PRODUCT_Category_Category_id`, `Pieces`, `TRANSACTION_Date_Time`, `TRANSACTION_STORE_STORE_id`) VALUES (10033, 3, 10, "2018-02-19 15:32:16", 5);
INSERT INTO `PRODUCT_has_TRANSACTION`(`PRODUCT_Barcode`, `PRODUCT_Category_Category_id`, `Pieces`, `TRANSACTION_Date_Time`, `TRANSACTION_STORE_STORE_id`) VALUES (10088, 6, 10, "2018-02-19 15:32:16", 5);

INSERT INTO `PRODUCT_has_TRANSACTION`(`PRODUCT_Barcode`, `PRODUCT_Category_Category_id`, `Pieces`, `TRANSACTION_Date_Time`, `TRANSACTION_STORE_STORE_id`) VALUES (10090, 6, 10, "2018-03-01 15:33:16", 5);
INSERT INTO `PRODUCT_has_TRANSACTION`(`PRODUCT_Barcode`, `PRODUCT_Category_Category_id`, `Pieces`, `TRANSACTION_Date_Time`, `TRANSACTION_STORE_STORE_id`) VALUES (10003, 1, 10, "2018-03-01 15:33:16", 5);
INSERT INTO `PRODUCT_has_TRANSACTION`(`PRODUCT_Barcode`, `PRODUCT_Category_Category_id`, `Pieces`, `TRANSACTION_Date_Time`, `TRANSACTION_STORE_STORE_id`) VALUES (10004, 1, 10, "2018-03-01 15:33:16", 5);
INSERT INTO `PRODUCT_has_TRANSACTION`(`PRODUCT_Barcode`, `PRODUCT_Category_Category_id`, `Pieces`, `TRANSACTION_Date_Time`, `TRANSACTION_STORE_STORE_id`) VALUES (10044, 3, 10, "2018-03-01 15:33:16", 5);

INSERT INTO `PRODUCT_has_TRANSACTION`(`PRODUCT_Barcode`, `PRODUCT_Category_Category_id`, `Pieces`, `TRANSACTION_Date_Time`, `TRANSACTION_STORE_STORE_id`) VALUES (10078, 5, 10, "2018-03-30 15:34:16", 5);
INSERT INTO `PRODUCT_has_TRANSACTION`(`PRODUCT_Barcode`, `PRODUCT_Category_Category_id`, `Pieces`, `TRANSACTION_Date_Time`, `TRANSACTION_STORE_STORE_id`) VALUES (10082, 6, 10, "2018-03-30 15:34:16", 5);
INSERT INTO `PRODUCT_has_TRANSACTION`(`PRODUCT_Barcode`, `PRODUCT_Category_Category_id`, `Pieces`, `TRANSACTION_Date_Time`, `TRANSACTION_STORE_STORE_id`) VALUES (10029, 2, 10, "2018-03-30 15:34:16", 5);

INSERT INTO `PRODUCT_has_TRANSACTION`(`PRODUCT_Barcode`, `PRODUCT_Category_Category_id`, `Pieces`, `TRANSACTION_Date_Time`, `TRANSACTION_STORE_STORE_id`) VALUES (10007, 1, 10, "2018-02-19 15:35:16", 10);
INSERT INTO `PRODUCT_has_TRANSACTION`(`PRODUCT_Barcode`, `PRODUCT_Category_Category_id`, `Pieces`, `TRANSACTION_Date_Time`, `TRANSACTION_STORE_STORE_id`) VALUES (10066, 5, 10, "2018-02-19 15:35:16", 10);

INSERT INTO `PRODUCT_has_TRANSACTION`(`PRODUCT_Barcode`, `PRODUCT_Category_Category_id`, `Pieces`, `TRANSACTION_Date_Time`, `TRANSACTION_STORE_STORE_id`) VALUES (10019, 2, 10, "2018-02-22 15:36:16", 10);
INSERT INTO `PRODUCT_has_TRANSACTION`(`PRODUCT_Barcode`, `PRODUCT_Category_Category_id`, `Pieces`, `TRANSACTION_Date_Time`, `TRANSACTION_STORE_STORE_id`) VALUES (10029, 2, 10, "2018-02-22 15:36:16", 10);
INSERT INTO `PRODUCT_has_TRANSACTION`(`PRODUCT_Barcode`, `PRODUCT_Category_Category_id`, `Pieces`, `TRANSACTION_Date_Time`, `TRANSACTION_STORE_STORE_id`) VALUES (10078, 5, 10, "2018-02-22 15:36:16", 10);

INSERT INTO `PRODUCT_has_TRANSACTION`(`PRODUCT_Barcode`, `PRODUCT_Category_Category_id`, `Pieces`, `TRANSACTION_Date_Time`, `TRANSACTION_STORE_STORE_id`) VALUES (10065, 5, 10, "2018-02-25 15:37:16", 5);
INSERT INTO `PRODUCT_has_TRANSACTION`(`PRODUCT_Barcode`, `PRODUCT_Category_Category_id`, `Pieces`, `TRANSACTION_Date_Time`, `TRANSACTION_STORE_STORE_id`) VALUES (10077, 5, 10, "2018-02-25 15:37:16", 5);
INSERT INTO `PRODUCT_has_TRANSACTION`(`PRODUCT_Barcode`, `PRODUCT_Category_Category_id`, `Pieces`, `TRANSACTION_Date_Time`, `TRANSACTION_STORE_STORE_id`) VALUES (10089, 6, 10, "2018-02-25 15:37:16", 5);

INSERT INTO `PRODUCT_has_TRANSACTION`(`PRODUCT_Barcode`, `PRODUCT_Category_Category_id`, `Pieces`, `TRANSACTION_Date_Time`, `TRANSACTION_STORE_STORE_id`) VALUES (10001, 1, 10, "2018-03-04 15:38:16", 10);
INSERT INTO `PRODUCT_has_TRANSACTION`(`PRODUCT_Barcode`, `PRODUCT_Category_Category_id`, `Pieces`, `TRANSACTION_Date_Time`, `TRANSACTION_STORE_STORE_id`) VALUES (10002, 1, 10, "2018-03-04 15:38:16", 10);
INSERT INTO `PRODUCT_has_TRANSACTION`(`PRODUCT_Barcode`, `PRODUCT_Category_Category_id`, `Pieces`, `TRANSACTION_Date_Time`, `TRANSACTION_STORE_STORE_id`) VALUES (10003, 1, 10, "2018-03-04 15:38:16", 10);
INSERT INTO `PRODUCT_has_TRANSACTION`(`PRODUCT_Barcode`, `PRODUCT_Category_Category_id`, `Pieces`, `TRANSACTION_Date_Time`, `TRANSACTION_STORE_STORE_id`) VALUES (10004, 1, 10, "2018-03-04 15:38:16", 10);

INSERT INTO `PRODUCT_has_TRANSACTION`(`PRODUCT_Barcode`, `PRODUCT_Category_Category_id`, `Pieces`, `TRANSACTION_Date_Time`, `TRANSACTION_STORE_STORE_id`) VALUES (10005, 1, 10, "2018-02-01 15:39:16", 10);
INSERT INTO `PRODUCT_has_TRANSACTION`(`PRODUCT_Barcode`, `PRODUCT_Category_Category_id`, `Pieces`, `TRANSACTION_Date_Time`, `TRANSACTION_STORE_STORE_id`) VALUES (10006, 1, 10, "2018-02-01 15:39:16", 10);
INSERT INTO `PRODUCT_has_TRANSACTION`(`PRODUCT_Barcode`, `PRODUCT_Category_Category_id`, `Pieces`, `TRANSACTION_Date_Time`, `TRANSACTION_STORE_STORE_id`) VALUES (10007, 1, 10, "2018-02-01 15:39:16", 10);

INSERT INTO `PRODUCT_has_TRANSACTION`(`PRODUCT_Barcode`, `PRODUCT_Category_Category_id`, `Pieces`, `TRANSACTION_Date_Time`, `TRANSACTION_STORE_STORE_id`) VALUES (10008, 1, 10, "2018-02-03 15:40:16", 10);
INSERT INTO `PRODUCT_has_TRANSACTION`(`PRODUCT_Barcode`, `PRODUCT_Category_Category_id`, `Pieces`, `TRANSACTION_Date_Time`, `TRANSACTION_STORE_STORE_id`) VALUES (10009, 1, 10, "2018-02-03 15:40:16", 10);
INSERT INTO `PRODUCT_has_TRANSACTION`(`PRODUCT_Barcode`, `PRODUCT_Category_Category_id`, `Pieces`, `TRANSACTION_Date_Time`, `TRANSACTION_STORE_STORE_id`) VALUES (10010, 1, 10, "2018-02-03 15:40:16", 10);
INSERT INTO `PRODUCT_has_TRANSACTION`(`PRODUCT_Barcode`, `PRODUCT_Category_Category_id`, `Pieces`, `TRANSACTION_Date_Time`, `TRANSACTION_STORE_STORE_id`) VALUES (10011, 1, 10, "2018-02-03 15:40:16", 10);

INSERT INTO `PRODUCT_has_TRANSACTION`(`PRODUCT_Barcode`, `PRODUCT_Category_Category_id`, `Pieces`, `TRANSACTION_Date_Time`, `TRANSACTION_STORE_STORE_id`) VALUES (10012, 1, 10, "2018-02-15 15:41:16", 10);
INSERT INTO `PRODUCT_has_TRANSACTION`(`PRODUCT_Barcode`, `PRODUCT_Category_Category_id`, `Pieces`, `TRANSACTION_Date_Time`, `TRANSACTION_STORE_STORE_id`) VALUES (10013, 1, 10, "2018-02-15 15:41:16", 10);

INSERT INTO `PRODUCT_has_TRANSACTION`(`PRODUCT_Barcode`, `PRODUCT_Category_Category_id`, `Pieces`, `TRANSACTION_Date_Time`, `TRANSACTION_STORE_STORE_id`) VALUES (10014, 1, 10, "2018-03-18 15:42:16", 5);
INSERT INTO `PRODUCT_has_TRANSACTION`(`PRODUCT_Barcode`, `PRODUCT_Category_Category_id`, `Pieces`, `TRANSACTION_Date_Time`, `TRANSACTION_STORE_STORE_id`) VALUES (10015, 1, 10, "2018-03-18 15:42:16", 5);

INSERT INTO `PRODUCT_has_TRANSACTION`(`PRODUCT_Barcode`, `PRODUCT_Category_Category_id`, `Pieces`, `TRANSACTION_Date_Time`, `TRANSACTION_STORE_STORE_id`) VALUES (10016, 1, 10, "2018-03-31 15:43:16", 10);
INSERT INTO `PRODUCT_has_TRANSACTION`(`PRODUCT_Barcode`, `PRODUCT_Category_Category_id`, `Pieces`, `TRANSACTION_Date_Time`, `TRANSACTION_STORE_STORE_id`) VALUES (10017, 2, 10, "2018-03-31 15:43:16", 10);
INSERT INTO `PRODUCT_has_TRANSACTION`(`PRODUCT_Barcode`, `PRODUCT_Category_Category_id`, `Pieces`, `TRANSACTION_Date_Time`, `TRANSACTION_STORE_STORE_id`) VALUES (10018, 2, 10, "2018-03-31 15:43:16", 10);

INSERT INTO `PRODUCT_has_TRANSACTION`(`PRODUCT_Barcode`, `PRODUCT_Category_Category_id`, `Pieces`, `TRANSACTION_Date_Time`, `TRANSACTION_STORE_STORE_id`) VALUES (10019, 2, 10, "2018-03-01 09:18:16", 5);
INSERT INTO `PRODUCT_has_TRANSACTION`(`PRODUCT_Barcode`, `PRODUCT_Category_Category_id`, `Pieces`, `TRANSACTION_Date_Time`, `TRANSACTION_STORE_STORE_id`) VALUES (10020, 2, 10, "2018-03-01 09:18:16", 5);
INSERT INTO `PRODUCT_has_TRANSACTION`(`PRODUCT_Barcode`, `PRODUCT_Category_Category_id`, `Pieces`, `TRANSACTION_Date_Time`, `TRANSACTION_STORE_STORE_id`) VALUES (10021, 2, 10, "2018-03-01 09:18:16", 5);

INSERT INTO `PRODUCT_has_TRANSACTION`(`PRODUCT_Barcode`, `PRODUCT_Category_Category_id`, `Pieces`, `TRANSACTION_Date_Time`, `TRANSACTION_STORE_STORE_id`) VALUES (10022, 2, 10, "2018-03-04 09:15:16", 5);
INSERT INTO `PRODUCT_has_TRANSACTION`(`PRODUCT_Barcode`, `PRODUCT_Category_Category_id`, `Pieces`, `TRANSACTION_Date_Time`, `TRANSACTION_STORE_STORE_id`) VALUES (10023, 2, 10, "2018-03-04 09:15:16", 5);
INSERT INTO `PRODUCT_has_TRANSACTION`(`PRODUCT_Barcode`, `PRODUCT_Category_Category_id`, `Pieces`, `TRANSACTION_Date_Time`, `TRANSACTION_STORE_STORE_id`) VALUES (10024, 2, 10, "2018-03-04 09:15:16", 5);
INSERT INTO `PRODUCT_has_TRANSACTION`(`PRODUCT_Barcode`, `PRODUCT_Category_Category_id`, `Pieces`, `TRANSACTION_Date_Time`, `TRANSACTION_STORE_STORE_id`) VALUES (10025, 2, 10, "2018-03-04 09:15:16", 5);

INSERT INTO `PRODUCT_has_TRANSACTION`(`PRODUCT_Barcode`, `PRODUCT_Category_Category_id`, `Pieces`, `TRANSACTION_Date_Time`, `TRANSACTION_STORE_STORE_id`) VALUES (10026, 2, 10, "2018-03-10 09:23:16", 5);
INSERT INTO `PRODUCT_has_TRANSACTION`(`PRODUCT_Barcode`, `PRODUCT_Category_Category_id`, `Pieces`, `TRANSACTION_Date_Time`, `TRANSACTION_STORE_STORE_id`) VALUES (10027, 2, 10, "2018-03-10 09:23:16", 5);
INSERT INTO `PRODUCT_has_TRANSACTION`(`PRODUCT_Barcode`, `PRODUCT_Category_Category_id`, `Pieces`, `TRANSACTION_Date_Time`, `TRANSACTION_STORE_STORE_id`) VALUES (10028, 2, 10, "2018-03-10 09:23:16", 5);

INSERT INTO `PRODUCT_has_TRANSACTION`(`PRODUCT_Barcode`, `PRODUCT_Category_Category_id`, `Pieces`, `TRANSACTION_Date_Time`, `TRANSACTION_STORE_STORE_id`) VALUES (10029, 2, 10, "2018-03-19 09:24:16", 10);
INSERT INTO `PRODUCT_has_TRANSACTION`(`PRODUCT_Barcode`, `PRODUCT_Category_Category_id`, `Pieces`, `TRANSACTION_Date_Time`, `TRANSACTION_STORE_STORE_id`) VALUES (10030, 2, 10, "2018-03-19 09:24:16", 10);

INSERT INTO `PRODUCT_has_TRANSACTION`(`PRODUCT_Barcode`, `PRODUCT_Category_Category_id`, `Pieces`, `TRANSACTION_Date_Time`, `TRANSACTION_STORE_STORE_id`) VALUES (10031, 2, 10, "2018-03-29 09:27:16", 10);
INSERT INTO `PRODUCT_has_TRANSACTION`(`PRODUCT_Barcode`, `PRODUCT_Category_Category_id`, `Pieces`, `TRANSACTION_Date_Time`, `TRANSACTION_STORE_STORE_id`) VALUES (10032, 2, 10, "2018-03-29 09:27:16", 10);

INSERT INTO `PRODUCT_has_TRANSACTION`(`PRODUCT_Barcode`, `PRODUCT_Category_Category_id`, `Pieces`, `TRANSACTION_Date_Time`, `TRANSACTION_STORE_STORE_id`) VALUES (10033, 3, 10, "2018-01-02 09:16:16", 5);
INSERT INTO `PRODUCT_has_TRANSACTION`(`PRODUCT_Barcode`, `PRODUCT_Category_Category_id`, `Pieces`, `TRANSACTION_Date_Time`, `TRANSACTION_STORE_STORE_id`) VALUES (10034, 3, 10, "2018-01-02 09:16:16", 5);
INSERT INTO `PRODUCT_has_TRANSACTION`(`PRODUCT_Barcode`, `PRODUCT_Category_Category_id`, `Pieces`, `TRANSACTION_Date_Time`, `TRANSACTION_STORE_STORE_id`) VALUES (10035, 3, 10, "2018-01-02 09:16:16", 5);

INSERT INTO `PRODUCT_has_TRANSACTION`(`PRODUCT_Barcode`, `PRODUCT_Category_Category_id`, `Pieces`, `TRANSACTION_Date_Time`, `TRANSACTION_STORE_STORE_id`) VALUES (10036, 3, 10, "2018-01-11 10:16:16", 5);
INSERT INTO `PRODUCT_has_TRANSACTION`(`PRODUCT_Barcode`, `PRODUCT_Category_Category_id`, `Pieces`, `TRANSACTION_Date_Time`, `TRANSACTION_STORE_STORE_id`) VALUES (10037, 3, 10, "2018-01-11 10:16:16", 5);
INSERT INTO `PRODUCT_has_TRANSACTION`(`PRODUCT_Barcode`, `PRODUCT_Category_Category_id`, `Pieces`, `TRANSACTION_Date_Time`, `TRANSACTION_STORE_STORE_id`) VALUES (10038, 3, 10, "2018-01-11 10:16:16", 5);

INSERT INTO `PRODUCT_has_TRANSACTION`(`PRODUCT_Barcode`, `PRODUCT_Category_Category_id`, `Pieces`, `TRANSACTION_Date_Time`, `TRANSACTION_STORE_STORE_id`) VALUES (10039, 3, 10, "2018-02-12 11:16:16", 10);
INSERT INTO `PRODUCT_has_TRANSACTION`(`PRODUCT_Barcode`, `PRODUCT_Category_Category_id`, `Pieces`, `TRANSACTION_Date_Time`, `TRANSACTION_STORE_STORE_id`) VALUES (10040, 3, 10, "2018-02-12 11:16:16", 10);
INSERT INTO `PRODUCT_has_TRANSACTION`(`PRODUCT_Barcode`, `PRODUCT_Category_Category_id`, `Pieces`, `TRANSACTION_Date_Time`, `TRANSACTION_STORE_STORE_id`) VALUES (10041, 3, 10, "2018-02-12 11:16:16", 10);

INSERT INTO `PRODUCT_has_TRANSACTION`(`PRODUCT_Barcode`, `PRODUCT_Category_Category_id`, `Pieces`, `TRANSACTION_Date_Time`, `TRANSACTION_STORE_STORE_id`) VALUES (10042, 3, 10, "2018-02-22 12:16:16", 5);
INSERT INTO `PRODUCT_has_TRANSACTION`(`PRODUCT_Barcode`, `PRODUCT_Category_Category_id`, `Pieces`, `TRANSACTION_Date_Time`, `TRANSACTION_STORE_STORE_id`) VALUES (10043, 3, 10, "2018-02-22 12:16:16", 5);
INSERT INTO `PRODUCT_has_TRANSACTION`(`PRODUCT_Barcode`, `PRODUCT_Category_Category_id`, `Pieces`, `TRANSACTION_Date_Time`, `TRANSACTION_STORE_STORE_id`) VALUES (10044, 3, 10, "2018-02-22 12:16:16", 5);
INSERT INTO `PRODUCT_has_TRANSACTION`(`PRODUCT_Barcode`, `PRODUCT_Category_Category_id`, `Pieces`, `TRANSACTION_Date_Time`, `TRANSACTION_STORE_STORE_id`) VALUES (10045, 3, 10, "2018-02-22 12:16:16", 5);

INSERT INTO `PRODUCT_has_TRANSACTION`(`PRODUCT_Barcode`, `PRODUCT_Category_Category_id`, `Pieces`, `TRANSACTION_Date_Time`, `TRANSACTION_STORE_STORE_id`) VALUES (10046, 3, 10, "2018-03-01 13:16:16", 10);
INSERT INTO `PRODUCT_has_TRANSACTION`(`PRODUCT_Barcode`, `PRODUCT_Category_Category_id`, `Pieces`, `TRANSACTION_Date_Time`, `TRANSACTION_STORE_STORE_id`) VALUES (10047, 3, 10, "2018-03-01 13:16:16", 10);
INSERT INTO `PRODUCT_has_TRANSACTION`(`PRODUCT_Barcode`, `PRODUCT_Category_Category_id`, `Pieces`, `TRANSACTION_Date_Time`, `TRANSACTION_STORE_STORE_id`) VALUES (10048, 3, 10, "2018-03-01 13:16:16", 10);
INSERT INTO `PRODUCT_has_TRANSACTION`(`PRODUCT_Barcode`, `PRODUCT_Category_Category_id`, `Pieces`, `TRANSACTION_Date_Time`, `TRANSACTION_STORE_STORE_id`) VALUES (10049, 4, 10, "2018-03-01 13:16:16", 10);

INSERT INTO `PRODUCT_has_TRANSACTION`(`PRODUCT_Barcode`, `PRODUCT_Category_Category_id`, `Pieces`, `TRANSACTION_Date_Time`, `TRANSACTION_STORE_STORE_id`) VALUES (10050, 4, 10, "2018-02-12 14:11:16", 5);
INSERT INTO `PRODUCT_has_TRANSACTION`(`PRODUCT_Barcode`, `PRODUCT_Category_Category_id`, `Pieces`, `TRANSACTION_Date_Time`, `TRANSACTION_STORE_STORE_id`) VALUES (10051, 4, 10, "2018-02-12 14:11:16", 5);

INSERT INTO `PRODUCT_has_TRANSACTION`(`PRODUCT_Barcode`, `PRODUCT_Category_Category_id`, `Pieces`, `TRANSACTION_Date_Time`, `TRANSACTION_STORE_STORE_id`) VALUES (10052, 4, 10, "2018-02-16 15:11:16", 5);
INSERT INTO `PRODUCT_has_TRANSACTION`(`PRODUCT_Barcode`, `PRODUCT_Category_Category_id`, `Pieces`, `TRANSACTION_Date_Time`, `TRANSACTION_STORE_STORE_id`) VALUES (10053, 4, 10, "2018-02-16 15:11:16", 5);
INSERT INTO `PRODUCT_has_TRANSACTION`(`PRODUCT_Barcode`, `PRODUCT_Category_Category_id`, `Pieces`, `TRANSACTION_Date_Time`, `TRANSACTION_STORE_STORE_id`) VALUES (10054, 4, 10, "2018-02-16 15:11:16", 5);

INSERT INTO `PRODUCT_has_TRANSACTION`(`PRODUCT_Barcode`, `PRODUCT_Category_Category_id`, `Pieces`, `TRANSACTION_Date_Time`, `TRANSACTION_STORE_STORE_id`) VALUES (10055, 4, 10, "2018-02-17 17:11:16", 10);
INSERT INTO `PRODUCT_has_TRANSACTION`(`PRODUCT_Barcode`, `PRODUCT_Category_Category_id`, `Pieces`, `TRANSACTION_Date_Time`, `TRANSACTION_STORE_STORE_id`) VALUES (10056, 4, 10, "2018-02-17 17:11:16", 10);
INSERT INTO `PRODUCT_has_TRANSACTION`(`PRODUCT_Barcode`, `PRODUCT_Category_Category_id`, `Pieces`, `TRANSACTION_Date_Time`, `TRANSACTION_STORE_STORE_id`) VALUES (10080, 6, 10, "2018-02-17 17:11:16", 10);

INSERT INTO `PRODUCT_has_TRANSACTION`(`PRODUCT_Barcode`, `PRODUCT_Category_Category_id`, `Pieces`, `TRANSACTION_Date_Time`, `TRANSACTION_STORE_STORE_id`) VALUES (10057, 4, 10, "2018-02-20 18:11:16", 5);
INSERT INTO `PRODUCT_has_TRANSACTION`(`PRODUCT_Barcode`, `PRODUCT_Category_Category_id`, `Pieces`, `TRANSACTION_Date_Time`, `TRANSACTION_STORE_STORE_id`) VALUES (10058, 4, 10, "2018-02-20 18:11:16", 5);
INSERT INTO `PRODUCT_has_TRANSACTION`(`PRODUCT_Barcode`, `PRODUCT_Category_Category_id`, `Pieces`, `TRANSACTION_Date_Time`, `TRANSACTION_STORE_STORE_id`) VALUES (10087, 6, 10, "2018-02-20 18:11:16", 5);

INSERT INTO `PRODUCT_has_TRANSACTION`(`PRODUCT_Barcode`, `PRODUCT_Category_Category_id`, `Pieces`, `TRANSACTION_Date_Time`, `TRANSACTION_STORE_STORE_id`) VALUES (10059, 4, 10, "2018-02-27 19:11:16", 10);
INSERT INTO `PRODUCT_has_TRANSACTION`(`PRODUCT_Barcode`, `PRODUCT_Category_Category_id`, `Pieces`, `TRANSACTION_Date_Time`, `TRANSACTION_STORE_STORE_id`) VALUES (10060, 4, 10, "2018-02-27 19:11:16", 10);
INSERT INTO `PRODUCT_has_TRANSACTION`(`PRODUCT_Barcode`, `PRODUCT_Category_Category_id`, `Pieces`, `TRANSACTION_Date_Time`, `TRANSACTION_STORE_STORE_id`) VALUES (10072, 5, 10, "2018-02-27 19:11:16", 10);

INSERT INTO `PRODUCT_has_TRANSACTION`(`PRODUCT_Barcode`, `PRODUCT_Category_Category_id`, `Pieces`, `TRANSACTION_Date_Time`, `TRANSACTION_STORE_STORE_id`) VALUES (10061, 4, 10, "2018-01-13 20:12:16", 5);
INSERT INTO `PRODUCT_has_TRANSACTION`(`PRODUCT_Barcode`, `PRODUCT_Category_Category_id`, `Pieces`, `TRANSACTION_Date_Time`, `TRANSACTION_STORE_STORE_id`) VALUES (10062, 4, 10, "2018-01-13 20:12:16", 5);
INSERT INTO `PRODUCT_has_TRANSACTION`(`PRODUCT_Barcode`, `PRODUCT_Category_Category_id`, `Pieces`, `TRANSACTION_Date_Time`, `TRANSACTION_STORE_STORE_id`) VALUES (10073, 5, 10, "2018-01-13 20:12:16", 5);

INSERT INTO `PRODUCT_has_TRANSACTION`(`PRODUCT_Barcode`, `PRODUCT_Category_Category_id`, `Pieces`, `TRANSACTION_Date_Time`, `TRANSACTION_STORE_STORE_id`) VALUES (10063, 4, 10, "2018-01-15 09:12:16", 5);
INSERT INTO `PRODUCT_has_TRANSACTION`(`PRODUCT_Barcode`, `PRODUCT_Category_Category_id`, `Pieces`, `TRANSACTION_Date_Time`, `TRANSACTION_STORE_STORE_id`) VALUES (10074, 5, 10, "2018-01-15 09:12:16", 5);

INSERT INTO `PRODUCT_has_TRANSACTION`(`PRODUCT_Barcode`, `PRODUCT_Category_Category_id`, `Pieces`, `TRANSACTION_Date_Time`, `TRANSACTION_STORE_STORE_id`) VALUES (10064, 4, 10, "2018-01-16 09:12:16", 10);
INSERT INTO `PRODUCT_has_TRANSACTION`(`PRODUCT_Barcode`, `PRODUCT_Category_Category_id`, `Pieces`, `TRANSACTION_Date_Time`, `TRANSACTION_STORE_STORE_id`) VALUES (10075, 5, 10, "2018-01-16 09:12:16", 10);

INSERT INTO `PRODUCT_has_TRANSACTION`(`PRODUCT_Barcode`, `PRODUCT_Category_Category_id`, `Pieces`, `TRANSACTION_Date_Time`, `TRANSACTION_STORE_STORE_id`) VALUES (10065, 5, 10, "2018-02-08 10:12:16", 5);
INSERT INTO `PRODUCT_has_TRANSACTION`(`PRODUCT_Barcode`, `PRODUCT_Category_Category_id`, `Pieces`, `TRANSACTION_Date_Time`, `TRANSACTION_STORE_STORE_id`) VALUES (10066, 5, 10, "2018-02-08 10:12:16", 5);
INSERT INTO `PRODUCT_has_TRANSACTION`(`PRODUCT_Barcode`, `PRODUCT_Category_Category_id`, `Pieces`, `TRANSACTION_Date_Time`, `TRANSACTION_STORE_STORE_id`) VALUES (10076, 5, 10, "2018-02-08 10:12:16", 5);

INSERT INTO `PRODUCT_has_TRANSACTION`(`PRODUCT_Barcode`, `PRODUCT_Category_Category_id`, `Pieces`, `TRANSACTION_Date_Time`, `TRANSACTION_STORE_STORE_id`) VALUES (10067, 5, 10, "2018-02-20 18:12:16", 10);
INSERT INTO `PRODUCT_has_TRANSACTION`(`PRODUCT_Barcode`, `PRODUCT_Category_Category_id`, `Pieces`, `TRANSACTION_Date_Time`, `TRANSACTION_STORE_STORE_id`) VALUES (10068, 5, 10, "2018-02-20 18:12:16", 10);
INSERT INTO `PRODUCT_has_TRANSACTION`(`PRODUCT_Barcode`, `PRODUCT_Category_Category_id`, `Pieces`, `TRANSACTION_Date_Time`, `TRANSACTION_STORE_STORE_id`) VALUES (10077, 5, 10, "2018-02-20 18:12:16", 10);

INSERT INTO `PRODUCT_has_TRANSACTION`(`PRODUCT_Barcode`, `PRODUCT_Category_Category_id`, `Pieces`, `TRANSACTION_Date_Time`, `TRANSACTION_STORE_STORE_id`) VALUES (10001, 1, 10, "2018-02-25 19:12:16", 10);
INSERT INTO `PRODUCT_has_TRANSACTION`(`PRODUCT_Barcode`, `PRODUCT_Category_Category_id`, `Pieces`, `TRANSACTION_Date_Time`, `TRANSACTION_STORE_STORE_id`) VALUES (10080, 6, 10, "2018-02-25 19:12:16", 10);
INSERT INTO `PRODUCT_has_TRANSACTION`(`PRODUCT_Barcode`, `PRODUCT_Category_Category_id`, `Pieces`, `TRANSACTION_Date_Time`, `TRANSACTION_STORE_STORE_id`) VALUES (10081, 6, 10, "2018-02-25 19:12:16", 10);

INSERT INTO `PRODUCT_has_TRANSACTION`(`PRODUCT_Barcode`, `PRODUCT_Category_Category_id`, `Pieces`, `TRANSACTION_Date_Time`, `TRANSACTION_STORE_STORE_id`) VALUES (10082, 6, 10, "2018-02-02 17:16:16", 5);
INSERT INTO `PRODUCT_has_TRANSACTION`(`PRODUCT_Barcode`, `PRODUCT_Category_Category_id`, `Pieces`, `TRANSACTION_Date_Time`, `TRANSACTION_STORE_STORE_id`) VALUES (10083, 6, 10, "2018-02-02 17:16:16", 5);
INSERT INTO `PRODUCT_has_TRANSACTION`(`PRODUCT_Barcode`, `PRODUCT_Category_Category_id`, `Pieces`, `TRANSACTION_Date_Time`, `TRANSACTION_STORE_STORE_id`) VALUES (10087, 6, 10, "2018-02-02 17:16:16", 5);

INSERT INTO `PRODUCT_has_TRANSACTION`(`PRODUCT_Barcode`, `PRODUCT_Category_Category_id`, `Pieces`, `TRANSACTION_Date_Time`, `TRANSACTION_STORE_STORE_id`) VALUES (10001, 1, 10, "2018-02-09 17:16:16", 5);
INSERT INTO `PRODUCT_has_TRANSACTION`(`PRODUCT_Barcode`, `PRODUCT_Category_Category_id`, `Pieces`, `TRANSACTION_Date_Time`, `TRANSACTION_STORE_STORE_id`) VALUES (10049, 4, 10, "2018-02-09 17:16:16", 5);
INSERT INTO `PRODUCT_has_TRANSACTION`(`PRODUCT_Barcode`, `PRODUCT_Category_Category_id`, `Pieces`, `TRANSACTION_Date_Time`, `TRANSACTION_STORE_STORE_id`) VALUES (10089, 6, 10, "2018-02-09 17:16:16", 5);

INSERT INTO `PRODUCT_has_TRANSACTION`(`PRODUCT_Barcode`, `PRODUCT_Category_Category_id`, `Pieces`, `TRANSACTION_Date_Time`, `TRANSACTION_STORE_STORE_id`) VALUES (10002, 1, 10, "2018-02-12 17:16:16", 5);
INSERT INTO `PRODUCT_has_TRANSACTION`(`PRODUCT_Barcode`, `PRODUCT_Category_Category_id`, `Pieces`, `TRANSACTION_Date_Time`, `TRANSACTION_STORE_STORE_id`) VALUES (10003, 1, 10, "2018-02-12 17:16:16", 5);

INSERT INTO `PRODUCT_has_TRANSACTION`(`PRODUCT_Barcode`, `PRODUCT_Category_Category_id`, `Pieces`, `TRANSACTION_Date_Time`, `TRANSACTION_STORE_STORE_id`) VALUES (10004, 1, 10, "2018-02-28 17:16:16", 10);
INSERT INTO `PRODUCT_has_TRANSACTION`(`PRODUCT_Barcode`, `PRODUCT_Category_Category_id`, `Pieces`, `TRANSACTION_Date_Time`, `TRANSACTION_STORE_STORE_id`) VALUES (10005, 1, 10, "2018-02-28 17:16:16", 10);

INSERT INTO `PRODUCT_has_TRANSACTION`(`PRODUCT_Barcode`, `PRODUCT_Category_Category_id`, `Pieces`, `TRANSACTION_Date_Time`, `TRANSACTION_STORE_STORE_id`) VALUES (10006, 1, 10, "2018-03-08 17:16:16", 10);
INSERT INTO `PRODUCT_has_TRANSACTION`(`PRODUCT_Barcode`, `PRODUCT_Category_Category_id`, `Pieces`, `TRANSACTION_Date_Time`, `TRANSACTION_STORE_STORE_id`) VALUES (10007, 1, 10, "2018-03-08 17:16:16", 10);
INSERT INTO `PRODUCT_has_TRANSACTION`(`PRODUCT_Barcode`, `PRODUCT_Category_Category_id`, `Pieces`, `TRANSACTION_Date_Time`, `TRANSACTION_STORE_STORE_id`) VALUES (10008, 1, 10, "2018-03-08 17:16:16", 10);

INSERT INTO `PRODUCT_has_TRANSACTION`(`PRODUCT_Barcode`, `PRODUCT_Category_Category_id`, `Pieces`, `TRANSACTION_Date_Time`, `TRANSACTION_STORE_STORE_id`) VALUES (10009, 1, 10, "2018-01-03 17:16:16", 7);
INSERT INTO `PRODUCT_has_TRANSACTION`(`PRODUCT_Barcode`, `PRODUCT_Category_Category_id`, `Pieces`, `TRANSACTION_Date_Time`, `TRANSACTION_STORE_STORE_id`) VALUES (10010, 1, 10, "2018-01-03 17:16:16", 7);
INSERT INTO `PRODUCT_has_TRANSACTION`(`PRODUCT_Barcode`, `PRODUCT_Category_Category_id`, `Pieces`, `TRANSACTION_Date_Time`, `TRANSACTION_STORE_STORE_id`) VALUES (10011, 1, 10, "2018-01-03 17:16:16", 7);

INSERT INTO `PRODUCT_has_TRANSACTION`(`PRODUCT_Barcode`, `PRODUCT_Category_Category_id`, `Pieces`, `TRANSACTION_Date_Time`, `TRANSACTION_STORE_STORE_id`) VALUES (10011, 1, 10, "2018-01-05 17:16:16", 7);
INSERT INTO `PRODUCT_has_TRANSACTION`(`PRODUCT_Barcode`, `PRODUCT_Category_Category_id`, `Pieces`, `TRANSACTION_Date_Time`, `TRANSACTION_STORE_STORE_id`) VALUES (10012, 1, 10, "2018-01-05 17:16:16", 7);
INSERT INTO `PRODUCT_has_TRANSACTION`(`PRODUCT_Barcode`, `PRODUCT_Category_Category_id`, `Pieces`, `TRANSACTION_Date_Time`, `TRANSACTION_STORE_STORE_id`) VALUES (10013, 1, 10, "2018-01-05 17:16:16", 7);

INSERT INTO `PRODUCT_has_TRANSACTION`(`PRODUCT_Barcode`, `PRODUCT_Category_Category_id`, `Pieces`, `TRANSACTION_Date_Time`, `TRANSACTION_STORE_STORE_id`) VALUES (10014, 1, 10, "2018-01-07 17:16:16", 7);
INSERT INTO `PRODUCT_has_TRANSACTION`(`PRODUCT_Barcode`, `PRODUCT_Category_Category_id`, `Pieces`, `TRANSACTION_Date_Time`, `TRANSACTION_STORE_STORE_id`) VALUES (10015, 1, 10, "2018-01-07 17:16:16", 7);
INSERT INTO `PRODUCT_has_TRANSACTION`(`PRODUCT_Barcode`, `PRODUCT_Category_Category_id`, `Pieces`, `TRANSACTION_Date_Time`, `TRANSACTION_STORE_STORE_id`) VALUES (10016, 1, 10, "2018-01-07 17:16:16", 7);
INSERT INTO `PRODUCT_has_TRANSACTION`(`PRODUCT_Barcode`, `PRODUCT_Category_Category_id`, `Pieces`, `TRANSACTION_Date_Time`, `TRANSACTION_STORE_STORE_id`) VALUES (10017, 2, 10, "2018-01-07 17:16:16", 7);
INSERT INTO `PRODUCT_has_TRANSACTION`(`PRODUCT_Barcode`, `PRODUCT_Category_Category_id`, `Pieces`, `TRANSACTION_Date_Time`, `TRANSACTION_STORE_STORE_id`) VALUES (10018, 2, 10, "2018-01-07 17:16:16", 7);

INSERT INTO `PRODUCT_has_TRANSACTION`(`PRODUCT_Barcode`, `PRODUCT_Category_Category_id`, `Pieces`, `TRANSACTION_Date_Time`, `TRANSACTION_STORE_STORE_id`) VALUES (10019, 2, 10, "2018-01-11 17:16:16", 1);
INSERT INTO `PRODUCT_has_TRANSACTION`(`PRODUCT_Barcode`, `PRODUCT_Category_Category_id`, `Pieces`, `TRANSACTION_Date_Time`, `TRANSACTION_STORE_STORE_id`) VALUES (10020, 2, 10, "2018-01-11 17:16:16", 1);
INSERT INTO `PRODUCT_has_TRANSACTION`(`PRODUCT_Barcode`, `PRODUCT_Category_Category_id`, `Pieces`, `TRANSACTION_Date_Time`, `TRANSACTION_STORE_STORE_id`) VALUES (10021, 2, 10, "2018-01-11 17:16:16", 1);

INSERT INTO `PRODUCT_has_TRANSACTION`(`PRODUCT_Barcode`, `PRODUCT_Category_Category_id`, `Pieces`, `TRANSACTION_Date_Time`, `TRANSACTION_STORE_STORE_id`) VALUES (10022, 2, 10, "2018-01-04 17:16:16", 7);
INSERT INTO `PRODUCT_has_TRANSACTION`(`PRODUCT_Barcode`, `PRODUCT_Category_Category_id`, `Pieces`, `TRANSACTION_Date_Time`, `TRANSACTION_STORE_STORE_id`) VALUES (10023, 2, 10, "2018-01-04 17:16:16", 7);

INSERT INTO `PRODUCT_has_TRANSACTION`(`PRODUCT_Barcode`, `PRODUCT_Category_Category_id`, `Pieces`, `TRANSACTION_Date_Time`, `TRANSACTION_STORE_STORE_id`) VALUES (10024, 2, 10, "2018-01-08 17:16:16", 7);
INSERT INTO `PRODUCT_has_TRANSACTION`(`PRODUCT_Barcode`, `PRODUCT_Category_Category_id`, `Pieces`, `TRANSACTION_Date_Time`, `TRANSACTION_STORE_STORE_id`) VALUES (10025, 2, 10, "2018-01-08 17:16:16", 7);
INSERT INTO `PRODUCT_has_TRANSACTION`(`PRODUCT_Barcode`, `PRODUCT_Category_Category_id`, `Pieces`, `TRANSACTION_Date_Time`, `TRANSACTION_STORE_STORE_id`) VALUES (10026, 2, 10, "2018-01-08 17:16:16", 7);


INSERT INTO `PRODUCT_has_TRANSACTION`(`PRODUCT_Barcode`, `PRODUCT_Category_Category_id`, `Pieces`, `TRANSACTION_Date_Time`, `TRANSACTION_STORE_STORE_id`) VALUES (10027, 2, 10, "2018-01-12 17:16:16", 7);
INSERT INTO `PRODUCT_has_TRANSACTION`(`PRODUCT_Barcode`, `PRODUCT_Category_Category_id`, `Pieces`, `TRANSACTION_Date_Time`, `TRANSACTION_STORE_STORE_id`) VALUES (10028, 2, 10, "2018-01-12 17:16:16", 7);


INSERT INTO `PRODUCT_has_TRANSACTION`(`PRODUCT_Barcode`, `PRODUCT_Category_Category_id`, `Pieces`, `TRANSACTION_Date_Time`, `TRANSACTION_STORE_STORE_id`) VALUES (10030, 2, 10, "2018-01-18 17:16:16", 1);
INSERT INTO `PRODUCT_has_TRANSACTION`(`PRODUCT_Barcode`, `PRODUCT_Category_Category_id`, `Pieces`, `TRANSACTION_Date_Time`, `TRANSACTION_STORE_STORE_id`) VALUES (10043, 3, 10, "2018-01-18 17:16:16", 1);

INSERT INTO `PRODUCT_has_TRANSACTION`(`PRODUCT_Barcode`, `PRODUCT_Category_Category_id`, `Pieces`, `TRANSACTION_Date_Time`, `TRANSACTION_STORE_STORE_id`) VALUES (10031, 2, 10, "2018-01-22 17:16:16", 7);
INSERT INTO `PRODUCT_has_TRANSACTION`(`PRODUCT_Barcode`, `PRODUCT_Category_Category_id`, `Pieces`, `TRANSACTION_Date_Time`, `TRANSACTION_STORE_STORE_id`) VALUES (10032, 2, 10, "2018-01-22 17:16:16", 7);

INSERT INTO `PRODUCT_has_TRANSACTION`(`PRODUCT_Barcode`, `PRODUCT_Category_Category_id`, `Pieces`, `TRANSACTION_Date_Time`, `TRANSACTION_STORE_STORE_id`) VALUES (10043, 3, 10, "2018-01-05 13:16:16", 7);
INSERT INTO `PRODUCT_has_TRANSACTION`(`PRODUCT_Barcode`, `PRODUCT_Category_Category_id`, `Pieces`, `TRANSACTION_Date_Time`, `TRANSACTION_STORE_STORE_id`) VALUES (10044, 3, 10, "2018-01-05 13:16:16", 7);

INSERT INTO `PRODUCT_has_TRANSACTION`(`PRODUCT_Barcode`, `PRODUCT_Category_Category_id`, `Pieces`, `TRANSACTION_Date_Time`, `TRANSACTION_STORE_STORE_id`) VALUES (10033, 3, 10, "2018-01-09 13:16:16", 7);
INSERT INTO `PRODUCT_has_TRANSACTION`(`PRODUCT_Barcode`, `PRODUCT_Category_Category_id`, `Pieces`, `TRANSACTION_Date_Time`, `TRANSACTION_STORE_STORE_id`) VALUES (10034, 3, 10, "2018-01-09 13:16:16", 7);
INSERT INTO `PRODUCT_has_TRANSACTION`(`PRODUCT_Barcode`, `PRODUCT_Category_Category_id`, `Pieces`, `TRANSACTION_Date_Time`, `TRANSACTION_STORE_STORE_id`) VALUES (10035, 3, 10, "2018-01-09 13:16:16", 7);

INSERT INTO `PRODUCT_has_TRANSACTION`(`PRODUCT_Barcode`, `PRODUCT_Category_Category_id`, `Pieces`, `TRANSACTION_Date_Time`, `TRANSACTION_STORE_STORE_id`) VALUES (10036, 3, 10, "2018-01-13 13:16:16", 7);
INSERT INTO `PRODUCT_has_TRANSACTION`(`PRODUCT_Barcode`, `PRODUCT_Category_Category_id`, `Pieces`, `TRANSACTION_Date_Time`, `TRANSACTION_STORE_STORE_id`) VALUES (10037, 3, 10, "2018-01-13 13:16:16", 7);
INSERT INTO `PRODUCT_has_TRANSACTION`(`PRODUCT_Barcode`, `PRODUCT_Category_Category_id`, `Pieces`, `TRANSACTION_Date_Time`, `TRANSACTION_STORE_STORE_id`) VALUES (10038, 3, 10, "2018-01-13 13:16:16", 7);

INSERT INTO `PRODUCT_has_TRANSACTION`(`PRODUCT_Barcode`, `PRODUCT_Category_Category_id`, `Pieces`, `TRANSACTION_Date_Time`, `TRANSACTION_STORE_STORE_id`) VALUES (10039, 3, 10, "2018-01-17 13:16:16", 7);
INSERT INTO `PRODUCT_has_TRANSACTION`(`PRODUCT_Barcode`, `PRODUCT_Category_Category_id`, `Pieces`, `TRANSACTION_Date_Time`, `TRANSACTION_STORE_STORE_id`) VALUES (10040, 3, 10, "2018-01-17 13:16:16", 7);
INSERT INTO `PRODUCT_has_TRANSACTION`(`PRODUCT_Barcode`, `PRODUCT_Category_Category_id`, `Pieces`, `TRANSACTION_Date_Time`, `TRANSACTION_STORE_STORE_id`) VALUES (10041, 3, 10, "2018-01-17 13:16:16", 7);

INSERT INTO `PRODUCT_has_TRANSACTION`(`PRODUCT_Barcode`, `PRODUCT_Category_Category_id`, `Pieces`, `TRANSACTION_Date_Time`, `TRANSACTION_STORE_STORE_id`) VALUES (10042, 3, 10, "2018-01-21 13:16:16", 7);
INSERT INTO `PRODUCT_has_TRANSACTION`(`PRODUCT_Barcode`, `PRODUCT_Category_Category_id`, `Pieces`, `TRANSACTION_Date_Time`, `TRANSACTION_STORE_STORE_id`) VALUES (10088, 6, 10, "2018-01-21 13:16:16", 7);

INSERT INTO `PRODUCT_has_TRANSACTION`(`PRODUCT_Barcode`, `PRODUCT_Category_Category_id`, `Pieces`, `TRANSACTION_Date_Time`, `TRANSACTION_STORE_STORE_id`) VALUES (10043, 3, 10, "2018-01-20 14:16:16", 7);
INSERT INTO `PRODUCT_has_TRANSACTION`(`PRODUCT_Barcode`, `PRODUCT_Category_Category_id`, `Pieces`, `TRANSACTION_Date_Time`, `TRANSACTION_STORE_STORE_id`) VALUES (10044, 3, 10, "2018-01-20 14:16:16", 7);
INSERT INTO `PRODUCT_has_TRANSACTION`(`PRODUCT_Barcode`, `PRODUCT_Category_Category_id`, `Pieces`, `TRANSACTION_Date_Time`, `TRANSACTION_STORE_STORE_id`) VALUES (10045, 3, 10, "2018-01-20 14:16:16", 7);

INSERT INTO `PRODUCT_has_TRANSACTION`(`PRODUCT_Barcode`, `PRODUCT_Category_Category_id`, `Pieces`, `TRANSACTION_Date_Time`, `TRANSACTION_STORE_STORE_id`) VALUES (10046, 3, 10, "2018-01-23 14:16:16", 7);
INSERT INTO `PRODUCT_has_TRANSACTION`(`PRODUCT_Barcode`, `PRODUCT_Category_Category_id`, `Pieces`, `TRANSACTION_Date_Time`, `TRANSACTION_STORE_STORE_id`) VALUES (10047, 3, 10, "2018-01-23 14:16:16", 7);

INSERT INTO `PRODUCT_has_TRANSACTION`(`PRODUCT_Barcode`, `PRODUCT_Category_Category_id`, `Pieces`, `TRANSACTION_Date_Time`, `TRANSACTION_STORE_STORE_id`) VALUES (10048, 3, 10, "2018-01-27 14:16:16", 7);
INSERT INTO `PRODUCT_has_TRANSACTION`(`PRODUCT_Barcode`, `PRODUCT_Category_Category_id`, `Pieces`, `TRANSACTION_Date_Time`, `TRANSACTION_STORE_STORE_id`) VALUES (10049, 4, 10, "2018-01-27 14:16:16", 7);

INSERT INTO `PRODUCT_has_TRANSACTION`(`PRODUCT_Barcode`, `PRODUCT_Category_Category_id`, `Pieces`, `TRANSACTION_Date_Time`, `TRANSACTION_STORE_STORE_id`) VALUES (10050, 4, 10, "2018-01-31 14:16:16", 10);
INSERT INTO `PRODUCT_has_TRANSACTION`(`PRODUCT_Barcode`, `PRODUCT_Category_Category_id`, `Pieces`, `TRANSACTION_Date_Time`, `TRANSACTION_STORE_STORE_id`) VALUES (10081, 6, 10, "2018-01-31 14:16:16", 10);

INSERT INTO `PRODUCT_has_TRANSACTION`(`PRODUCT_Barcode`, `PRODUCT_Category_Category_id`, `Pieces`, `TRANSACTION_Date_Time`, `TRANSACTION_STORE_STORE_id`) VALUES (10051, 4, 10, "2018-01-31 11:16:16", 7);
INSERT INTO `PRODUCT_has_TRANSACTION`(`PRODUCT_Barcode`, `PRODUCT_Category_Category_id`, `Pieces`, `TRANSACTION_Date_Time`, `TRANSACTION_STORE_STORE_id`) VALUES (10052, 4, 10, "2018-01-31 11:16:16", 7);
INSERT INTO `PRODUCT_has_TRANSACTION`(`PRODUCT_Barcode`, `PRODUCT_Category_Category_id`, `Pieces`, `TRANSACTION_Date_Time`, `TRANSACTION_STORE_STORE_id`) VALUES (10053, 4, 10, "2018-01-31 11:16:16", 7);

INSERT INTO `PRODUCT_has_TRANSACTION`(`PRODUCT_Barcode`, `PRODUCT_Category_Category_id`, `Pieces`, `TRANSACTION_Date_Time`, `TRANSACTION_STORE_STORE_id`) VALUES (10054, 4, 10, "2018-02-03 11:16:16", 7);
INSERT INTO `PRODUCT_has_TRANSACTION`(`PRODUCT_Barcode`, `PRODUCT_Category_Category_id`, `Pieces`, `TRANSACTION_Date_Time`, `TRANSACTION_STORE_STORE_id`) VALUES (10055, 4, 10, "2018-02-03 11:16:16", 7);
INSERT INTO `PRODUCT_has_TRANSACTION`(`PRODUCT_Barcode`, `PRODUCT_Category_Category_id`, `Pieces`, `TRANSACTION_Date_Time`, `TRANSACTION_STORE_STORE_id`) VALUES (10056, 4, 10, "2018-02-03 11:16:16", 7);

INSERT INTO `PRODUCT_has_TRANSACTION`(`PRODUCT_Barcode`, `PRODUCT_Category_Category_id`, `Pieces`, `TRANSACTION_Date_Time`, `TRANSACTION_STORE_STORE_id`) VALUES (10057, 4, 10, "2018-02-09 11:16:16", 7);
INSERT INTO `PRODUCT_has_TRANSACTION`(`PRODUCT_Barcode`, `PRODUCT_Category_Category_id`, `Pieces`, `TRANSACTION_Date_Time`, `TRANSACTION_STORE_STORE_id`) VALUES (10058, 4, 10, "2018-02-09 11:16:16", 7);
INSERT INTO `PRODUCT_has_TRANSACTION`(`PRODUCT_Barcode`, `PRODUCT_Category_Category_id`, `Pieces`, `TRANSACTION_Date_Time`, `TRANSACTION_STORE_STORE_id`) VALUES (10059, 4, 10, "2018-02-09 11:16:16", 7);

INSERT INTO `PRODUCT_has_TRANSACTION`(`PRODUCT_Barcode`, `PRODUCT_Category_Category_id`, `Pieces`, `TRANSACTION_Date_Time`, `TRANSACTION_STORE_STORE_id`) VALUES (10060, 4, 10, "2018-02-13 11:16:16", 5);
INSERT INTO `PRODUCT_has_TRANSACTION`(`PRODUCT_Barcode`, `PRODUCT_Category_Category_id`, `Pieces`, `TRANSACTION_Date_Time`, `TRANSACTION_STORE_STORE_id`) VALUES (10061, 4, 10, "2018-02-13 11:16:16", 5);

INSERT INTO `PRODUCT_has_TRANSACTION`(`PRODUCT_Barcode`, `PRODUCT_Category_Category_id`, `Pieces`, `TRANSACTION_Date_Time`, `TRANSACTION_STORE_STORE_id`) VALUES (10062, 4, 10, "2018-02-27 11:16:16", 1);
INSERT INTO `PRODUCT_has_TRANSACTION`(`PRODUCT_Barcode`, `PRODUCT_Category_Category_id`, `Pieces`, `TRANSACTION_Date_Time`, `TRANSACTION_STORE_STORE_id`) VALUES (10063, 4, 10, "2018-02-27 11:16:16", 1);

INSERT INTO `PRODUCT_has_TRANSACTION`(`PRODUCT_Barcode`, `PRODUCT_Category_Category_id`, `Pieces`, `TRANSACTION_Date_Time`, `TRANSACTION_STORE_STORE_id`) VALUES (10065, 5, 10, "2018-01-29 12:16:16", 7);
INSERT INTO `PRODUCT_has_TRANSACTION`(`PRODUCT_Barcode`, `PRODUCT_Category_Category_id`, `Pieces`, `TRANSACTION_Date_Time`, `TRANSACTION_STORE_STORE_id`) VALUES (10082, 6, 10, "2018-01-29 12:16:16", 7);

INSERT INTO `PRODUCT_has_TRANSACTION`(`PRODUCT_Barcode`, `PRODUCT_Category_Category_id`, `Pieces`, `TRANSACTION_Date_Time`, `TRANSACTION_STORE_STORE_id`) VALUES (10064, 4, 10, "2018-02-02 12:16:16", 7);
INSERT INTO `PRODUCT_has_TRANSACTION`(`PRODUCT_Barcode`, `PRODUCT_Category_Category_id`, `Pieces`, `TRANSACTION_Date_Time`, `TRANSACTION_STORE_STORE_id`) VALUES (10066, 5, 10, "2018-02-02 12:16:16", 7);

INSERT INTO `PRODUCT_has_TRANSACTION`(`PRODUCT_Barcode`, `PRODUCT_Category_Category_id`, `Pieces`, `TRANSACTION_Date_Time`, `TRANSACTION_STORE_STORE_id`) VALUES (10067, 5, 10, "2018-02-12 12:16:16", 7);
INSERT INTO `PRODUCT_has_TRANSACTION`(`PRODUCT_Barcode`, `PRODUCT_Category_Category_id`, `Pieces`, `TRANSACTION_Date_Time`, `TRANSACTION_STORE_STORE_id`) VALUES (10068, 5, 10, "2018-02-12 12:16:16", 7);

INSERT INTO `PRODUCT_has_TRANSACTION`(`PRODUCT_Barcode`, `PRODUCT_Category_Category_id`, `Pieces`, `TRANSACTION_Date_Time`, `TRANSACTION_STORE_STORE_id`) VALUES (10069, 5, 10, "2018-03-10 12:16:16", 7);
INSERT INTO `PRODUCT_has_TRANSACTION`(`PRODUCT_Barcode`, `PRODUCT_Category_Category_id`, `Pieces`, `TRANSACTION_Date_Time`, `TRANSACTION_STORE_STORE_id`) VALUES (10070, 5, 10, "2018-03-10 12:16:16", 7);

INSERT INTO `PRODUCT_has_TRANSACTION`(`PRODUCT_Barcode`, `PRODUCT_Category_Category_id`, `Pieces`, `TRANSACTION_Date_Time`, `TRANSACTION_STORE_STORE_id`) VALUES (10071, 5, 10, "2018-03-31 12:16:16", 7);
INSERT INTO `PRODUCT_has_TRANSACTION`(`PRODUCT_Barcode`, `PRODUCT_Category_Category_id`, `Pieces`, `TRANSACTION_Date_Time`, `TRANSACTION_STORE_STORE_id`) VALUES (10072, 5, 10, "2018-03-31 12:16:16", 7);

INSERT INTO `PRODUCT_has_TRANSACTION`(`PRODUCT_Barcode`, `PRODUCT_Category_Category_id`, `Pieces`, `TRANSACTION_Date_Time`, `TRANSACTION_STORE_STORE_id`) VALUES (10073, 5, 10, "2018-02-05 13:16:16", 10);
INSERT INTO `PRODUCT_has_TRANSACTION`(`PRODUCT_Barcode`, `PRODUCT_Category_Category_id`, `Pieces`, `TRANSACTION_Date_Time`, `TRANSACTION_STORE_STORE_id`) VALUES (10074, 5, 10, "2018-02-05 13:16:16", 10);
INSERT INTO `PRODUCT_has_TRANSACTION`(`PRODUCT_Barcode`, `PRODUCT_Category_Category_id`, `Pieces`, `TRANSACTION_Date_Time`, `TRANSACTION_STORE_STORE_id`) VALUES (10075, 5, 10, "2018-02-05 13:16:16", 10);

INSERT INTO `PRODUCT_has_TRANSACTION`(`PRODUCT_Barcode`, `PRODUCT_Category_Category_id`, `Pieces`, `TRANSACTION_Date_Time`, `TRANSACTION_STORE_STORE_id`) VALUES (10076, 5, 10, "2018-02-15 13:16:16", 7);
INSERT INTO `PRODUCT_has_TRANSACTION`(`PRODUCT_Barcode`, `PRODUCT_Category_Category_id`, `Pieces`, `TRANSACTION_Date_Time`, `TRANSACTION_STORE_STORE_id`) VALUES (10077, 5, 10, "2018-02-15 13:16:16", 7);
INSERT INTO `PRODUCT_has_TRANSACTION`(`PRODUCT_Barcode`, `PRODUCT_Category_Category_id`, `Pieces`, `TRANSACTION_Date_Time`, `TRANSACTION_STORE_STORE_id`) VALUES (10078, 5, 10, "2018-02-15 13:16:16", 7);

INSERT INTO `PRODUCT_has_TRANSACTION`(`PRODUCT_Barcode`, `PRODUCT_Category_Category_id`, `Pieces`, `TRANSACTION_Date_Time`, `TRANSACTION_STORE_STORE_id`) VALUES (10079, 5, 10, "2018-03-25 13:16:16", 7);
INSERT INTO `PRODUCT_has_TRANSACTION`(`PRODUCT_Barcode`, `PRODUCT_Category_Category_id`, `Pieces`, `TRANSACTION_Date_Time`, `TRANSACTION_STORE_STORE_id`) VALUES (10080, 6, 10, "2018-03-25 13:16:16", 7);
INSERT INTO `PRODUCT_has_TRANSACTION`(`PRODUCT_Barcode`, `PRODUCT_Category_Category_id`, `Pieces`, `TRANSACTION_Date_Time`, `TRANSACTION_STORE_STORE_id`) VALUES (10081, 6, 10, "2018-03-25 13:16:16", 7);

INSERT INTO `PRODUCT_has_TRANSACTION`(`PRODUCT_Barcode`, `PRODUCT_Category_Category_id`, `Pieces`, `TRANSACTION_Date_Time`, `TRANSACTION_STORE_STORE_id`) VALUES (10082, 6, 10, "2018-01-25 18:16:16", 7);
INSERT INTO `PRODUCT_has_TRANSACTION`(`PRODUCT_Barcode`, `PRODUCT_Category_Category_id`, `Pieces`, `TRANSACTION_Date_Time`, `TRANSACTION_STORE_STORE_id`) VALUES (10083, 6, 10, "2018-01-25 18:16:16", 7);
INSERT INTO `PRODUCT_has_TRANSACTION`(`PRODUCT_Barcode`, `PRODUCT_Category_Category_id`, `Pieces`, `TRANSACTION_Date_Time`, `TRANSACTION_STORE_STORE_id`) VALUES (10084, 6, 10, "2018-01-25 18:16:16", 7);
INSERT INTO `PRODUCT_has_TRANSACTION`(`PRODUCT_Barcode`, `PRODUCT_Category_Category_id`, `Pieces`, `TRANSACTION_Date_Time`, `TRANSACTION_STORE_STORE_id`) VALUES (10085, 6, 10, "2018-01-25 18:16:16", 7);

INSERT INTO `PRODUCT_has_TRANSACTION`(`PRODUCT_Barcode`, `PRODUCT_Category_Category_id`, `Pieces`, `TRANSACTION_Date_Time`, `TRANSACTION_STORE_STORE_id`) VALUES (10010, 1, 10, "2018-01-26 18:16:16", 10);
INSERT INTO `PRODUCT_has_TRANSACTION`(`PRODUCT_Barcode`, `PRODUCT_Category_Category_id`, `Pieces`, `TRANSACTION_Date_Time`, `TRANSACTION_STORE_STORE_id`) VALUES (10086, 6, 10, "2018-01-26 18:16:16", 10);

INSERT INTO `PRODUCT_has_TRANSACTION`(`PRODUCT_Barcode`, `PRODUCT_Category_Category_id`, `Pieces`, `TRANSACTION_Date_Time`, `TRANSACTION_STORE_STORE_id`) VALUES (10087, 6, 10, "2018-01-28 18:16:16", 7);
INSERT INTO `PRODUCT_has_TRANSACTION`(`PRODUCT_Barcode`, `PRODUCT_Category_Category_id`, `Pieces`, `TRANSACTION_Date_Time`, `TRANSACTION_STORE_STORE_id`) VALUES (10088, 6, 10, "2018-01-28 18:16:16", 7);
INSERT INTO `PRODUCT_has_TRANSACTION`(`PRODUCT_Barcode`, `PRODUCT_Category_Category_id`, `Pieces`, `TRANSACTION_Date_Time`, `TRANSACTION_STORE_STORE_id`) VALUES (10089, 6, 10, "2018-01-28 18:16:16", 7);

INSERT INTO `PRODUCT_has_TRANSACTION`(`PRODUCT_Barcode`, `PRODUCT_Category_Category_id`, `Pieces`, `TRANSACTION_Date_Time`, `TRANSACTION_STORE_STORE_id`) VALUES (10007, 1, 10, "2018-01-30 18:16:16", 7);
INSERT INTO `PRODUCT_has_TRANSACTION`(`PRODUCT_Barcode`, `PRODUCT_Category_Category_id`, `Pieces`, `TRANSACTION_Date_Time`, `TRANSACTION_STORE_STORE_id`) VALUES (10027, 2, 10, "2018-01-30 18:16:16", 7);
INSERT INTO `PRODUCT_has_TRANSACTION`(`PRODUCT_Barcode`, `PRODUCT_Category_Category_id`, `Pieces`, `TRANSACTION_Date_Time`, `TRANSACTION_STORE_STORE_id`) VALUES (10090, 6, 10, "2018-01-30 18:16:16", 7);

INSERT INTO `PRODUCT_has_TRANSACTION`(`PRODUCT_Barcode`, `PRODUCT_Category_Category_id`, `Pieces`, `TRANSACTION_Date_Time`, `TRANSACTION_STORE_STORE_id`) VALUES (10025, 2, 10, "2018-01-31 18:16:16", 10);
INSERT INTO `PRODUCT_has_TRANSACTION`(`PRODUCT_Barcode`, `PRODUCT_Category_Category_id`, `Pieces`, `TRANSACTION_Date_Time`, `TRANSACTION_STORE_STORE_id`) VALUES (10036, 3, 10, "2018-01-31 18:16:16", 10);
INSERT INTO `PRODUCT_has_TRANSACTION`(`PRODUCT_Barcode`, `PRODUCT_Category_Category_id`, `Pieces`, `TRANSACTION_Date_Time`, `TRANSACTION_STORE_STORE_id`) VALUES (10048, 3, 10, "2018-01-31 18:16:16", 10);
INSERT INTO `PRODUCT_has_TRANSACTION`(`PRODUCT_Barcode`, `PRODUCT_Category_Category_id`, `Pieces`, `TRANSACTION_Date_Time`, `TRANSACTION_STORE_STORE_id`) VALUES (10056, 4, 10, "2018-01-31 18:16:16", 10);

INSERT INTO `PRODUCT_has_TRANSACTION`(`PRODUCT_Barcode`, `PRODUCT_Category_Category_id`, `Pieces`, `TRANSACTION_Date_Time`, `TRANSACTION_STORE_STORE_id`) VALUES (10034, 3, 10, "2018-01-06 20:20:16", 10);
INSERT INTO `PRODUCT_has_TRANSACTION`(`PRODUCT_Barcode`, `PRODUCT_Category_Category_id`, `Pieces`, `TRANSACTION_Date_Time`, `TRANSACTION_STORE_STORE_id`) VALUES (10049, 4, 10, "2018-01-06 20:20:16", 10);
INSERT INTO `PRODUCT_has_TRANSACTION`(`PRODUCT_Barcode`, `PRODUCT_Category_Category_id`, `Pieces`, `TRANSACTION_Date_Time`, `TRANSACTION_STORE_STORE_id`) VALUES (10061, 4, 10, "2018-01-06 20:20:16", 10);

INSERT INTO `PRODUCT_has_TRANSACTION`(`PRODUCT_Barcode`, `PRODUCT_Category_Category_id`, `Pieces`, `TRANSACTION_Date_Time`, `TRANSACTION_STORE_STORE_id`) VALUES (10067, 5, 10, "2018-01-16 20:21:16", 7);
INSERT INTO `PRODUCT_has_TRANSACTION`(`PRODUCT_Barcode`, `PRODUCT_Category_Category_id`, `Pieces`, `TRANSACTION_Date_Time`, `TRANSACTION_STORE_STORE_id`) VALUES (10087, 6, 10, "2018-01-16 20:21:16", 7);
INSERT INTO `PRODUCT_has_TRANSACTION`(`PRODUCT_Barcode`, `PRODUCT_Category_Category_id`, `Pieces`, `TRANSACTION_Date_Time`, `TRANSACTION_STORE_STORE_id`) VALUES (10089, 6, 10, "2018-01-16 20:21:16", 7);

INSERT INTO `PRODUCT_has_TRANSACTION`(`PRODUCT_Barcode`, `PRODUCT_Category_Category_id`, `Pieces`, `TRANSACTION_Date_Time`, `TRANSACTION_STORE_STORE_id`) VALUES (10045, 3, 10, "2018-01-19 20:22:16", 7);

INSERT INTO `PRODUCT_has_TRANSACTION`(`PRODUCT_Barcode`, `PRODUCT_Category_Category_id`, `Pieces`, `TRANSACTION_Date_Time`, `TRANSACTION_STORE_STORE_id`) VALUES (10034, 3, 10, "2018-01-21 20:23:16", 7);
INSERT INTO `PRODUCT_has_TRANSACTION`(`PRODUCT_Barcode`, `PRODUCT_Category_Category_id`, `Pieces`, `TRANSACTION_Date_Time`, `TRANSACTION_STORE_STORE_id`) VALUES (10068, 5, 10, "2018-01-21 20:23:16", 7);

INSERT INTO `PRODUCT_has_TRANSACTION`(`PRODUCT_Barcode`, `PRODUCT_Category_Category_id`, `Pieces`, `TRANSACTION_Date_Time`, `TRANSACTION_STORE_STORE_id`) VALUES (10078, 5, 10, "2018-01-27 20:24:16", 7);
INSERT INTO `PRODUCT_has_TRANSACTION`(`PRODUCT_Barcode`, `PRODUCT_Category_Category_id`, `Pieces`, `TRANSACTION_Date_Time`, `TRANSACTION_STORE_STORE_id`) VALUES (10084, 6, 10, "2018-01-27 20:24:16", 7);

INSERT INTO `PRODUCT_has_TRANSACTION`(`PRODUCT_Barcode`, `PRODUCT_Category_Category_id`, `Pieces`, `TRANSACTION_Date_Time`, `TRANSACTION_STORE_STORE_id`) VALUES (10067, 5, 10, "2018-03-01 09:16:16", 7);
INSERT INTO `PRODUCT_has_TRANSACTION`(`PRODUCT_Barcode`, `PRODUCT_Category_Category_id`, `Pieces`, `TRANSACTION_Date_Time`, `TRANSACTION_STORE_STORE_id`) VALUES (10078, 5, 10, "2018-03-01 09:16:16", 7);

INSERT INTO `PRODUCT_has_TRANSACTION`(`PRODUCT_Barcode`, `PRODUCT_Category_Category_id`, `Pieces`, `TRANSACTION_Date_Time`, `TRANSACTION_STORE_STORE_id`) VALUES (10004, 1, 10, "2018-03-06 08:16:16", 7);
INSERT INTO `PRODUCT_has_TRANSACTION`(`PRODUCT_Barcode`, `PRODUCT_Category_Category_id`, `Pieces`, `TRANSACTION_Date_Time`, `TRANSACTION_STORE_STORE_id`) VALUES (10005, 1, 10, "2018-03-06 08:16:16", 7);

INSERT INTO `PRODUCT_has_TRANSACTION`(`PRODUCT_Barcode`, `PRODUCT_Category_Category_id`, `Pieces`, `TRANSACTION_Date_Time`, `TRANSACTION_STORE_STORE_id`) VALUES (10008, 1, 10, "2018-03-16 08:16:16", 9);
INSERT INTO `PRODUCT_has_TRANSACTION`(`PRODUCT_Barcode`, `PRODUCT_Category_Category_id`, `Pieces`, `TRANSACTION_Date_Time`, `TRANSACTION_STORE_STORE_id`) VALUES (10012, 1, 10, "2018-03-16 08:16:16", 9);

INSERT INTO `PRODUCT_has_TRANSACTION`(`PRODUCT_Barcode`, `PRODUCT_Category_Category_id`, `Pieces`, `TRANSACTION_Date_Time`, `TRANSACTION_STORE_STORE_id`) VALUES (10013, 1, 2, "2018-03-26 08:16:16", 7);
INSERT INTO `PRODUCT_has_TRANSACTION`(`PRODUCT_Barcode`, `PRODUCT_Category_Category_id`, `Pieces`, `TRANSACTION_Date_Time`, `TRANSACTION_STORE_STORE_id`) VALUES (10014, 1, 3, "2018-03-26 08:16:16", 7);
INSERT INTO `PRODUCT_has_TRANSACTION`(`PRODUCT_Barcode`, `PRODUCT_Category_Category_id`, `Pieces`, `TRANSACTION_Date_Time`, `TRANSACTION_STORE_STORE_id`) VALUES (10015, 1, 5, "2018-03-26 08:16:16", 7);
INSERT INTO `PRODUCT_has_TRANSACTION`(`PRODUCT_Barcode`, `PRODUCT_Category_Category_id`, `Pieces`, `TRANSACTION_Date_Time`, `TRANSACTION_STORE_STORE_id`) VALUES (10016, 1, 7, "2018-03-26 08:16:16", 7);

INSERT INTO `PRODUCT_has_TRANSACTION`(`PRODUCT_Barcode`, `PRODUCT_Category_Category_id`, `Pieces`, `TRANSACTION_Date_Time`, `TRANSACTION_STORE_STORE_id`) VALUES (10017, 2, 10, "2018-03-29 08:16:16", 7);
INSERT INTO `PRODUCT_has_TRANSACTION`(`PRODUCT_Barcode`, `PRODUCT_Category_Category_id`, `Pieces`, `TRANSACTION_Date_Time`, `TRANSACTION_STORE_STORE_id`) VALUES (10018, 2, 10, "2018-03-29 08:16:16", 7);
INSERT INTO `PRODUCT_has_TRANSACTION`(`PRODUCT_Barcode`, `PRODUCT_Category_Category_id`, `Pieces`, `TRANSACTION_Date_Time`, `TRANSACTION_STORE_STORE_id`) VALUES (10019, 2, 10, "2018-03-29 08:16:16", 7);

INSERT INTO `PRODUCT_has_TRANSACTION`(`PRODUCT_Barcode`, `PRODUCT_Category_Category_id`, `Pieces`, `TRANSACTION_Date_Time`, `TRANSACTION_STORE_STORE_id`) VALUES (10020, 2, 10, "2018-01-02 10:16:16", 9);
INSERT INTO `PRODUCT_has_TRANSACTION`(`PRODUCT_Barcode`, `PRODUCT_Category_Category_id`, `Pieces`, `TRANSACTION_Date_Time`, `TRANSACTION_STORE_STORE_id`) VALUES (10021, 2, 10, "2018-01-02 10:16:16", 9);

INSERT INTO `PRODUCT_has_TRANSACTION`(`PRODUCT_Barcode`, `PRODUCT_Category_Category_id`, `Pieces`, `TRANSACTION_Date_Time`, `TRANSACTION_STORE_STORE_id`) VALUES (10022, 2, 10, "2018-01-09 10:16:16", 9);

INSERT INTO `PRODUCT_has_TRANSACTION`(`PRODUCT_Barcode`, `PRODUCT_Category_Category_id`, `Pieces`, `TRANSACTION_Date_Time`, `TRANSACTION_STORE_STORE_id`) VALUES (10023, 2, 10, "2018-01-12 10:16:16", 7);
INSERT INTO `PRODUCT_has_TRANSACTION`(`PRODUCT_Barcode`, `PRODUCT_Category_Category_id`, `Pieces`, `TRANSACTION_Date_Time`, `TRANSACTION_STORE_STORE_id`) VALUES (10024, 2, 10, "2018-01-12 10:16:16", 7);

INSERT INTO `PRODUCT_has_TRANSACTION`(`PRODUCT_Barcode`, `PRODUCT_Category_Category_id`, `Pieces`, `TRANSACTION_Date_Time`, `TRANSACTION_STORE_STORE_id`) VALUES (10025, 2, 10, "2018-01-16 10:16:16", 7);
INSERT INTO `PRODUCT_has_TRANSACTION`(`PRODUCT_Barcode`, `PRODUCT_Category_Category_id`, `Pieces`, `TRANSACTION_Date_Time`, `TRANSACTION_STORE_STORE_id`) VALUES (10026, 2, 10, "2018-01-16 10:16:16", 7);
INSERT INTO `PRODUCT_has_TRANSACTION`(`PRODUCT_Barcode`, `PRODUCT_Category_Category_id`, `Pieces`, `TRANSACTION_Date_Time`, `TRANSACTION_STORE_STORE_id`) VALUES (10027, 2, 10, "2018-01-16 10:16:16", 7);

INSERT INTO `PRODUCT_has_TRANSACTION`(`PRODUCT_Barcode`, `PRODUCT_Category_Category_id`, `Pieces`, `TRANSACTION_Date_Time`, `TRANSACTION_STORE_STORE_id`) VALUES (10028, 2, 10, "2018-01-19 10:16:16", 9);
INSERT INTO `PRODUCT_has_TRANSACTION`(`PRODUCT_Barcode`, `PRODUCT_Category_Category_id`, `Pieces`, `TRANSACTION_Date_Time`, `TRANSACTION_STORE_STORE_id`) VALUES (10029, 2, 10, "2018-01-19 10:16:16", 9);

INSERT INTO `PRODUCT_has_TRANSACTION`(`PRODUCT_Barcode`, `PRODUCT_Category_Category_id`, `Pieces`, `TRANSACTION_Date_Time`, `TRANSACTION_STORE_STORE_id`) VALUES (10030, 2, 10, "2018-01-04 11:16:16", 9);
INSERT INTO `PRODUCT_has_TRANSACTION`(`PRODUCT_Barcode`, `PRODUCT_Category_Category_id`, `Pieces`, `TRANSACTION_Date_Time`, `TRANSACTION_STORE_STORE_id`) VALUES (10031, 2, 10, "2018-01-04 11:16:16", 9);
INSERT INTO `PRODUCT_has_TRANSACTION`(`PRODUCT_Barcode`, `PRODUCT_Category_Category_id`, `Pieces`, `TRANSACTION_Date_Time`, `TRANSACTION_STORE_STORE_id`) VALUES (10032, 2, 10, "2018-01-04 11:16:16", 9);

INSERT INTO `PRODUCT_has_TRANSACTION`(`PRODUCT_Barcode`, `PRODUCT_Category_Category_id`, `Pieces`, `TRANSACTION_Date_Time`, `TRANSACTION_STORE_STORE_id`) VALUES (10033, 3, 10, "2018-01-29 16:10:16", 9);
INSERT INTO `PRODUCT_has_TRANSACTION`(`PRODUCT_Barcode`, `PRODUCT_Category_Category_id`, `Pieces`, `TRANSACTION_Date_Time`, `TRANSACTION_STORE_STORE_id`) VALUES (10034, 3, 10, "2018-01-29 16:10:16", 9);
INSERT INTO `PRODUCT_has_TRANSACTION`(`PRODUCT_Barcode`, `PRODUCT_Category_Category_id`, `Pieces`, `TRANSACTION_Date_Time`, `TRANSACTION_STORE_STORE_id`) VALUES (10035, 3, 10, "2018-01-29 16:10:16", 9);

INSERT INTO `PRODUCT_has_TRANSACTION`(`PRODUCT_Barcode`, `PRODUCT_Category_Category_id`, `Pieces`, `TRANSACTION_Date_Time`, `TRANSACTION_STORE_STORE_id`) VALUES (10036, 3, 10, "2018-03-01 15:16:16", 9);

INSERT INTO `PRODUCT_has_TRANSACTION`(`PRODUCT_Barcode`, `PRODUCT_Category_Category_id`, `Pieces`, `TRANSACTION_Date_Time`, `TRANSACTION_STORE_STORE_id`) VALUES (10037, 3, 10, "2018-03-10 15:16:16", 1);
INSERT INTO `PRODUCT_has_TRANSACTION`(`PRODUCT_Barcode`, `PRODUCT_Category_Category_id`, `Pieces`, `TRANSACTION_Date_Time`, `TRANSACTION_STORE_STORE_id`) VALUES (10038, 3, 10, "2018-03-10 15:16:16", 1);
INSERT INTO `PRODUCT_has_TRANSACTION`(`PRODUCT_Barcode`, `PRODUCT_Category_Category_id`, `Pieces`, `TRANSACTION_Date_Time`, `TRANSACTION_STORE_STORE_id`) VALUES (10039, 3, 10, "2018-03-10 15:16:16", 1);

INSERT INTO `PRODUCT_has_TRANSACTION`(`PRODUCT_Barcode`, `PRODUCT_Category_Category_id`, `Pieces`, `TRANSACTION_Date_Time`, `TRANSACTION_STORE_STORE_id`) VALUES (10040, 3, 10, "2018-01-23 14:16:16", 9);
INSERT INTO `PRODUCT_has_TRANSACTION`(`PRODUCT_Barcode`, `PRODUCT_Category_Category_id`, `Pieces`, `TRANSACTION_Date_Time`, `TRANSACTION_STORE_STORE_id`) VALUES (10041, 3, 10, "2018-01-23 14:16:16", 9);

INSERT INTO `PRODUCT_has_TRANSACTION`(`PRODUCT_Barcode`, `PRODUCT_Category_Category_id`, `Pieces`, `TRANSACTION_Date_Time`, `TRANSACTION_STORE_STORE_id`) VALUES (10042, 3, 10, "2018-01-29 14:16:16", 10);
INSERT INTO `PRODUCT_has_TRANSACTION`(`PRODUCT_Barcode`, `PRODUCT_Category_Category_id`, `Pieces`, `TRANSACTION_Date_Time`, `TRANSACTION_STORE_STORE_id`) VALUES (10043, 3, 10, "2018-01-29 14:16:16", 10);

INSERT INTO `PRODUCT_has_TRANSACTION`(`PRODUCT_Barcode`, `PRODUCT_Category_Category_id`, `Pieces`, `TRANSACTION_Date_Time`, `TRANSACTION_STORE_STORE_id`) VALUES (10044, 3, 10, "2018-01-18 16:16:16", 9);
INSERT INTO `PRODUCT_has_TRANSACTION`(`PRODUCT_Barcode`, `PRODUCT_Category_Category_id`, `Pieces`, `TRANSACTION_Date_Time`, `TRANSACTION_STORE_STORE_id`) VALUES (10045, 3, 10, "2018-01-18 16:16:16", 9);

INSERT INTO `PRODUCT_has_TRANSACTION`(`PRODUCT_Barcode`, `PRODUCT_Category_Category_id`, `Pieces`, `TRANSACTION_Date_Time`, `TRANSACTION_STORE_STORE_id`) VALUES (10046, 3, 10, "2018-01-23 14:16:16", 10);
INSERT INTO `PRODUCT_has_TRANSACTION`(`PRODUCT_Barcode`, `PRODUCT_Category_Category_id`, `Pieces`, `TRANSACTION_Date_Time`, `TRANSACTION_STORE_STORE_id`) VALUES (10047, 3, 10, "2018-01-23 14:16:16", 10);
INSERT INTO `PRODUCT_has_TRANSACTION`(`PRODUCT_Barcode`, `PRODUCT_Category_Category_id`, `Pieces`, `TRANSACTION_Date_Time`, `TRANSACTION_STORE_STORE_id`) VALUES (10056, 4, 10, "2018-01-23 14:16:16", 10);
INSERT INTO `PRODUCT_has_TRANSACTION`(`PRODUCT_Barcode`, `PRODUCT_Category_Category_id`, `Pieces`, `TRANSACTION_Date_Time`, `TRANSACTION_STORE_STORE_id`) VALUES (10067, 5, 10, "2018-01-23 14:16:16", 10);

INSERT INTO `PRODUCT_has_TRANSACTION`(`PRODUCT_Barcode`, `PRODUCT_Category_Category_id`, `Pieces`, `TRANSACTION_Date_Time`, `TRANSACTION_STORE_STORE_id`) VALUES (10049, 4, 10, "2018-01-28 14:16:16", 9);
INSERT INTO `PRODUCT_has_TRANSACTION`(`PRODUCT_Barcode`, `PRODUCT_Category_Category_id`, `Pieces`, `TRANSACTION_Date_Time`, `TRANSACTION_STORE_STORE_id`) VALUES (10050, 4, 10, "2018-01-28 14:16:16", 9);
INSERT INTO `PRODUCT_has_TRANSACTION`(`PRODUCT_Barcode`, `PRODUCT_Category_Category_id`, `Pieces`, `TRANSACTION_Date_Time`, `TRANSACTION_STORE_STORE_id`) VALUES (10078, 5, 10, "2018-01-28 14:16:16", 9);

INSERT INTO `PRODUCT_has_TRANSACTION`(`PRODUCT_Barcode`, `PRODUCT_Category_Category_id`, `Pieces`, `TRANSACTION_Date_Time`, `TRANSACTION_STORE_STORE_id`) VALUES (10079, 5, 10, "2018-01-05 11:16:16", 9);
INSERT INTO `PRODUCT_has_TRANSACTION`(`PRODUCT_Barcode`, `PRODUCT_Category_Category_id`, `Pieces`, `TRANSACTION_Date_Time`, `TRANSACTION_STORE_STORE_id`) VALUES (10080, 6, 10, "2018-01-05 11:16:16", 9);
INSERT INTO `PRODUCT_has_TRANSACTION`(`PRODUCT_Barcode`, `PRODUCT_Category_Category_id`, `Pieces`, `TRANSACTION_Date_Time`, `TRANSACTION_STORE_STORE_id`) VALUES (10081, 6, 10, "2018-01-05 11:16:16", 9);

INSERT INTO `PRODUCT_has_TRANSACTION`(`PRODUCT_Barcode`, `PRODUCT_Category_Category_id`, `Pieces`, `TRANSACTION_Date_Time`, `TRANSACTION_STORE_STORE_id`) VALUES (10082, 6, 10, "2018-01-09 11:16:16", 10);
INSERT INTO `PRODUCT_has_TRANSACTION`(`PRODUCT_Barcode`, `PRODUCT_Category_Category_id`, `Pieces`, `TRANSACTION_Date_Time`, `TRANSACTION_STORE_STORE_id`) VALUES (10083, 6, 10, "2018-01-09 11:16:16", 10);
INSERT INTO `PRODUCT_has_TRANSACTION`(`PRODUCT_Barcode`, `PRODUCT_Category_Category_id`, `Pieces`, `TRANSACTION_Date_Time`, `TRANSACTION_STORE_STORE_id`) VALUES (10084, 6, 10, "2018-01-09 11:16:16", 10);

INSERT INTO `PRODUCT_has_TRANSACTION`(`PRODUCT_Barcode`, `PRODUCT_Category_Category_id`, `Pieces`, `TRANSACTION_Date_Time`, `TRANSACTION_STORE_STORE_id`) VALUES (10085, 6, 10, "2018-02-13 12:16:16", 5);
INSERT INTO `PRODUCT_has_TRANSACTION`(`PRODUCT_Barcode`, `PRODUCT_Category_Category_id`, `Pieces`, `TRANSACTION_Date_Time`, `TRANSACTION_STORE_STORE_id`) VALUES (10086, 6, 10, "2018-02-13 12:16:16", 5);

INSERT INTO `PRODUCT_has_TRANSACTION`(`PRODUCT_Barcode`, `PRODUCT_Category_Category_id`, `Pieces`, `TRANSACTION_Date_Time`, `TRANSACTION_STORE_STORE_id`) VALUES (10087, 6, 10, "2018-02-17 12:16:16", 9);
INSERT INTO `PRODUCT_has_TRANSACTION`(`PRODUCT_Barcode`, `PRODUCT_Category_Category_id`, `Pieces`, `TRANSACTION_Date_Time`, `TRANSACTION_STORE_STORE_id`) VALUES (10088, 6, 10, "2018-02-17 12:16:16", 9);

INSERT INTO `PRODUCT_has_TRANSACTION`(`PRODUCT_Barcode`, `PRODUCT_Category_Category_id`, `Pieces`, `TRANSACTION_Date_Time`, `TRANSACTION_STORE_STORE_id`) VALUES (10036, 3, 10, "2018-02-25 13:16:16", 9);
INSERT INTO `PRODUCT_has_TRANSACTION`(`PRODUCT_Barcode`, `PRODUCT_Category_Category_id`, `Pieces`, `TRANSACTION_Date_Time`, `TRANSACTION_STORE_STORE_id`) VALUES (10089, 6, 10, "2018-02-25 13:16:16", 9);
INSERT INTO `PRODUCT_has_TRANSACTION`(`PRODUCT_Barcode`, `PRODUCT_Category_Category_id`, `Pieces`, `TRANSACTION_Date_Time`, `TRANSACTION_STORE_STORE_id`) VALUES (10090, 6, 10, "2018-02-25 13:16:16", 9);

INSERT INTO `PRODUCT_has_TRANSACTION`(`PRODUCT_Barcode`, `PRODUCT_Category_Category_id`, `Pieces`, `TRANSACTION_Date_Time`, `TRANSACTION_STORE_STORE_id`) VALUES (10030, 2, 10, "2018-01-31 16:16:16", 9);
INSERT INTO `PRODUCT_has_TRANSACTION`(`PRODUCT_Barcode`, `PRODUCT_Category_Category_id`, `Pieces`, `TRANSACTION_Date_Time`, `TRANSACTION_STORE_STORE_id`) VALUES (10045, 3, 10, "2018-01-31 16:16:16", 9);
INSERT INTO `PRODUCT_has_TRANSACTION`(`PRODUCT_Barcode`, `PRODUCT_Category_Category_id`, `Pieces`, `TRANSACTION_Date_Time`, `TRANSACTION_STORE_STORE_id`) VALUES (10069, 5, 10, "2018-01-31 16:16:16", 9);

INSERT INTO `PRODUCT_has_TRANSACTION`(`PRODUCT_Barcode`, `PRODUCT_Category_Category_id`, `Pieces`, `TRANSACTION_Date_Time`, `TRANSACTION_STORE_STORE_id`) VALUES (10032, 2, 10, "2018-03-31 13:16:16", 7);
INSERT INTO `PRODUCT_has_TRANSACTION`(`PRODUCT_Barcode`, `PRODUCT_Category_Category_id`, `Pieces`, `TRANSACTION_Date_Time`, `TRANSACTION_STORE_STORE_id`) VALUES (10078, 5, 10, "2018-03-31 13:16:16", 7);
INSERT INTO `PRODUCT_has_TRANSACTION`(`PRODUCT_Barcode`, `PRODUCT_Category_Category_id`, `Pieces`, `TRANSACTION_Date_Time`, `TRANSACTION_STORE_STORE_id`) VALUES (10086, 6, 10, "2018-03-31 13:16:16", 7);

INSERT INTO `PRODUCT_has_TRANSACTION`(`PRODUCT_Barcode`, `PRODUCT_Category_Category_id`, `Pieces`, `TRANSACTION_Date_Time`, `TRANSACTION_STORE_STORE_id`) VALUES (10001, 1, 10, "2018-04-04 10:16:16", 7);
INSERT INTO `PRODUCT_has_TRANSACTION`(`PRODUCT_Barcode`, `PRODUCT_Category_Category_id`, `Pieces`, `TRANSACTION_Date_Time`, `TRANSACTION_STORE_STORE_id`) VALUES (10002, 1, 10, "2018-04-04 10:16:16", 7);
INSERT INTO `PRODUCT_has_TRANSACTION`(`PRODUCT_Barcode`, `PRODUCT_Category_Category_id`, `Pieces`, `TRANSACTION_Date_Time`, `TRANSACTION_STORE_STORE_id`) VALUES (10003, 1, 10, "2018-04-04 10:16:16", 7);

INSERT INTO `PRODUCT_has_TRANSACTION`(`PRODUCT_Barcode`, `PRODUCT_Category_Category_id`, `Pieces`, `TRANSACTION_Date_Time`, `TRANSACTION_STORE_STORE_id`) VALUES (10004, 1, 10, "2018-04-17 10:16:16", 9);
INSERT INTO `PRODUCT_has_TRANSACTION`(`PRODUCT_Barcode`, `PRODUCT_Category_Category_id`, `Pieces`, `TRANSACTION_Date_Time`, `TRANSACTION_STORE_STORE_id`) VALUES (10005, 1, 10, "2018-04-17 10:16:16", 9);
INSERT INTO `PRODUCT_has_TRANSACTION`(`PRODUCT_Barcode`, `PRODUCT_Category_Category_id`, `Pieces`, `TRANSACTION_Date_Time`, `TRANSACTION_STORE_STORE_id`) VALUES (10006, 1, 10, "2018-04-17 10:16:16", 9);

INSERT INTO `PRODUCT_has_TRANSACTION`(`PRODUCT_Barcode`, `PRODUCT_Category_Category_id`, `Pieces`, `TRANSACTION_Date_Time`, `TRANSACTION_STORE_STORE_id`) VALUES (10007, 1, 10, "2018-04-21 10:16:16", 9);
INSERT INTO `PRODUCT_has_TRANSACTION`(`PRODUCT_Barcode`, `PRODUCT_Category_Category_id`, `Pieces`, `TRANSACTION_Date_Time`, `TRANSACTION_STORE_STORE_id`) VALUES (10008, 1, 10, "2018-04-21 10:16:16", 9);

INSERT INTO `PRODUCT_has_TRANSACTION`(`PRODUCT_Barcode`, `PRODUCT_Category_Category_id`, `Pieces`, `TRANSACTION_Date_Time`, `TRANSACTION_STORE_STORE_id`) VALUES (10009, 1, 10, "2018-04-26 13:16:16", 7);
INSERT INTO `PRODUCT_has_TRANSACTION`(`PRODUCT_Barcode`, `PRODUCT_Category_Category_id`, `Pieces`, `TRANSACTION_Date_Time`, `TRANSACTION_STORE_STORE_id`) VALUES (10010, 1, 10, "2018-04-26 13:16:16", 7);
INSERT INTO `PRODUCT_has_TRANSACTION`(`PRODUCT_Barcode`, `PRODUCT_Category_Category_id`, `Pieces`, `TRANSACTION_Date_Time`, `TRANSACTION_STORE_STORE_id`) VALUES (10011, 1, 10, "2018-04-26 13:16:16", 7);

INSERT INTO `PRODUCT_has_TRANSACTION`(`PRODUCT_Barcode`, `PRODUCT_Category_Category_id`, `Pieces`, `TRANSACTION_Date_Time`, `TRANSACTION_STORE_STORE_id`) VALUES (10011, 1, 10, "2018-04-13 16:13:16", 10);
INSERT INTO `PRODUCT_has_TRANSACTION`(`PRODUCT_Barcode`, `PRODUCT_Category_Category_id`, `Pieces`, `TRANSACTION_Date_Time`, `TRANSACTION_STORE_STORE_id`) VALUES (10012, 1, 10, "2018-04-13 16:13:16", 10);

INSERT INTO `PRODUCT_has_TRANSACTION`(`PRODUCT_Barcode`, `PRODUCT_Category_Category_id`, `Pieces`, `TRANSACTION_Date_Time`, `TRANSACTION_STORE_STORE_id`) VALUES (10013, 1, 10, "2018-04-29 16:14:16", 1);

INSERT INTO `PRODUCT_has_TRANSACTION`(`PRODUCT_Barcode`, `PRODUCT_Category_Category_id`, `Pieces`, `TRANSACTION_Date_Time`, `TRANSACTION_STORE_STORE_id`) VALUES (10014, 1, 10, "2018-01-23 16:15:16", 9);
INSERT INTO `PRODUCT_has_TRANSACTION`(`PRODUCT_Barcode`, `PRODUCT_Category_Category_id`, `Pieces`, `TRANSACTION_Date_Time`, `TRANSACTION_STORE_STORE_id`) VALUES (10015, 1, 10, "2018-01-23 16:15:16", 9);
INSERT INTO `PRODUCT_has_TRANSACTION`(`PRODUCT_Barcode`, `PRODUCT_Category_Category_id`, `Pieces`, `TRANSACTION_Date_Time`, `TRANSACTION_STORE_STORE_id`) VALUES (10016, 1, 10, "2018-01-23 16:15:16", 9);

INSERT INTO `PRODUCT_has_TRANSACTION`(`PRODUCT_Barcode`, `PRODUCT_Category_Category_id`, `Pieces`, `TRANSACTION_Date_Time`, `TRANSACTION_STORE_STORE_id`) VALUES (10017, 2, 10, "2018-02-05 16:17:16", 6);
INSERT INTO `PRODUCT_has_TRANSACTION`(`PRODUCT_Barcode`, `PRODUCT_Category_Category_id`, `Pieces`, `TRANSACTION_Date_Time`, `TRANSACTION_STORE_STORE_id`) VALUES (10018, 2, 10, "2018-02-05 16:17:16", 6);

INSERT INTO `PRODUCT_has_TRANSACTION`(`PRODUCT_Barcode`, `PRODUCT_Category_Category_id`, `Pieces`, `TRANSACTION_Date_Time`, `TRANSACTION_STORE_STORE_id`) VALUES (10019, 2, 10, "2018-02-11 16:18:16", 6);
INSERT INTO `PRODUCT_has_TRANSACTION`(`PRODUCT_Barcode`, `PRODUCT_Category_Category_id`, `Pieces`, `TRANSACTION_Date_Time`, `TRANSACTION_STORE_STORE_id`) VALUES (10020, 2, 10, "2018-02-11 16:18:16", 6);
INSERT INTO `PRODUCT_has_TRANSACTION`(`PRODUCT_Barcode`, `PRODUCT_Category_Category_id`, `Pieces`, `TRANSACTION_Date_Time`, `TRANSACTION_STORE_STORE_id`) VALUES (10021, 2, 10, "2018-02-11 16:18:16", 6);

INSERT INTO `PRODUCT_has_TRANSACTION`(`PRODUCT_Barcode`, `PRODUCT_Category_Category_id`, `Pieces`, `TRANSACTION_Date_Time`, `TRANSACTION_STORE_STORE_id`) VALUES (10022, 2, 10, "2018-02-16 16:19:16", 6);
INSERT INTO `PRODUCT_has_TRANSACTION`(`PRODUCT_Barcode`, `PRODUCT_Category_Category_id`, `Pieces`, `TRANSACTION_Date_Time`, `TRANSACTION_STORE_STORE_id`) VALUES (10023, 2, 10, "2018-02-16 16:19:16", 6);
INSERT INTO `PRODUCT_has_TRANSACTION`(`PRODUCT_Barcode`, `PRODUCT_Category_Category_id`, `Pieces`, `TRANSACTION_Date_Time`, `TRANSACTION_STORE_STORE_id`) VALUES (10024, 2, 10, "2018-02-16 16:19:16", 6);

INSERT INTO `PRODUCT_has_TRANSACTION`(`PRODUCT_Barcode`, `PRODUCT_Category_Category_id`, `Pieces`, `TRANSACTION_Date_Time`, `TRANSACTION_STORE_STORE_id`) VALUES (10025, 2, 10, "2018-02-23 16:20:16", 6);
INSERT INTO `PRODUCT_has_TRANSACTION`(`PRODUCT_Barcode`, `PRODUCT_Category_Category_id`, `Pieces`, `TRANSACTION_Date_Time`, `TRANSACTION_STORE_STORE_id`) VALUES (10026, 2, 10, "2018-02-23 16:20:16", 6);
INSERT INTO `PRODUCT_has_TRANSACTION`(`PRODUCT_Barcode`, `PRODUCT_Category_Category_id`, `Pieces`, `TRANSACTION_Date_Time`, `TRANSACTION_STORE_STORE_id`) VALUES (10027, 2, 10, "2018-02-23 16:20:16", 6);

INSERT INTO `PRODUCT_has_TRANSACTION`(`PRODUCT_Barcode`, `PRODUCT_Category_Category_id`, `Pieces`, `TRANSACTION_Date_Time`, `TRANSACTION_STORE_STORE_id`) VALUES (10028, 2, 10, "2018-03-03 16:21:16", 6);
INSERT INTO `PRODUCT_has_TRANSACTION`(`PRODUCT_Barcode`, `PRODUCT_Category_Category_id`, `Pieces`, `TRANSACTION_Date_Time`, `TRANSACTION_STORE_STORE_id`) VALUES (10029, 2, 10, "2018-03-03 16:21:16", 6);

INSERT INTO `PRODUCT_has_TRANSACTION`(`PRODUCT_Barcode`, `PRODUCT_Category_Category_id`, `Pieces`, `TRANSACTION_Date_Time`, `TRANSACTION_STORE_STORE_id`) VALUES (10030, 2, 10, "2018-03-23 16:22:16", 1);
INSERT INTO `PRODUCT_has_TRANSACTION`(`PRODUCT_Barcode`, `PRODUCT_Category_Category_id`, `Pieces`, `TRANSACTION_Date_Time`, `TRANSACTION_STORE_STORE_id`) VALUES (10031, 2, 10, "2018-03-23 16:22:16", 1);
INSERT INTO `PRODUCT_has_TRANSACTION`(`PRODUCT_Barcode`, `PRODUCT_Category_Category_id`, `Pieces`, `TRANSACTION_Date_Time`, `TRANSACTION_STORE_STORE_id`) VALUES (10032, 2, 10, "2018-03-23 16:22:16", 1);

INSERT INTO `PRODUCT_has_TRANSACTION`(`PRODUCT_Barcode`, `PRODUCT_Category_Category_id`, `Pieces`, `TRANSACTION_Date_Time`, `TRANSACTION_STORE_STORE_id`) VALUES (10033, 3, 10, "2020-06-03 16:24:16", 1);
INSERT INTO `PRODUCT_has_TRANSACTION`(`PRODUCT_Barcode`, `PRODUCT_Category_Category_id`, `Pieces`, `TRANSACTION_Date_Time`, `TRANSACTION_STORE_STORE_id`) VALUES (10034, 3, 10, "2020-06-03 16:24:16", 1);
INSERT INTO `PRODUCT_has_TRANSACTION`(`PRODUCT_Barcode`, `PRODUCT_Category_Category_id`, `Pieces`, `TRANSACTION_Date_Time`, `TRANSACTION_STORE_STORE_id`) VALUES (10035, 3, 10, "2020-06-03 16:24:16", 1);

INSERT INTO `PRODUCT_has_TRANSACTION`(`PRODUCT_Barcode`, `PRODUCT_Category_Category_id`, `Pieces`, `TRANSACTION_Date_Time`, `TRANSACTION_STORE_STORE_id`) VALUES (10036, 3, 10, "2020-06-17 16:25:16", 6);
INSERT INTO `PRODUCT_has_TRANSACTION`(`PRODUCT_Barcode`, `PRODUCT_Category_Category_id`, `Pieces`, `TRANSACTION_Date_Time`, `TRANSACTION_STORE_STORE_id`) VALUES (10037, 3, 10, "2020-06-17 16:25:16", 6);
INSERT INTO `PRODUCT_has_TRANSACTION`(`PRODUCT_Barcode`, `PRODUCT_Category_Category_id`, `Pieces`, `TRANSACTION_Date_Time`, `TRANSACTION_STORE_STORE_id`) VALUES (10038, 3, 10, "2020-06-17 16:25:16", 6);

INSERT INTO `PRODUCT_has_TRANSACTION`(`PRODUCT_Barcode`, `PRODUCT_Category_Category_id`, `Pieces`, `TRANSACTION_Date_Time`, `TRANSACTION_STORE_STORE_id`) VALUES (10039, 3, 10, "2020-06-23 16:26:16", 6);
INSERT INTO `PRODUCT_has_TRANSACTION`(`PRODUCT_Barcode`, `PRODUCT_Category_Category_id`, `Pieces`, `TRANSACTION_Date_Time`, `TRANSACTION_STORE_STORE_id`) VALUES (10040, 3, 10, "2020-06-23 16:26:16", 6);

INSERT INTO `PRODUCT_has_TRANSACTION`(`PRODUCT_Barcode`, `PRODUCT_Category_Category_id`, `Pieces`, `TRANSACTION_Date_Time`, `TRANSACTION_STORE_STORE_id`) VALUES (10041, 3, 10, "2020-06-26 16:27:16", 6);
INSERT INTO `PRODUCT_has_TRANSACTION`(`PRODUCT_Barcode`, `PRODUCT_Category_Category_id`, `Pieces`, `TRANSACTION_Date_Time`, `TRANSACTION_STORE_STORE_id`) VALUES (10042, 3, 10, "2020-06-26 16:27:16", 6);
INSERT INTO `PRODUCT_has_TRANSACTION`(`PRODUCT_Barcode`, `PRODUCT_Category_Category_id`, `Pieces`, `TRANSACTION_Date_Time`, `TRANSACTION_STORE_STORE_id`) VALUES (10043, 3, 10, "2020-06-26 16:27:16", 6);

INSERT INTO `PRODUCT_has_TRANSACTION`(`PRODUCT_Barcode`, `PRODUCT_Category_Category_id`, `Pieces`, `TRANSACTION_Date_Time`, `TRANSACTION_STORE_STORE_id`) VALUES (10044, 3, 10, "2020-07-01 16:32:16", 1);
INSERT INTO `PRODUCT_has_TRANSACTION`(`PRODUCT_Barcode`, `PRODUCT_Category_Category_id`, `Pieces`, `TRANSACTION_Date_Time`, `TRANSACTION_STORE_STORE_id`) VALUES (10045, 3, 10, "2020-07-01 16:32:16", 1);
INSERT INTO `PRODUCT_has_TRANSACTION`(`PRODUCT_Barcode`, `PRODUCT_Category_Category_id`, `Pieces`, `TRANSACTION_Date_Time`, `TRANSACTION_STORE_STORE_id`) VALUES (10046, 3, 10, "2020-07-01 16:32:16", 1);

INSERT INTO `PRODUCT_has_TRANSACTION`(`PRODUCT_Barcode`, `PRODUCT_Category_Category_id`, `Pieces`, `TRANSACTION_Date_Time`, `TRANSACTION_STORE_STORE_id`) VALUES (10047, 3, 10, "2020-07-03 16:33:16", 8);
INSERT INTO `PRODUCT_has_TRANSACTION`(`PRODUCT_Barcode`, `PRODUCT_Category_Category_id`, `Pieces`, `TRANSACTION_Date_Time`, `TRANSACTION_STORE_STORE_id`) VALUES (10048, 3, 10, "2020-07-03 16:33:16", 8);
INSERT INTO `PRODUCT_has_TRANSACTION`(`PRODUCT_Barcode`, `PRODUCT_Category_Category_id`, `Pieces`, `TRANSACTION_Date_Time`, `TRANSACTION_STORE_STORE_id`) VALUES (10049, 4, 10, "2020-07-03 16:33:16", 8);

INSERT INTO `PRODUCT_has_TRANSACTION`(`PRODUCT_Barcode`, `PRODUCT_Category_Category_id`, `Pieces`, `TRANSACTION_Date_Time`, `TRANSACTION_STORE_STORE_id`) VALUES (10050, 4, 10, "2020-02-01 16:34:16", 6);
INSERT INTO `PRODUCT_has_TRANSACTION`(`PRODUCT_Barcode`, `PRODUCT_Category_Category_id`, `Pieces`, `TRANSACTION_Date_Time`, `TRANSACTION_STORE_STORE_id`) VALUES (10051, 4, 10, "2020-02-01 16:34:16", 6);

INSERT INTO `PRODUCT_has_TRANSACTION`(`PRODUCT_Barcode`, `PRODUCT_Category_Category_id`, `Pieces`, `TRANSACTION_Date_Time`, `TRANSACTION_STORE_STORE_id`) VALUES (10052, 4, 10, "2020-02-02 16:35:16", 1);
INSERT INTO `PRODUCT_has_TRANSACTION`(`PRODUCT_Barcode`, `PRODUCT_Category_Category_id`, `Pieces`, `TRANSACTION_Date_Time`, `TRANSACTION_STORE_STORE_id`) VALUES (10053, 4, 10, "2020-02-02 16:35:16", 1);
INSERT INTO `PRODUCT_has_TRANSACTION`(`PRODUCT_Barcode`, `PRODUCT_Category_Category_id`, `Pieces`, `TRANSACTION_Date_Time`, `TRANSACTION_STORE_STORE_id`) VALUES (10054, 4, 10, "2020-02-02 16:35:16", 1);

INSERT INTO `PRODUCT_has_TRANSACTION`(`PRODUCT_Barcode`, `PRODUCT_Category_Category_id`, `Pieces`, `TRANSACTION_Date_Time`, `TRANSACTION_STORE_STORE_id`) VALUES (10055, 4, 10, "2020-06-10 16:36:16", 6);
INSERT INTO `PRODUCT_has_TRANSACTION`(`PRODUCT_Barcode`, `PRODUCT_Category_Category_id`, `Pieces`, `TRANSACTION_Date_Time`, `TRANSACTION_STORE_STORE_id`) VALUES (10056, 4, 10, "2020-06-10 16:36:16", 6);
INSERT INTO `PRODUCT_has_TRANSACTION`(`PRODUCT_Barcode`, `PRODUCT_Category_Category_id`, `Pieces`, `TRANSACTION_Date_Time`, `TRANSACTION_STORE_STORE_id`) VALUES (10057, 4, 10, "2020-06-10 16:36:16", 6);

INSERT INTO `PRODUCT_has_TRANSACTION`(`PRODUCT_Barcode`, `PRODUCT_Category_Category_id`, `Pieces`, `TRANSACTION_Date_Time`, `TRANSACTION_STORE_STORE_id`) VALUES (10058, 4, 10, "2020-06-19 16:37:16", 6);
INSERT INTO `PRODUCT_has_TRANSACTION`(`PRODUCT_Barcode`, `PRODUCT_Category_Category_id`, `Pieces`, `TRANSACTION_Date_Time`, `TRANSACTION_STORE_STORE_id`) VALUES (10059, 4, 10, "2020-06-19 16:37:16", 6);
INSERT INTO `PRODUCT_has_TRANSACTION`(`PRODUCT_Barcode`, `PRODUCT_Category_Category_id`, `Pieces`, `TRANSACTION_Date_Time`, `TRANSACTION_STORE_STORE_id`) VALUES (10060, 4, 10, "2020-06-19 16:37:16", 6);

INSERT INTO `PRODUCT_has_TRANSACTION`(`PRODUCT_Barcode`, `PRODUCT_Category_Category_id`, `Pieces`, `TRANSACTION_Date_Time`, `TRANSACTION_STORE_STORE_id`) VALUES (10061, 4, 10, "2020-07-02 16:38:16", 6);
INSERT INTO `PRODUCT_has_TRANSACTION`(`PRODUCT_Barcode`, `PRODUCT_Category_Category_id`, `Pieces`, `TRANSACTION_Date_Time`, `TRANSACTION_STORE_STORE_id`) VALUES (10062, 4, 10, "2020-07-02 16:38:16", 6);

INSERT INTO `PRODUCT_has_TRANSACTION`(`PRODUCT_Barcode`, `PRODUCT_Category_Category_id`, `Pieces`, `TRANSACTION_Date_Time`, `TRANSACTION_STORE_STORE_id`) VALUES (10063, 4, 10, "2020-03-01 16:39:16", 6);
INSERT INTO `PRODUCT_has_TRANSACTION`(`PRODUCT_Barcode`, `PRODUCT_Category_Category_id`, `Pieces`, `TRANSACTION_Date_Time`, `TRANSACTION_STORE_STORE_id`) VALUES (10064, 4, 10, "2020-03-01 16:39:16", 6);
INSERT INTO `PRODUCT_has_TRANSACTION`(`PRODUCT_Barcode`, `PRODUCT_Category_Category_id`, `Pieces`, `TRANSACTION_Date_Time`, `TRANSACTION_STORE_STORE_id`) VALUES (10065, 5, 10, "2020-03-01 16:39:16", 6);

INSERT INTO `PRODUCT_has_TRANSACTION`(`PRODUCT_Barcode`, `PRODUCT_Category_Category_id`, `Pieces`, `TRANSACTION_Date_Time`, `TRANSACTION_STORE_STORE_id`) VALUES (10066, 5, 10, "2020-03-05 16:40:16", 8);
INSERT INTO `PRODUCT_has_TRANSACTION`(`PRODUCT_Barcode`, `PRODUCT_Category_Category_id`, `Pieces`, `TRANSACTION_Date_Time`, `TRANSACTION_STORE_STORE_id`) VALUES (10067, 5, 10, "2020-03-05 16:40:16", 8);
INSERT INTO `PRODUCT_has_TRANSACTION`(`PRODUCT_Barcode`, `PRODUCT_Category_Category_id`, `Pieces`, `TRANSACTION_Date_Time`, `TRANSACTION_STORE_STORE_id`) VALUES (10068, 5, 10, "2020-03-05 16:40:16", 8);

INSERT INTO `PRODUCT_has_TRANSACTION`(`PRODUCT_Barcode`, `PRODUCT_Category_Category_id`, `Pieces`, `TRANSACTION_Date_Time`, `TRANSACTION_STORE_STORE_id`) VALUES (10069, 5, 10, "2020-06-11 16:41:16", 6);
INSERT INTO `PRODUCT_has_TRANSACTION`(`PRODUCT_Barcode`, `PRODUCT_Category_Category_id`, `Pieces`, `TRANSACTION_Date_Time`, `TRANSACTION_STORE_STORE_id`) VALUES (10070, 5, 10, "2020-06-11 16:41:16", 6);
INSERT INTO `PRODUCT_has_TRANSACTION`(`PRODUCT_Barcode`, `PRODUCT_Category_Category_id`, `Pieces`, `TRANSACTION_Date_Time`, `TRANSACTION_STORE_STORE_id`) VALUES (10071, 5, 10, "2020-06-11 16:41:16", 6);

INSERT INTO `PRODUCT_has_TRANSACTION`(`PRODUCT_Barcode`, `PRODUCT_Category_Category_id`, `Pieces`, `TRANSACTION_Date_Time`, `TRANSACTION_STORE_STORE_id`) VALUES (10072, 5, 10, "2020-06-17 16:42:16", 6);
INSERT INTO `PRODUCT_has_TRANSACTION`(`PRODUCT_Barcode`, `PRODUCT_Category_Category_id`, `Pieces`, `TRANSACTION_Date_Time`, `TRANSACTION_STORE_STORE_id`) VALUES (10073, 5, 10, "2020-06-17 16:42:16", 6);

INSERT INTO `PRODUCT_has_TRANSACTION`(`PRODUCT_Barcode`, `PRODUCT_Category_Category_id`, `Pieces`, `TRANSACTION_Date_Time`, `TRANSACTION_STORE_STORE_id`) VALUES (10074, 5, 10, "2020-06-30 16:43:16", 6);
INSERT INTO `PRODUCT_has_TRANSACTION`(`PRODUCT_Barcode`, `PRODUCT_Category_Category_id`, `Pieces`, `TRANSACTION_Date_Time`, `TRANSACTION_STORE_STORE_id`) VALUES (10075, 5, 10, "2020-06-30 16:43:16", 6);
INSERT INTO `PRODUCT_has_TRANSACTION`(`PRODUCT_Barcode`, `PRODUCT_Category_Category_id`, `Pieces`, `TRANSACTION_Date_Time`, `TRANSACTION_STORE_STORE_id`) VALUES (10076, 5, 10, "2020-06-30 16:43:16", 6);

INSERT INTO `PRODUCT_has_TRANSACTION`(`PRODUCT_Barcode`, `PRODUCT_Category_Category_id`, `Pieces`, `TRANSACTION_Date_Time`, `TRANSACTION_STORE_STORE_id`) VALUES (10077, 5, 10, "2020-06-20 16:44:16", 6);
INSERT INTO `PRODUCT_has_TRANSACTION`(`PRODUCT_Barcode`, `PRODUCT_Category_Category_id`, `Pieces`, `TRANSACTION_Date_Time`, `TRANSACTION_STORE_STORE_id`) VALUES (10078, 5, 10, "2020-06-20 16:44:16", 6);
INSERT INTO `PRODUCT_has_TRANSACTION`(`PRODUCT_Barcode`, `PRODUCT_Category_Category_id`, `Pieces`, `TRANSACTION_Date_Time`, `TRANSACTION_STORE_STORE_id`) VALUES (10079, 5, 10, "2020-06-20 16:44:16", 6);

INSERT INTO `PRODUCT_has_TRANSACTION`(`PRODUCT_Barcode`, `PRODUCT_Category_Category_id`, `Pieces`, `TRANSACTION_Date_Time`, `TRANSACTION_STORE_STORE_id`) VALUES (10080, 6, 10, "2020-06-22 16:45:16", 6);
INSERT INTO `PRODUCT_has_TRANSACTION`(`PRODUCT_Barcode`, `PRODUCT_Category_Category_id`, `Pieces`, `TRANSACTION_Date_Time`, `TRANSACTION_STORE_STORE_id`) VALUES (10081, 6, 10, "2020-06-22 16:45:16", 6);
INSERT INTO `PRODUCT_has_TRANSACTION`(`PRODUCT_Barcode`, `PRODUCT_Category_Category_id`, `Pieces`, `TRANSACTION_Date_Time`, `TRANSACTION_STORE_STORE_id`) VALUES (10082, 6, 10, "2020-06-22 16:45:16", 6);

INSERT INTO `PRODUCT_has_TRANSACTION`(`PRODUCT_Barcode`, `PRODUCT_Category_Category_id`, `Pieces`, `TRANSACTION_Date_Time`, `TRANSACTION_STORE_STORE_id`) VALUES (10083, 6, 10, "2020-06-28 16:46:16", 6);
INSERT INTO `PRODUCT_has_TRANSACTION`(`PRODUCT_Barcode`, `PRODUCT_Category_Category_id`, `Pieces`, `TRANSACTION_Date_Time`, `TRANSACTION_STORE_STORE_id`) VALUES (10084, 6, 10, "2020-06-28 16:46:16", 6);

INSERT INTO `PRODUCT_has_TRANSACTION`(`PRODUCT_Barcode`, `PRODUCT_Category_Category_id`, `Pieces`, `TRANSACTION_Date_Time`, `TRANSACTION_STORE_STORE_id`) VALUES (10085, 6, 10, "2020-06-05 16:47:16", 6);
INSERT INTO `PRODUCT_has_TRANSACTION`(`PRODUCT_Barcode`, `PRODUCT_Category_Category_id`, `Pieces`, `TRANSACTION_Date_Time`, `TRANSACTION_STORE_STORE_id`) VALUES (10086, 6, 10, "2020-06-05 16:47:16", 6);
INSERT INTO `PRODUCT_has_TRANSACTION`(`PRODUCT_Barcode`, `PRODUCT_Category_Category_id`, `Pieces`, `TRANSACTION_Date_Time`, `TRANSACTION_STORE_STORE_id`) VALUES (10087, 6, 10, "2020-06-05 16:47:16", 6);

INSERT INTO `PRODUCT_has_TRANSACTION`(`PRODUCT_Barcode`, `PRODUCT_Category_Category_id`, `Pieces`, `TRANSACTION_Date_Time`, `TRANSACTION_STORE_STORE_id`) VALUES (10088, 6, 10, "2020-05-03 16:48:16", 6);
INSERT INTO `PRODUCT_has_TRANSACTION`(`PRODUCT_Barcode`, `PRODUCT_Category_Category_id`, `Pieces`, `TRANSACTION_Date_Time`, `TRANSACTION_STORE_STORE_id`) VALUES (10089, 6, 10, "2020-05-03 16:48:16", 6);
INSERT INTO `PRODUCT_has_TRANSACTION`(`PRODUCT_Barcode`, `PRODUCT_Category_Category_id`, `Pieces`, `TRANSACTION_Date_Time`, `TRANSACTION_STORE_STORE_id`) VALUES (10090, 6, 10, "2020-05-03 16:48:16", 6);

INSERT INTO `PRODUCT_has_TRANSACTION`(`PRODUCT_Barcode`, `PRODUCT_Category_Category_id`, `Pieces`, `TRANSACTION_Date_Time`, `TRANSACTION_STORE_STORE_id`) VALUES (10001, 1, 10, "2020-06-09 16:49:16", 6);
INSERT INTO `PRODUCT_has_TRANSACTION`(`PRODUCT_Barcode`, `PRODUCT_Category_Category_id`, `Pieces`, `TRANSACTION_Date_Time`, `TRANSACTION_STORE_STORE_id`) VALUES (10002, 1, 10, "2020-06-09 16:49:16", 6);
INSERT INTO `PRODUCT_has_TRANSACTION`(`PRODUCT_Barcode`, `PRODUCT_Category_Category_id`, `Pieces`, `TRANSACTION_Date_Time`, `TRANSACTION_STORE_STORE_id`) VALUES (10003, 1, 10, "2020-06-09 16:49:16", 6);

INSERT INTO `PRODUCT_has_TRANSACTION`(`PRODUCT_Barcode`, `PRODUCT_Category_Category_id`, `Pieces`, `TRANSACTION_Date_Time`, `TRANSACTION_STORE_STORE_id`) VALUES (10004, 1, 10, "2020-06-13 16:50:16", 10);
INSERT INTO `PRODUCT_has_TRANSACTION`(`PRODUCT_Barcode`, `PRODUCT_Category_Category_id`, `Pieces`, `TRANSACTION_Date_Time`, `TRANSACTION_STORE_STORE_id`) VALUES (10005, 1, 10, "2020-06-13 16:50:16", 10);

INSERT INTO `PRODUCT_has_TRANSACTION`(`PRODUCT_Barcode`, `PRODUCT_Category_Category_id`, `Pieces`, `TRANSACTION_Date_Time`, `TRANSACTION_STORE_STORE_id`) VALUES (10006, 1, 10, "2020-06-17 16:51:16", 6);
INSERT INTO `PRODUCT_has_TRANSACTION`(`PRODUCT_Barcode`, `PRODUCT_Category_Category_id`, `Pieces`, `TRANSACTION_Date_Time`, `TRANSACTION_STORE_STORE_id`) VALUES (10007, 1, 10, "2020-06-17 16:51:16", 6);
INSERT INTO `PRODUCT_has_TRANSACTION`(`PRODUCT_Barcode`, `PRODUCT_Category_Category_id`, `Pieces`, `TRANSACTION_Date_Time`, `TRANSACTION_STORE_STORE_id`) VALUES (10008, 1, 10, "2020-06-17 16:51:16", 6);

INSERT INTO `PRODUCT_has_TRANSACTION`(`PRODUCT_Barcode`, `PRODUCT_Category_Category_id`, `Pieces`, `TRANSACTION_Date_Time`, `TRANSACTION_STORE_STORE_id`) VALUES (10009, 1, 1, "2020-07-03 16:52:16", 6);
INSERT INTO `PRODUCT_has_TRANSACTION`(`PRODUCT_Barcode`, `PRODUCT_Category_Category_id`, `Pieces`, `TRANSACTION_Date_Time`, `TRANSACTION_STORE_STORE_id`) VALUES (10019, 2, 1, "2020-07-03 16:52:16", 6);
INSERT INTO `PRODUCT_has_TRANSACTION`(`PRODUCT_Barcode`, `PRODUCT_Category_Category_id`, `Pieces`, `TRANSACTION_Date_Time`, `TRANSACTION_STORE_STORE_id`) VALUES (10029, 2, 1, "2020-07-03 16:52:16", 6);
INSERT INTO `PRODUCT_has_TRANSACTION`(`PRODUCT_Barcode`, `PRODUCT_Category_Category_id`, `Pieces`, `TRANSACTION_Date_Time`, `TRANSACTION_STORE_STORE_id`) VALUES (10039, 3, 1, "2020-07-03 16:52:16", 6);
INSERT INTO `PRODUCT_has_TRANSACTION`(`PRODUCT_Barcode`, `PRODUCT_Category_Category_id`, `Pieces`, `TRANSACTION_Date_Time`, `TRANSACTION_STORE_STORE_id`) VALUES (10049, 4, 1, "2020-07-03 16:52:16", 6);
INSERT INTO `PRODUCT_has_TRANSACTION`(`PRODUCT_Barcode`, `PRODUCT_Category_Category_id`, `Pieces`, `TRANSACTION_Date_Time`, `TRANSACTION_STORE_STORE_id`) VALUES (10059, 4, 1, "2020-07-03 16:52:16", 6);

INSERT INTO `PRODUCT_has_TRANSACTION`(`PRODUCT_Barcode`, `PRODUCT_Category_Category_id`, `Pieces`, `TRANSACTION_Date_Time`, `TRANSACTION_STORE_STORE_id`) VALUES (10010, 1, 10, "2020-03-13 16:57:16", 4);
INSERT INTO `PRODUCT_has_TRANSACTION`(`PRODUCT_Barcode`, `PRODUCT_Category_Category_id`, `Pieces`, `TRANSACTION_Date_Time`, `TRANSACTION_STORE_STORE_id`) VALUES (10020, 2, 10, "2020-03-13 16:57:16", 4);
INSERT INTO `PRODUCT_has_TRANSACTION`(`PRODUCT_Barcode`, `PRODUCT_Category_Category_id`, `Pieces`, `TRANSACTION_Date_Time`, `TRANSACTION_STORE_STORE_id`) VALUES (10030, 2, 10, "2020-03-13 16:57:16", 4);

INSERT INTO `PRODUCT_has_TRANSACTION`(`PRODUCT_Barcode`, `PRODUCT_Category_Category_id`, `Pieces`, `TRANSACTION_Date_Time`, `TRANSACTION_STORE_STORE_id`) VALUES (10011, 1, 10, "2020-04-18 16:58:16", 6);
INSERT INTO `PRODUCT_has_TRANSACTION`(`PRODUCT_Barcode`, `PRODUCT_Category_Category_id`, `Pieces`, `TRANSACTION_Date_Time`, `TRANSACTION_STORE_STORE_id`) VALUES (10021, 2, 10, "2020-04-18 16:58:16", 6);
INSERT INTO `PRODUCT_has_TRANSACTION`(`PRODUCT_Barcode`, `PRODUCT_Category_Category_id`, `Pieces`, `TRANSACTION_Date_Time`, `TRANSACTION_STORE_STORE_id`) VALUES (10031, 2, 10, "2020-04-18 16:58:16", 6);

INSERT INTO `PRODUCT_has_TRANSACTION`(`PRODUCT_Barcode`, `PRODUCT_Category_Category_id`, `Pieces`, `TRANSACTION_Date_Time`, `TRANSACTION_STORE_STORE_id`) VALUES (10012, 1, 10, "2020-05-21 16:59:16", 6);
INSERT INTO `PRODUCT_has_TRANSACTION`(`PRODUCT_Barcode`, `PRODUCT_Category_Category_id`, `Pieces`, `TRANSACTION_Date_Time`, `TRANSACTION_STORE_STORE_id`) VALUES (10042, 3, 10, "2020-05-21 16:59:16", 6);

INSERT INTO `PRODUCT_has_TRANSACTION`(`PRODUCT_Barcode`, `PRODUCT_Category_Category_id`, `Pieces`, `TRANSACTION_Date_Time`, `TRANSACTION_STORE_STORE_id`) VALUES (10052, 4, 10, "2020-06-30 18:56:16", 8);
INSERT INTO `PRODUCT_has_TRANSACTION`(`PRODUCT_Barcode`, `PRODUCT_Category_Category_id`, `Pieces`, `TRANSACTION_Date_Time`, `TRANSACTION_STORE_STORE_id`) VALUES (10062, 4, 10, "2020-06-30 18:56:16", 8);
INSERT INTO `PRODUCT_has_TRANSACTION`(`PRODUCT_Barcode`, `PRODUCT_Category_Category_id`, `Pieces`, `TRANSACTION_Date_Time`, `TRANSACTION_STORE_STORE_id`) VALUES (10078, 5, 10, "2020-06-30 18:56:16", 8);

INSERT INTO `PRODUCT_has_TRANSACTION`(`PRODUCT_Barcode`, `PRODUCT_Category_Category_id`, `Pieces`, `TRANSACTION_Date_Time`, `TRANSACTION_STORE_STORE_id`) VALUES (10088, 6, 10, "2019-02-24 18:27:16", 6);

INSERT INTO `PRODUCT_has_TRANSACTION`(`PRODUCT_Barcode`, `PRODUCT_Category_Category_id`, `Pieces`, `TRANSACTION_Date_Time`, `TRANSACTION_STORE_STORE_id`) VALUES (10060, 4, 10, "2020-06-27 18:26:16", 6);
INSERT INTO `PRODUCT_has_TRANSACTION`(`PRODUCT_Barcode`, `PRODUCT_Category_Category_id`, `Pieces`, `TRANSACTION_Date_Time`, `TRANSACTION_STORE_STORE_id`) VALUES (10061, 4, 10, "2020-06-27 18:26:16", 6);

INSERT INTO `PRODUCT_has_TRANSACTION`(`PRODUCT_Barcode`, `PRODUCT_Category_Category_id`, `Pieces`, `TRANSACTION_Date_Time`, `TRANSACTION_STORE_STORE_id`) VALUES (10062, 4, 10, "2020-07-03 18:25:16", 6);
INSERT INTO `PRODUCT_has_TRANSACTION`(`PRODUCT_Barcode`, `PRODUCT_Category_Category_id`, `Pieces`, `TRANSACTION_Date_Time`, `TRANSACTION_STORE_STORE_id`) VALUES (10063, 4, 10, "2020-07-03 18:25:16", 6);
INSERT INTO `PRODUCT_has_TRANSACTION`(`PRODUCT_Barcode`, `PRODUCT_Category_Category_id`, `Pieces`, `TRANSACTION_Date_Time`, `TRANSACTION_STORE_STORE_id`) VALUES (10067, 5, 10, "2020-07-03 18:25:16", 6);

INSERT INTO `PRODUCT_has_TRANSACTION`(`PRODUCT_Barcode`, `PRODUCT_Category_Category_id`, `Pieces`, `TRANSACTION_Date_Time`, `TRANSACTION_STORE_STORE_id`) VALUES (10068, 5, 10, "2019-07-02 16:24:16", 2);
INSERT INTO `PRODUCT_has_TRANSACTION`(`PRODUCT_Barcode`, `PRODUCT_Category_Category_id`, `Pieces`, `TRANSACTION_Date_Time`, `TRANSACTION_STORE_STORE_id`) VALUES (10069, 5, 10, "2019-07-02 16:24:16", 2);

INSERT INTO `PRODUCT_has_TRANSACTION`(`PRODUCT_Barcode`, `PRODUCT_Category_Category_id`, `Pieces`, `TRANSACTION_Date_Time`, `TRANSACTION_STORE_STORE_id`) VALUES (10070, 5, 10, "2019-07-14 16:23:16", 2);

INSERT INTO `PRODUCT_has_TRANSACTION`(`PRODUCT_Barcode`, `PRODUCT_Category_Category_id`, `Pieces`, `TRANSACTION_Date_Time`, `TRANSACTION_STORE_STORE_id`) VALUES (10071, 5, 10, "2019-07-22 16:22:16", 3);
INSERT INTO `PRODUCT_has_TRANSACTION`(`PRODUCT_Barcode`, `PRODUCT_Category_Category_id`, `Pieces`, `TRANSACTION_Date_Time`, `TRANSACTION_STORE_STORE_id`) VALUES (10073, 5, 10, "2019-07-22 16:22:16", 3);

INSERT INTO `PRODUCT_has_TRANSACTION`(`PRODUCT_Barcode`, `PRODUCT_Category_Category_id`, `Pieces`, `TRANSACTION_Date_Time`, `TRANSACTION_STORE_STORE_id`) VALUES (10075, 5, 10, "2019-07-28 16:21:16", 1);
INSERT INTO `PRODUCT_has_TRANSACTION`(`PRODUCT_Barcode`, `PRODUCT_Category_Category_id`, `Pieces`, `TRANSACTION_Date_Time`, `TRANSACTION_STORE_STORE_id`) VALUES (10076, 5, 10, "2019-07-28 16:21:16", 1);
INSERT INTO `PRODUCT_has_TRANSACTION`(`PRODUCT_Barcode`, `PRODUCT_Category_Category_id`, `Pieces`, `TRANSACTION_Date_Time`, `TRANSACTION_STORE_STORE_id`) VALUES (10077, 5, 10, "2019-07-28 16:21:16", 1);

INSERT INTO `PRODUCT_has_TRANSACTION`(`PRODUCT_Barcode`, `PRODUCT_Category_Category_id`, `Pieces`, `TRANSACTION_Date_Time`, `TRANSACTION_STORE_STORE_id`) VALUES (10078, 5, 10, "2019-08-04 16:20:16", 3);
INSERT INTO `PRODUCT_has_TRANSACTION`(`PRODUCT_Barcode`, `PRODUCT_Category_Category_id`, `Pieces`, `TRANSACTION_Date_Time`, `TRANSACTION_STORE_STORE_id`) VALUES (10079, 5, 10, "2019-08-04 16:20:16", 3);
INSERT INTO `PRODUCT_has_TRANSACTION`(`PRODUCT_Barcode`, `PRODUCT_Category_Category_id`, `Pieces`, `TRANSACTION_Date_Time`, `TRANSACTION_STORE_STORE_id`) VALUES (10080, 6, 10, "2019-08-04 16:20:16", 3);

INSERT INTO `PRODUCT_has_TRANSACTION`(`PRODUCT_Barcode`, `PRODUCT_Category_Category_id`, `Pieces`, `TRANSACTION_Date_Time`, `TRANSACTION_STORE_STORE_id`) VALUES (10081, 6, 10, "2019-08-14 16:14:16", 1);
INSERT INTO `PRODUCT_has_TRANSACTION`(`PRODUCT_Barcode`, `PRODUCT_Category_Category_id`, `Pieces`, `TRANSACTION_Date_Time`, `TRANSACTION_STORE_STORE_id`) VALUES (10082, 6, 10, "2019-08-14 16:14:16", 1);

INSERT INTO `PRODUCT_has_TRANSACTION`(`PRODUCT_Barcode`, `PRODUCT_Category_Category_id`, `Pieces`, `TRANSACTION_Date_Time`, `TRANSACTION_STORE_STORE_id`) VALUES (10083, 6, 1, "2019-08-24 16:13:16", 3);
INSERT INTO `PRODUCT_has_TRANSACTION`(`PRODUCT_Barcode`, `PRODUCT_Category_Category_id`, `Pieces`, `TRANSACTION_Date_Time`, `TRANSACTION_STORE_STORE_id`) VALUES (10084, 6, 1, "2019-08-24 16:13:16", 3);
INSERT INTO `PRODUCT_has_TRANSACTION`(`PRODUCT_Barcode`, `PRODUCT_Category_Category_id`, `Pieces`, `TRANSACTION_Date_Time`, `TRANSACTION_STORE_STORE_id`) VALUES (10085, 6, 1, "2019-08-24 16:13:16", 3);

INSERT INTO `PRODUCT_has_TRANSACTION`(`PRODUCT_Barcode`, `PRODUCT_Category_Category_id`, `Pieces`, `TRANSACTION_Date_Time`, `TRANSACTION_STORE_STORE_id`) VALUES (10086, 6, 1, "2019-09-25 16:09:16", 2);
INSERT INTO `PRODUCT_has_TRANSACTION`(`PRODUCT_Barcode`, `PRODUCT_Category_Category_id`, `Pieces`, `TRANSACTION_Date_Time`, `TRANSACTION_STORE_STORE_id`) VALUES (10087, 6, 1, "2019-09-25 16:09:16", 2);
INSERT INTO `PRODUCT_has_TRANSACTION`(`PRODUCT_Barcode`, `PRODUCT_Category_Category_id`, `Pieces`, `TRANSACTION_Date_Time`, `TRANSACTION_STORE_STORE_id`) VALUES (10088, 6, 1, "2019-09-25 16:09:16", 2);

INSERT INTO `PRODUCT_has_TRANSACTION`(`PRODUCT_Barcode`, `PRODUCT_Category_Category_id`, `Pieces`, `TRANSACTION_Date_Time`, `TRANSACTION_STORE_STORE_id`) VALUES (10011, 1, 1, "2019-09-30 16:08:16", 1);
INSERT INTO `PRODUCT_has_TRANSACTION`(`PRODUCT_Barcode`, `PRODUCT_Category_Category_id`, `Pieces`, `TRANSACTION_Date_Time`, `TRANSACTION_STORE_STORE_id`) VALUES (10034, 3, 1, "2019-09-30 16:08:16", 1);
INSERT INTO `PRODUCT_has_TRANSACTION`(`PRODUCT_Barcode`, `PRODUCT_Category_Category_id`, `Pieces`, `TRANSACTION_Date_Time`, `TRANSACTION_STORE_STORE_id`) VALUES (10055, 4, 1, "2019-09-30 16:08:16", 1);

INSERT INTO `PRODUCT_has_TRANSACTION`(`PRODUCT_Barcode`, `PRODUCT_Category_Category_id`, `Pieces`, `TRANSACTION_Date_Time`, `TRANSACTION_STORE_STORE_id`) VALUES (10066, 5, 1, "2018-01-13 16:07:16", 3);
INSERT INTO `PRODUCT_has_TRANSACTION`(`PRODUCT_Barcode`, `PRODUCT_Category_Category_id`, `Pieces`, `TRANSACTION_Date_Time`, `TRANSACTION_STORE_STORE_id`) VALUES (10077, 5, 1, "2018-01-13 16:07:16", 3);

INSERT INTO `PRODUCT_has_TRANSACTION`(`PRODUCT_Barcode`, `PRODUCT_Category_Category_id`, `Pieces`, `TRANSACTION_Date_Time`, `TRANSACTION_STORE_STORE_id`) VALUES (10088, 6, 10, "2019-09-05 16:06:16", 3);

INSERT INTO `PRODUCT_has_TRANSACTION`(`PRODUCT_Barcode`, `PRODUCT_Category_Category_id`, `Pieces`, `TRANSACTION_Date_Time`, `TRANSACTION_STORE_STORE_id`) VALUES (10022, 2, 10, "2019-09-15 16:05:16", 2);
INSERT INTO `PRODUCT_has_TRANSACTION`(`PRODUCT_Barcode`, `PRODUCT_Category_Category_id`, `Pieces`, `TRANSACTION_Date_Time`, `TRANSACTION_STORE_STORE_id`) VALUES (10077, 5, 10, "2019-09-15 16:05:16", 2);

INSERT INTO `PRODUCT_has_TRANSACTION`(`PRODUCT_Barcode`, `PRODUCT_Category_Category_id`, `Pieces`, `TRANSACTION_Date_Time`, `TRANSACTION_STORE_STORE_id`) VALUES (10078, 5, 10, "2019-09-25 16:04:16", 2);
INSERT INTO `PRODUCT_has_TRANSACTION`(`PRODUCT_Barcode`, `PRODUCT_Category_Category_id`, `Pieces`, `TRANSACTION_Date_Time`, `TRANSACTION_STORE_STORE_id`) VALUES (10079, 5, 10, "2019-09-25 16:04:16", 2);
INSERT INTO `PRODUCT_has_TRANSACTION`(`PRODUCT_Barcode`, `PRODUCT_Category_Category_id`, `Pieces`, `TRANSACTION_Date_Time`, `TRANSACTION_STORE_STORE_id`) VALUES (10087, 6, 10, "2019-09-25 16:04:16", 2);

INSERT INTO `PRODUCT_has_TRANSACTION`(`PRODUCT_Barcode`, `PRODUCT_Category_Category_id`, `Pieces`, `TRANSACTION_Date_Time`, `TRANSACTION_STORE_STORE_id`) VALUES (10082, 6, 10, "2019-09-28 16:03:16", 2);
INSERT INTO `PRODUCT_has_TRANSACTION`(`PRODUCT_Barcode`, `PRODUCT_Category_Category_id`, `Pieces`, `TRANSACTION_Date_Time`, `TRANSACTION_STORE_STORE_id`) VALUES (10086, 6, 10, "2019-09-28 16:03:16", 2);
INSERT INTO `PRODUCT_has_TRANSACTION`(`PRODUCT_Barcode`, `PRODUCT_Category_Category_id`, `Pieces`, `TRANSACTION_Date_Time`, `TRANSACTION_STORE_STORE_id`) VALUES (10088, 6, 10, "2019-09-28 16:03:16", 2);


INSERT INTO `PRODUCT_has_TRANSACTION`(`PRODUCT_Barcode`, `PRODUCT_Category_Category_id`, `Pieces`, `TRANSACTION_Date_Time`, `TRANSACTION_STORE_STORE_id`) VALUES (10083, 6, 10, "2019-10-03 16:02:16", 1);
INSERT INTO `PRODUCT_has_TRANSACTION`(`PRODUCT_Barcode`, `PRODUCT_Category_Category_id`, `Pieces`, `TRANSACTION_Date_Time`, `TRANSACTION_STORE_STORE_id`) VALUES (10090, 6, 10, "2019-10-03 16:02:16", 1);

INSERT INTO `PRODUCT_has_TRANSACTION`(`PRODUCT_Barcode`, `PRODUCT_Category_Category_id`, `Pieces`, `TRANSACTION_Date_Time`, `TRANSACTION_STORE_STORE_id`) VALUES (10067, 5, 10, "2019-10-13 16:01:16", 2);
INSERT INTO `PRODUCT_has_TRANSACTION`(`PRODUCT_Barcode`, `PRODUCT_Category_Category_id`, `Pieces`, `TRANSACTION_Date_Time`, `TRANSACTION_STORE_STORE_id`) VALUES (10078, 5, 10, "2019-10-13 16:01:16", 2);
INSERT INTO `PRODUCT_has_TRANSACTION`(`PRODUCT_Barcode`, `PRODUCT_Category_Category_id`, `Pieces`, `TRANSACTION_Date_Time`, `TRANSACTION_STORE_STORE_id`) VALUES (10089, 6, 10, "2019-10-13 16:01:16", 2);

INSERT INTO `PRODUCT_has_TRANSACTION`(`PRODUCT_Barcode`, `PRODUCT_Category_Category_id`, `Pieces`, `TRANSACTION_Date_Time`, `TRANSACTION_STORE_STORE_id`) VALUES (10012, 1, 6, "2019-10-23 08:16:16", 3);
INSERT INTO `PRODUCT_has_TRANSACTION`(`PRODUCT_Barcode`, `PRODUCT_Category_Category_id`, `Pieces`, `TRANSACTION_Date_Time`, `TRANSACTION_STORE_STORE_id`) VALUES (10017, 2, 4, "2019-10-23 08:16:16", 3);
INSERT INTO `PRODUCT_has_TRANSACTION`(`PRODUCT_Barcode`, `PRODUCT_Category_Category_id`, `Pieces`, `TRANSACTION_Date_Time`, `TRANSACTION_STORE_STORE_id`) VALUES (10038, 3, 10, "2019-10-23 08:16:16", 3);


INSERT INTO `PRODUCT_has_TRANSACTION`(`PRODUCT_Barcode`, `PRODUCT_Category_Category_id`, `Pieces`, `TRANSACTION_Date_Time`, `TRANSACTION_STORE_STORE_id`) VALUES (10039, 3, 10, "2019-11-07 09:16:16", 1);
INSERT INTO `PRODUCT_has_TRANSACTION`(`PRODUCT_Barcode`, `PRODUCT_Category_Category_id`, `Pieces`, `TRANSACTION_Date_Time`, `TRANSACTION_STORE_STORE_id`) VALUES (10043, 3, 10, "2019-11-07 09:16:16", 1);

INSERT INTO `PRODUCT_has_TRANSACTION`(`PRODUCT_Barcode`, `PRODUCT_Category_Category_id`, `Pieces`, `TRANSACTION_Date_Time`, `TRANSACTION_STORE_STORE_id`) VALUES (10044, 3, 10, "2019-11-19 10:16:16", 2);
INSERT INTO `PRODUCT_has_TRANSACTION`(`PRODUCT_Barcode`, `PRODUCT_Category_Category_id`, `Pieces`, `TRANSACTION_Date_Time`, `TRANSACTION_STORE_STORE_id`) VALUES (10045, 3, 10, "2019-11-19 10:16:16", 2);

INSERT INTO `PRODUCT_has_TRANSACTION`(`PRODUCT_Barcode`, `PRODUCT_Category_Category_id`, `Pieces`, `TRANSACTION_Date_Time`, `TRANSACTION_STORE_STORE_id`) VALUES (10046, 3, 10, "2019-11-27 11:16:16", 3);

INSERT INTO `PRODUCT_has_TRANSACTION`(`PRODUCT_Barcode`, `PRODUCT_Category_Category_id`, `Pieces`, `TRANSACTION_Date_Time`, `TRANSACTION_STORE_STORE_id`) VALUES (10056, 4, 7, "2019-11-30 12:16:16", 4);
INSERT INTO `PRODUCT_has_TRANSACTION`(`PRODUCT_Barcode`, `PRODUCT_Category_Category_id`, `Pieces`, `TRANSACTION_Date_Time`, `TRANSACTION_STORE_STORE_id`) VALUES (10066, 5, 1, "2019-11-30 12:16:16", 4);

INSERT INTO `PRODUCT_has_TRANSACTION`(`PRODUCT_Barcode`, `PRODUCT_Category_Category_id`, `Pieces`, `TRANSACTION_Date_Time`, `TRANSACTION_STORE_STORE_id`) VALUES (10077, 5, 10, "2019-10-08 13:16:16", 4);

INSERT INTO `PRODUCT_has_TRANSACTION`(`PRODUCT_Barcode`, `PRODUCT_Category_Category_id`, `Pieces`, `TRANSACTION_Date_Time`, `TRANSACTION_STORE_STORE_id`) VALUES (10078, 5, 10, "2019-10-16 14:16:16", 3);
INSERT INTO `PRODUCT_has_TRANSACTION`(`PRODUCT_Barcode`, `PRODUCT_Category_Category_id`, `Pieces`, `TRANSACTION_Date_Time`, `TRANSACTION_STORE_STORE_id`) VALUES (10023, 2, 10, "2019-10-16 14:16:16", 3);

INSERT INTO `PRODUCT_has_TRANSACTION`(`PRODUCT_Barcode`, `PRODUCT_Category_Category_id`, `Pieces`, `TRANSACTION_Date_Time`, `TRANSACTION_STORE_STORE_id`) VALUES (10027, 2, 1, "2019-10-30 15:16:16", 2);
INSERT INTO `PRODUCT_has_TRANSACTION`(`PRODUCT_Barcode`, `PRODUCT_Category_Category_id`, `Pieces`, `TRANSACTION_Date_Time`, `TRANSACTION_STORE_STORE_id`) VALUES (10028, 2, 1, "2019-10-30 15:16:16", 2);
INSERT INTO `PRODUCT_has_TRANSACTION`(`PRODUCT_Barcode`, `PRODUCT_Category_Category_id`, `Pieces`, `TRANSACTION_Date_Time`, `TRANSACTION_STORE_STORE_id`) VALUES (10089, 6, 1, "2019-10-30 15:16:16", 2);

INSERT INTO `PRODUCT_has_TRANSACTION`(`PRODUCT_Barcode`, `PRODUCT_Category_Category_id`, `Pieces`, `TRANSACTION_Date_Time`, `TRANSACTION_STORE_STORE_id`) VALUES (10067, 5, 1, "2019-11-07 16:16:16", 2);
INSERT INTO `PRODUCT_has_TRANSACTION`(`PRODUCT_Barcode`, `PRODUCT_Category_Category_id`, `Pieces`, `TRANSACTION_Date_Time`, `TRANSACTION_STORE_STORE_id`) VALUES (10078, 5, 10, "2019-11-07 16:16:16", 2);

INSERT INTO `PRODUCT_has_TRANSACTION`(`PRODUCT_Barcode`, `PRODUCT_Category_Category_id`, `Pieces`, `TRANSACTION_Date_Time`, `TRANSACTION_STORE_STORE_id`) VALUES (10086, 6, 10, "2019-11-17 17:16:16", 3);

INSERT INTO `PRODUCT_has_TRANSACTION`(`PRODUCT_Barcode`, `PRODUCT_Category_Category_id`, `Pieces`, `TRANSACTION_Date_Time`, `TRANSACTION_STORE_STORE_id`) VALUES (10032, 2, 10, "2019-09-06 18:16:16", 1);
INSERT INTO `PRODUCT_has_TRANSACTION`(`PRODUCT_Barcode`, `PRODUCT_Category_Category_id`, `Pieces`, `TRANSACTION_Date_Time`, `TRANSACTION_STORE_STORE_id`) VALUES (10033, 3, 10, "2019-09-06 18:16:16", 1);

INSERT INTO `PRODUCT_has_TRANSACTION`(`PRODUCT_Barcode`, `PRODUCT_Category_Category_id`, `Pieces`, `TRANSACTION_Date_Time`, `TRANSACTION_STORE_STORE_id`) VALUES (10040, 3, 1, "2019-09-17 19:16:16", 3);
INSERT INTO `PRODUCT_has_TRANSACTION`(`PRODUCT_Barcode`, `PRODUCT_Category_Category_id`, `Pieces`, `TRANSACTION_Date_Time`, `TRANSACTION_STORE_STORE_id`) VALUES (10078, 5, 1, "2019-09-17 19:16:16", 3);
INSERT INTO `PRODUCT_has_TRANSACTION`(`PRODUCT_Barcode`, `PRODUCT_Category_Category_id`, `Pieces`, `TRANSACTION_Date_Time`, `TRANSACTION_STORE_STORE_id`) VALUES (10090, 6, 1, "2019-09-17 19:16:16", 3);

INSERT INTO `PRODUCT_has_TRANSACTION`(`PRODUCT_Barcode`, `PRODUCT_Category_Category_id`, `Pieces`, `TRANSACTION_Date_Time`, `TRANSACTION_STORE_STORE_id`) VALUES (10001, 1, 1, "2019-09-28 20:16:16", 3);
INSERT INTO `PRODUCT_has_TRANSACTION`(`PRODUCT_Barcode`, `PRODUCT_Category_Category_id`, `Pieces`, `TRANSACTION_Date_Time`, `TRANSACTION_STORE_STORE_id`) VALUES (10002, 1, 1, "2019-09-28 20:16:16", 3);
INSERT INTO `PRODUCT_has_TRANSACTION`(`PRODUCT_Barcode`, `PRODUCT_Category_Category_id`, `Pieces`, `TRANSACTION_Date_Time`, `TRANSACTION_STORE_STORE_id`) VALUES (10003, 1, 1, "2019-09-28 20:16:16", 3);

INSERT INTO `PRODUCT_has_TRANSACTION`(`PRODUCT_Barcode`, `PRODUCT_Category_Category_id`, `Pieces`, `TRANSACTION_Date_Time`, `TRANSACTION_STORE_STORE_id`) VALUES (10004, 1, 10, "2019-09-30 08:16:16", 2);
INSERT INTO `PRODUCT_has_TRANSACTION`(`PRODUCT_Barcode`, `PRODUCT_Category_Category_id`, `Pieces`, `TRANSACTION_Date_Time`, `TRANSACTION_STORE_STORE_id`) VALUES (10005, 1, 10, "2019-09-30 08:16:16", 2);

INSERT INTO `PRODUCT_has_TRANSACTION`(`PRODUCT_Barcode`, `PRODUCT_Category_Category_id`, `Pieces`, `TRANSACTION_Date_Time`, `TRANSACTION_STORE_STORE_id`) VALUES (10006, 1, 1, "2019-01-03 09:16:16", 2);
INSERT INTO `PRODUCT_has_TRANSACTION`(`PRODUCT_Barcode`, `PRODUCT_Category_Category_id`, `Pieces`, `TRANSACTION_Date_Time`, `TRANSACTION_STORE_STORE_id`) VALUES (10007, 1, 1, "2019-01-03 09:16:16", 2);
INSERT INTO `PRODUCT_has_TRANSACTION`(`PRODUCT_Barcode`, `PRODUCT_Category_Category_id`, `Pieces`, `TRANSACTION_Date_Time`, `TRANSACTION_STORE_STORE_id`) VALUES (10008, 1, 1, "2019-01-03 09:16:16", 2);

INSERT INTO `PRODUCT_has_TRANSACTION`(`PRODUCT_Barcode`, `PRODUCT_Category_Category_id`, `Pieces`, `TRANSACTION_Date_Time`, `TRANSACTION_STORE_STORE_id`) VALUES (10009, 1, 1, "2019-01-13 10:16:16", 3);


INSERT INTO `PRODUCT_has_TRANSACTION`(`PRODUCT_Barcode`, `PRODUCT_Category_Category_id`, `Pieces`, `TRANSACTION_Date_Time`, `TRANSACTION_STORE_STORE_id`) VALUES (10010, 1, 1, "2019-06-18 11:16:16", 3);
INSERT INTO `PRODUCT_has_TRANSACTION`(`PRODUCT_Barcode`, `PRODUCT_Category_Category_id`, `Pieces`, `TRANSACTION_Date_Time`, `TRANSACTION_STORE_STORE_id`) VALUES (10011, 1, 1, "2019-06-18 11:16:16", 3);

INSERT INTO `PRODUCT_has_TRANSACTION`(`PRODUCT_Barcode`, `PRODUCT_Category_Category_id`, `Pieces`, `TRANSACTION_Date_Time`, `TRANSACTION_STORE_STORE_id`) VALUES (10012, 1, 10, "2019-06-20 12:16:16", 8);
INSERT INTO `PRODUCT_has_TRANSACTION`(`PRODUCT_Barcode`, `PRODUCT_Category_Category_id`, `Pieces`, `TRANSACTION_Date_Time`, `TRANSACTION_STORE_STORE_id`) VALUES (10013, 1, 10, "2019-06-20 12:16:16", 8);

INSERT INTO `PRODUCT_has_TRANSACTION`(`PRODUCT_Barcode`, `PRODUCT_Category_Category_id`, `Pieces`, `TRANSACTION_Date_Time`, `TRANSACTION_STORE_STORE_id`) VALUES (10014, 1, 1, "2019-06-26 13:16:16", 3);
INSERT INTO `PRODUCT_has_TRANSACTION`(`PRODUCT_Barcode`, `PRODUCT_Category_Category_id`, `Pieces`, `TRANSACTION_Date_Time`, `TRANSACTION_STORE_STORE_id`) VALUES (10015, 1, 1, "2019-06-26 13:16:16", 3);
INSERT INTO `PRODUCT_has_TRANSACTION`(`PRODUCT_Barcode`, `PRODUCT_Category_Category_id`, `Pieces`, `TRANSACTION_Date_Time`, `TRANSACTION_STORE_STORE_id`) VALUES (10016, 1, 1, "2019-06-26 13:16:16", 3);

INSERT INTO `PRODUCT_has_TRANSACTION`(`PRODUCT_Barcode`, `PRODUCT_Category_Category_id`, `Pieces`, `TRANSACTION_Date_Time`, `TRANSACTION_STORE_STORE_id`) VALUES (10017, 2, 1, "2019-06-29 14:16:16", 3);

INSERT INTO `PRODUCT_has_TRANSACTION`(`PRODUCT_Barcode`, `PRODUCT_Category_Category_id`, `Pieces`, `TRANSACTION_Date_Time`, `TRANSACTION_STORE_STORE_id`) VALUES (10018, 2, 1, "2019-07-03 15:16:16", 3);
INSERT INTO `PRODUCT_has_TRANSACTION`(`PRODUCT_Barcode`, `PRODUCT_Category_Category_id`, `Pieces`, `TRANSACTION_Date_Time`, `TRANSACTION_STORE_STORE_id`) VALUES (10019, 2, 1, "2019-07-03 15:16:16", 3);

INSERT INTO `PRODUCT_has_TRANSACTION`(`PRODUCT_Barcode`, `PRODUCT_Category_Category_id`, `Pieces`, `TRANSACTION_Date_Time`, `TRANSACTION_STORE_STORE_id`) VALUES (10020, 2, 1, "2019-07-13 17:16:16", 2);
INSERT INTO `PRODUCT_has_TRANSACTION`(`PRODUCT_Barcode`, `PRODUCT_Category_Category_id`, `Pieces`, `TRANSACTION_Date_Time`, `TRANSACTION_STORE_STORE_id`) VALUES (10021, 2, 1, "2019-07-13 17:16:16", 2);

INSERT INTO `PRODUCT_has_TRANSACTION`(`PRODUCT_Barcode`, `PRODUCT_Category_Category_id`, `Pieces`, `TRANSACTION_Date_Time`, `TRANSACTION_STORE_STORE_id`) VALUES (10022, 2, 10, "2019-07-23 18:16:16", 2);
INSERT INTO `PRODUCT_has_TRANSACTION`(`PRODUCT_Barcode`, `PRODUCT_Category_Category_id`, `Pieces`, `TRANSACTION_Date_Time`, `TRANSACTION_STORE_STORE_id`) VALUES (10023, 2, 10, "2019-07-23 18:16:16", 2);

INSERT INTO `PRODUCT_has_TRANSACTION`(`PRODUCT_Barcode`, `PRODUCT_Category_Category_id`, `Pieces`, `TRANSACTION_Date_Time`, `TRANSACTION_STORE_STORE_id`) VALUES (10024, 2, 10, "2019-10-19 16:16:16", 2);
INSERT INTO `PRODUCT_has_TRANSACTION`(`PRODUCT_Barcode`, `PRODUCT_Category_Category_id`, `Pieces`, `TRANSACTION_Date_Time`, `TRANSACTION_STORE_STORE_id`) VALUES (10025, 2, 1, "2019-10-19 16:16:16", 2);
INSERT INTO `PRODUCT_has_TRANSACTION`(`PRODUCT_Barcode`, `PRODUCT_Category_Category_id`, `Pieces`, `TRANSACTION_Date_Time`, `TRANSACTION_STORE_STORE_id`) VALUES (10026, 2, 1, "2019-10-19 16:16:16", 2);

INSERT INTO `PRODUCT_has_TRANSACTION`(`PRODUCT_Barcode`, `PRODUCT_Category_Category_id`, `Pieces`, `TRANSACTION_Date_Time`, `TRANSACTION_STORE_STORE_id`) VALUES (10027, 2, 1, "2019-06-07 19:16:16", 2);

INSERT INTO `PRODUCT_has_TRANSACTION`(`PRODUCT_Barcode`, `PRODUCT_Category_Category_id`, `Pieces`, `TRANSACTION_Date_Time`, `TRANSACTION_STORE_STORE_id`) VALUES (10028, 2, 10, "2019-06-19 19:16:16", 2);
INSERT INTO `PRODUCT_has_TRANSACTION`(`PRODUCT_Barcode`, `PRODUCT_Category_Category_id`, `Pieces`, `TRANSACTION_Date_Time`, `TRANSACTION_STORE_STORE_id`) VALUES (10029, 2, 10, "2019-06-19 19:16:16", 2);

INSERT INTO `PRODUCT_has_TRANSACTION`(`PRODUCT_Barcode`, `PRODUCT_Category_Category_id`, `Pieces`, `TRANSACTION_Date_Time`, `TRANSACTION_STORE_STORE_id`) VALUES (10030, 2, 1, "2020-06-27 19:16:16", 2);
INSERT INTO `PRODUCT_has_TRANSACTION`(`PRODUCT_Barcode`, `PRODUCT_Category_Category_id`, `Pieces`, `TRANSACTION_Date_Time`, `TRANSACTION_STORE_STORE_id`) VALUES (10032, 2, 10, "2020-06-27 19:16:16", 2);

INSERT INTO `PRODUCT_has_TRANSACTION`(`PRODUCT_Barcode`, `PRODUCT_Category_Category_id`, `Pieces`, `TRANSACTION_Date_Time`, `TRANSACTION_STORE_STORE_id`) VALUES (10033, 3, 1, "2019-01-04 09:11:16", 3);
INSERT INTO `PRODUCT_has_TRANSACTION`(`PRODUCT_Barcode`, `PRODUCT_Category_Category_id`, `Pieces`, `TRANSACTION_Date_Time`, `TRANSACTION_STORE_STORE_id`) VALUES (10034, 3, 1, "2019-01-04 09:11:16", 3);

INSERT INTO `PRODUCT_has_TRANSACTION`(`PRODUCT_Barcode`, `PRODUCT_Category_Category_id`, `Pieces`, `TRANSACTION_Date_Time`, `TRANSACTION_STORE_STORE_id`) VALUES (10035, 3, 10, "2019-01-16 08:15:16", 3);
INSERT INTO `PRODUCT_has_TRANSACTION`(`PRODUCT_Barcode`, `PRODUCT_Category_Category_id`, `Pieces`, `TRANSACTION_Date_Time`, `TRANSACTION_STORE_STORE_id`) VALUES (10036, 3, 1, "2019-01-16 08:15:16", 3);
INSERT INTO `PRODUCT_has_TRANSACTION`(`PRODUCT_Barcode`, `PRODUCT_Category_Category_id`, `Pieces`, `TRANSACTION_Date_Time`, `TRANSACTION_STORE_STORE_id`) VALUES (10037, 3, 10, "2019-01-16 08:15:16", 3);

INSERT INTO `PRODUCT_has_TRANSACTION`(`PRODUCT_Barcode`, `PRODUCT_Category_Category_id`, `Pieces`, `TRANSACTION_Date_Time`, `TRANSACTION_STORE_STORE_id`) VALUES (10039, 3, 1, "2019-01-19 20:16:16", 3);

INSERT INTO `PRODUCT_has_TRANSACTION`(`PRODUCT_Barcode`, `PRODUCT_Category_Category_id`, `Pieces`, `TRANSACTION_Date_Time`, `TRANSACTION_STORE_STORE_id`) VALUES (10040, 3, 1, "2019-12-13 20:16:16", 1);
INSERT INTO `PRODUCT_has_TRANSACTION`(`PRODUCT_Barcode`, `PRODUCT_Category_Category_id`, `Pieces`, `TRANSACTION_Date_Time`, `TRANSACTION_STORE_STORE_id`) VALUES (10041, 3, 1, "2019-12-13 20:16:16", 1);

INSERT INTO `PRODUCT_has_TRANSACTION`(`PRODUCT_Barcode`, `PRODUCT_Category_Category_id`, `Pieces`, `TRANSACTION_Date_Time`, `TRANSACTION_STORE_STORE_id`) VALUES (10042, 3, 1, "2019-12-23 08:16:16", 1);
INSERT INTO `PRODUCT_has_TRANSACTION`(`PRODUCT_Barcode`, `PRODUCT_Category_Category_id`, `Pieces`, `TRANSACTION_Date_Time`, `TRANSACTION_STORE_STORE_id`) VALUES (10043, 3, 1, "2019-12-23 08:16:16", 1);

INSERT INTO `PRODUCT_has_TRANSACTION`(`PRODUCT_Barcode`, `PRODUCT_Category_Category_id`, `Pieces`, `TRANSACTION_Date_Time`, `TRANSACTION_STORE_STORE_id`) VALUES (10044, 3, 1, "2019-12-30 09:16:16", 1);
INSERT INTO `PRODUCT_has_TRANSACTION`(`PRODUCT_Barcode`, `PRODUCT_Category_Category_id`, `Pieces`, `TRANSACTION_Date_Time`, `TRANSACTION_STORE_STORE_id`) VALUES (10045, 3, 1, "2019-12-30 09:16:16", 1);


